batch_id,cycles,temperature,sulfur_ppm,pH,ash,quality_score
BS001,9.0,850.0,1.1,10.6,0.25,88.05
BS002,6.0,780.0,2.3,9.8,0.42,87.48
BS003,9.0,900.0,0.9,10.9,0.2,88.0
BS004,6.0,750.0,3.1,9.2,0.55,87.15
BS005,9.0,880.0,1.0,10.7,0.22,88.08
BS006,9.0,850.0,3.1,9.0,10.0,77.9
BS007,9.0,799.0,5.0,9.0,50.0,36.0
BS008,9.0,853.6615053,1.652095646,9.259222839,3.607525014,85.4811565
BS009,9.0,801.7859453,2.632531208,9.56694787,6.99314344,80.80737748
BS010,9.0,888.7037391,2.162833753,9.959843339,9.658569849,78.21875306
BS011,9.0,816.3080903,1.135964243,10.56377532,2.261209712,86.03905073
BS012,9.0,833.9981184,2.278486715,9.453829255,3.429614062,84.83806997
BS013,9.0,785.5874802,2.978956266,10.82781542,0.443292345,85.74993597
BS014,9.0,803.9352895,2.133117122,9.940664791,2.496541882,85.42967621
BS015,9.0,823.7220865,1.679225303,10.42434148,8.683600446,79.21283277
BS016,9.0,806.0902056,3.096376717,10.13866809,6.065327894,80.6996273
BS017,9.0,825.275852,1.338651482,10.2154748,5.112595071,83.33327865
BS018,9.0,878.2122078,1.632921362,10.79020998,1.222575901,86.35429276
BS019,9.0,831.0412197,0.994384217,9.982170437,8.972965793,80.05047955
BS020,9.0,767.3979021,1.930639132,9.93502251,4.214539414,83.91979894
BS021,9.0,773.0864992,2.817154779,9.081138287,1.767910265,86.33379667
BS022,9.0,859.9079082,1.771351983,10.62258677,3.078185239,84.52787601
BS023,9.0,843.6828948,2.294670166,9.509081872,8.385795673,79.81045229
BS024,9.0,880.8128047,1.198279984,9.532577361,4.773505895,84.49563676
BS025,9.0,819.5248545,1.601529833,9.554034747,4.999669581,83.84476584
BS026,9.0,878.34874,1.179519867,9.363496392,8.378019611,81.07896413
BS027,9.0,833.7844982,2.425244289,10.08198192,9.500778154,77.99199564
BS028,9.0,826.3371355,3.021367069,9.176709075,1.727675888,86.07424797
BS029,9.0,844.4217966,1.997058937,10.7238301,0.443287963,86.835823
BS030,9.0,819.9889597,1.689654929,10.14271366,1.501159472,86.66647194
BS031,9.0,790.505352,1.33230835,10.80343268,2.113150294,85.75110868
BS032,9.0,769.4630289,1.532768121,10.14191782,9.822568389,78.50274567
BS033,9.0,866.6375129,2.159262753,10.20376925,1.676846018,85.96012198
BS034,9.0,754.0665491,1.940725873,9.721648986,8.996138737,79.3414864
BS035,9.0,759.7239388,1.219124692,9.263690033,8.685311337,80.83187394
BS036,9.0,885.1013524,1.42755325,9.113870751,5.717524409,83.74105159
BS037,9.0,788.430575,2.070298467,10.2490514,4.324412157,83.35623798
BS038,9.0,761.0013368,0.945323625,9.755862048,1.940344945,87.35846938
BS039,9.0,782.2242842,2.228846607,9.745256096,1.788749011,86.23714829
BS040,9.0,766.6286933,2.232357212,10.46390747,5.966394189,81.33734113
BS041,9.0,882.5576352,1.932756753,10.68819807,4.301756347,83.07728883
BS042,9.0,755.2578622,2.150670575,10.14054499,9.174989404,78.53379503
BS043,9.0,867.0591843,1.117889152,10.65974677,7.663899489,80.55846459
BS044,9.0,889.9154427,2.106938321,9.063799082,2.435329139,86.39393346
BS045,9.0,828.0636954,1.309561154,10.13916914,6.298463489,82.25280622
BS046,9.0,884.5773149,1.032555883,9.751952512,1.177045591,88.03844601
BS047,9.0,814.7139189,2.47737859,10.45938911,3.626987411,83.43624489
BS048,9.0,896.8282992,2.769009687,9.804639079,6.688097299,80.73825394
BS049,9.0,864.314754,2.05504095,9.437107928,7.407457406,81.10039372
BS050,9.0,797.6461965,1.823465778,10.57498069,9.115365449,78.48618808
BS051,9.0,774.2910157,1.271316165,9.227496234,1.373234481,88.12795312
BS052,9.0,779.6414574,1.651273335,10.32607802,2.321008723,85.70163992
BS053,9.0,788.8843373,1.792844487,9.062042697,2.031656336,87.11345648
BS054,9.0,768.1106289,1.783269181,9.300560299,4.935893678,83.98027684
BS055,9.0,765.977721,2.679056777,10.8450185,7.159274621,79.3166501
BS056,9.0,761.1856985,2.889721457,9.766802574,8.822691013,78.52078496
BS057,9.0,781.946121,1.074514495,10.12064142,1.715526196,87.08931789
BS058,9.0,829.4737997,2.459313235,10.61274086,7.81860451,79.1093414
BS059,9.0,804.701954,1.373721197,10.2384788,0.456195648,87.93160436
BS060,9.0,800.4700384,2.954269693,9.456002405,3.442088887,84.14763902
BS061,9.0,822.8574773,2.131114137,10.17392074,6.477968712,81.21699641
BS062,9.0,818.0310836,1.127803353,10.13548685,3.113283476,85.62342632
BS063,9.0,752.7956895,2.606862635,9.432676016,0.929892239,87.03056911
BS064,9.0,828.7966879,2.788148768,9.660521648,6.188919366,81.36241022
BS065,9.0,875.1393696,2.746208146,10.73512249,3.781340187,82.73732918
BS066,9.0,802.3268122,2.504726527,9.867030653,9.709345336,77.91889748
BS067,9.0,871.6235899,2.623723142,9.138531445,2.998960485,85.23878493
BS068,9.0,820.8398939,2.393550875,10.73776728,6.949028922,79.91965292
BS069,9.0,855.1158629,2.782285782,9.102495365,3.893924795,84.22129406
BS070,9.0,754.0028472,1.92327254,10.28248395,7.186426878,80.60781663
BS071,9.0,892.6454493,2.338766205,10.59089529,8.423638687,78.64669982
BS072,9.0,848.8119139,2.832496546,10.61319241,6.255035216,80.29927583
BS073,9.0,837.3610117,1.115288932,10.29772952,3.31415981,85.27282174
BS074,9.0,771.3302221,1.995117701,10.89390975,4.684861425,82.42611112
BS075,9.0,755.1029711,2.179637969,10.62629948,4.475192523,82.71887003
BS076,9.0,756.6065548,2.851337101,10.66580117,1.04538834,85.43747339
BS077,9.0,899.725321,2.367645324,9.534177779,7.934893817,80.16328308
BS078,9.0,798.4006913,1.14749881,9.463006814,2.619599913,86.76989446
BS079,9.0,799.899331,2.082863702,9.900306083,3.074487749,84.94234247
BS080,9.0,794.9753626,1.333387824,9.580262738,3.223866769,85.86248267
BS081,9.0,822.5770175,1.398894616,10.73353022,3.277423677,84.59015149
BS082,9.0,833.2837403,2.749389451,10.27210517,7.186694003,79.79181138
BS083,9.0,750.4258788,2.319248294,10.88153778,9.886143137,76.91307079
BS084,9.0,892.9554659,1.490968323,9.867574612,9.999422408,78.64203466
BS085,9.0,793.5050949,2.240820654,10.35508292,1.556827556,85.84726887
BS086,9.0,860.6032375,2.301804669,9.913219283,4.417500177,83.36747587
BS087,9.0,870.865389,1.903709586,10.72706525,3.310876816,84.05834835
BS088,9.0,841.7795941,2.726804492,10.44018339,8.029693544,78.80331857
BS089,9.0,766.3655827,2.971549166,10.23568542,6.147121254,80.64564416
BS090,9.0,885.9299247,3.048197186,10.66012674,4.007527626,82.28414845
BS091,9.0,833.9687259,1.841759655,9.61288482,0.410018828,88.1353367
BS092,9.0,861.9908608,2.416100671,10.3089837,9.475774939,77.79914069
BS093,9.0,854.4899713,2.92183202,9.540068478,7.749893848,79.78820565
BS094,9.0,830.9981271,1.148777127,9.029630163,4.511945844,85.30964687
BS095,9.0,827.3191761,1.839777265,9.334762036,3.719952984,85.10550772
BS096,9.0,797.1579656,2.379146029,9.809362718,9.433241508,78.37824975
BS097,9.0,784.1378242,1.758988229,10.2224386,1.555524306,86.46304887
BS098,9.0,816.5566811,2.95680659,10.67151953,9.123462944,77.24821094
BS099,9.0,834.9321147,2.408630603,10.69443969,6.857621542,80.03930817
BS100,9.0,789.7242409,2.225863235,10.45222609,9.390300411,77.93161026
BS101,9.0,791.8342676,1.689902944,10.50470751,9.911500093,77.89388945
BS102,9.0,762.3316528,2.396705913,10.73690969,5.496533243,81.36985115
BS103,9.0,887.2178713,2.979740628,9.156111443,1.184011024,86.68013691
BS104,9.0,776.239677,0.930983076,10.85473157,2.808379357,85.405906
BS105,9.0,827.3207534,2.013984361,10.48324732,6.204856369,81.29791195
BS106,9.0,811.8633146,2.052350658,10.21535976,2.256781333,85.47550825
BS107,9.0,850.6646813,0.92815904,9.571646476,9.290637413,80.20955707
BS108,9.0,854.3864056,1.297897408,10.36301588,8.912423546,79.42666317
BS109,9.0,878.2548459,2.014097993,9.212396668,0.960124001,87.81338134
BS110,9.0,864.9834576,1.849118492,10.58796907,1.314170354,86.24874208
BS111,9.0,833.7483258,1.537043631,10.64001335,9.431270177,78.39167284
BS112,9.0,799.6431642,2.432015102,10.8014347,3.8107123,82.9558379
BS113,9.0,803.4961625,2.400187463,9.543760045,2.507656803,85.54839569
BS114,9.0,860.6510502,3.075800785,9.106123268,5.615335668,82.20274028
BS115,9.0,797.9009226,2.578489994,9.336828771,6.161508756,81.92317248
BS116,9.0,782.1041355,1.700268178,10.65205681,6.994895539,80.65277947
BS117,9.0,842.7637373,1.254830511,10.2001804,8.167998855,80.37699023
BS118,9.0,879.8914618,2.445778623,9.766795678,8.529543207,79.25788249
BS119,9.0,896.0137313,1.523715938,9.817270112,7.665859668,80.99315428
BS120,9.0,879.1850229,1.619866343,10.69516655,7.254580335,80.43038677
BS121,9.0,806.6571058,1.019653188,10.35484671,3.128088106,85.497412
BS122,9.0,861.1700207,2.012129626,10.84046023,3.455949497,83.69146065
BS123,9.0,804.621751,2.802959156,9.57850741,2.066329967,85.55220347
BS124,9.0,805.1966893,1.479551782,9.566408539,7.787118633,81.16692105
BS125,9.0,802.9778558,1.484122328,9.477265993,8.93078372,80.10782796
BS126,9.0,815.7652844,1.47790344,10.58925116,4.281284648,83.65156075
BS127,9.0,840.5268304,1.475391229,9.527545051,4.917073544,84.07999018
BS128,9.0,857.8464988,0.93428136,10.52995522,5.633959752,82.90180367
BS129,9.0,849.1486317,1.23228298,10.5476393,3.645792488,84.57428523
BS130,9.0,868.2006748,2.776503468,9.472792575,4.407218087,83.34348587
BS131,9.0,866.2722603,2.921589285,9.529661049,8.037121699,79.51162797
BS132,9.0,888.8772396,2.668353432,10.32572184,4.312323913,82.69360082
BS133,9.0,750.6058394,2.098651981,10.70204446,3.126022438,84.07328112
BS134,9.0,873.137448,1.671947784,10.55469733,5.555920463,82.21743442
BS135,9.0,819.2732074,2.214595544,10.63694739,7.919878059,79.22857901
BS136,9.0,882.6219232,1.645387034,9.039553279,0.892395033,88.42266465
BS137,9.0,805.1765592,2.36986133,9.934744027,3.89882134,83.7965733
BS138,9.0,872.9071807,1.538452593,9.18378375,8.658222177,80.61954148
BS139,9.0,881.5219656,2.492058715,9.6351796,5.409384066,82.46337762
BS140,9.0,843.3487832,2.664655438,9.520183833,1.041562054,86.77359868
BS141,9.0,804.7087299,1.580627485,10.11947986,0.886155974,87.41373668
BS142,9.0,885.9623787,2.302248279,9.073400637,1.245696151,87.37865493
BS143,9.0,832.1954831,2.67520056,10.75379651,0.604953234,85.9660497
BS144,9.0,810.1467561,2.604727988,9.165631508,0.777503428,87.45213708
BS145,9.0,814.9668135,2.152366984,9.569419067,9.858289788,78.41992416
BS146,9.0,826.4279711,2.666991225,9.919527257,0.733817717,86.6796638
BS147,9.0,866.0476102,1.980973378,10.35333018,5.00954794,82.6561485
BS148,9.0,847.7902052,2.923124027,10.50477794,2.191230758,84.38086728
BS149,9.0,849.724637,2.764476587,9.559840944,9.191500713,78.48418176
BS150,9.0,809.5647889,3.002585242,10.09043011,0.779000728,86.12798392
BS151,9.0,784.1036809,1.727494883,10.26651107,1.561427146,86.4445669
BS152,9.0,853.8311559,1.215681499,10.41977591,8.497433925,79.86710867
BS153,9.0,887.5976701,2.819771826,9.777587264,0.384684975,87.01795594
BS154,9.0,852.9074478,2.191749856,10.59404367,6.802082104,80.41212437
BS155,9.0,820.0952691,1.377687063,10.50909534,7.177179316,80.93603828
BS156,9.0,884.0901054,1.248663256,9.643793744,9.103187137,80.00435586
BS157,9.0,872.7670784,3.064726176,10.64223376,7.544719048,78.74832102
BS158,9.0,799.4078884,2.098389213,9.40744104,6.909872443,81.5842973
BS159,9.0,786.699053,0.941182497,10.1103507,7.523145877,81.42532093
BS160,9.0,813.7383151,1.046134337,10.50669687,2.542429467,85.90473933
BS161,9.0,852.0670032,0.950658383,9.59440707,8.045006388,81.40992816
BS162,9.0,815.5309292,2.003453956,9.272769961,5.992072384,82.7317037
BS163,9.0,766.8732765,1.273833704,9.323930052,0.811150411,88.59108583
BS164,9.0,875.5855431,3.019707213,9.516132772,7.372277774,80.09188224
BS165,9.0,791.448439,1.409888942,10.2040909,4.822474503,83.56354566
BS166,9.0,869.0432354,2.08894278,10.32301404,6.536201223,81.05184196
BS167,9.0,772.5082901,2.971864953,10.84071473,9.381331179,76.80608914
BS168,9.0,779.8743871,3.007820221,9.701240306,9.723968405,77.56697107
BS169,9.0,763.6774694,1.452187251,9.541038554,1.53056386,87.47621034
BS170,9.0,855.4271575,2.691706817,9.769573224,7.122366522,80.41635344
BS171,9.0,814.0327835,2.676924137,10.01308566,9.157916936,78.15207327
BS172,9.0,782.1945279,1.007033887,10.09056896,0.322403976,88.57999318
BS173,9.0,847.0691004,2.048141109,10.69727061,6.52820608,80.7263822
BS174,9.0,875.6703335,2.274383071,9.17437562,1.144086448,87.40715486
BS175,9.0,768.9769304,2.985247589,10.22311867,8.63526336,78.15637038
BS176,9.0,750.1903325,2.607550944,9.851786266,4.423738794,83.116924
BS177,9.0,834.9743165,2.754071295,10.58610452,1.95331225,84.70651194
BS178,9.0,884.922912,1.488799167,9.303247012,0.532107905,88.67584592
BS179,9.0,818.1988736,2.616843854,9.090673034,7.782952635,80.50953048
BS180,9.0,757.7315828,2.472041305,9.844147813,9.056783395,78.62702749
BS181,9.0,807.6195717,0.944556614,9.333307118,8.770652267,80.951484
BS182,9.0,811.8678345,2.811561743,10.64733347,2.414978391,84.1261264
BS183,9.0,893.2192287,2.602589032,9.014170712,2.724223661,85.6590166
BS184,9.0,785.0752446,2.312985565,9.276670134,9.0255599,79.3847844
BS185,9.0,875.9169787,2.00248272,9.639751006,7.057728046,81.30003823
BS186,9.0,756.7409718,2.738670496,9.350172165,5.774331728,82.13682561
BS187,9.0,878.5682629,1.523048292,10.51634119,9.842136723,78.1184738
BS188,9.0,803.118758,2.582457681,9.786122258,1.783490323,85.84792974
BS189,9.0,799.1005367,2.807987103,9.784549287,0.397110191,87.01035342
BS190,9.0,807.7575516,1.810643013,10.05884639,2.09045406,86.04005654
BS191,9.0,806.0410071,2.790668703,9.726574689,5.736380683,81.74637593
BS192,9.0,833.5949057,2.208618926,9.206424871,3.867057579,84.71789862
BS193,9.0,810.9077712,1.205008076,9.809004661,6.935588672,82.05039859
BS194,9.0,755.2955818,2.305718217,9.045924684,7.501875795,81.1464813
BS195,9.0,850.9046354,1.598523049,10.38394341,4.448263907,83.56926963
BS196,9.0,879.7016532,1.659497547,9.826027934,5.292654309,83.22182021
BS197,9.0,873.8915645,1.66601365,10.86224872,3.40174492,84.06999271
BS198,9.0,820.5466788,2.016669664,9.988266468,8.412577016,79.58248685
BS199,9.0,784.5727604,1.740883481,10.0653779,2.320255138,85.87348348
BS200,9.0,845.0845507,1.299527466,10.27330224,5.324674247,83.10249605
BS201,9.0,804.6083534,2.860661062,9.674772107,5.079224688,82.38534214
BS202,9.0,881.8987469,2.877884629,9.284393446,8.279968586,79.55775334
BS203,9.0,802.3092618,0.986703166,9.945491595,0.677064844,88.3907404
BS204,9.0,859.7522322,1.605858212,10.18741018,4.053768383,84.15296323
BS205,9.0,829.1105418,1.593065704,9.931199769,1.507505269,86.96822926
BS206,9.0,820.2498866,1.142724225,9.916869365,6.051372709,82.8890337
BS207,9.0,899.1945604,1.96547195,9.325976931,3.133225983,85.57532514
BS208,9.0,866.0625678,1.254762961,9.421815799,7.36732167,81.95609957
BS209,9.0,817.2384807,2.908102262,9.893606276,8.644634326,78.55365714
BS210,9.0,782.2812623,1.478941543,9.84367724,7.633755801,81.04362542
BS211,9.0,776.1673846,1.786348106,9.472976682,5.488013407,83.25266181
BS212,9.0,812.7330785,1.517690329,10.66256392,5.158715666,82.66103009
BS213,9.0,766.3222593,2.414521597,9.16958713,3.893093015,84.52279826
BS214,9.0,889.1315002,2.026777102,9.678736035,5.896032253,82.39845461
BS215,9.0,782.8833421,2.368659949,9.98459143,8.213589467,79.43315915
BS216,9.0,870.3719816,2.13230915,10.00711739,4.518059477,83.34251398
BS217,9.0,861.3681217,1.163719349,9.477577643,8.096368995,81.26233401
BS218,9.0,868.0424653,2.093564909,9.954138281,0.937248822,87.01504799
BS219,9.0,869.4863162,2.642483384,10.11167316,4.590837153,82.6550063
BS220,9.0,774.8971385,0.992921838,10.8525428,9.785858701,78.36867666
BS221,9.0,846.0599054,2.700900119,9.294019997,9.377495723,78.62758416
BS222,9.0,810.2480411,2.743842363,10.39520565,5.666432815,81.19451917
BS223,9.0,860.9581655,1.297730463,10.7283287,2.883007135,85.0909337
BS224,9.0,827.1242019,1.84108721,10.77866319,5.696109193,81.68414041
BS225,9.0,882.5990837,3.080640738,9.741444146,3.566166828,83.61174829
BS226,9.0,794.6722034,1.243376172,9.741050812,7.87470366,81.14086936
BS227,9.0,809.6730025,1.62567071,9.864692346,4.683782288,83.82585466
BS228,9.0,833.8547163,0.910991527,9.622706466,3.465712372,86.00058964
BS229,9.0,863.4250551,1.276115616,9.858753465,6.777958467,82.08717245
BS230,9.0,795.4033594,2.53517883,10.63214159,4.942837509,81.88984207
BS231,9.0,823.0906991,2.092529279,10.72461743,7.200973122,79.98188017
BS232,9.0,790.4841698,2.412919156,10.18432851,4.59486128,82.80789105
BS233,9.0,881.8024413,1.004382066,9.669369914,2.836968419,86.4892796
BS234,9.0,771.8899295,2.599200058,10.87449625,4.649520293,81.8767834
BS235,9.0,872.459635,1.690065715,9.91211982,7.906429422,80.49138504
BS236,9.0,765.7986318,1.910361998,9.465280297,1.74860028,86.87575743
BS237,9.0,817.4646578,1.222074283,9.868824312,9.049525788,79.85957562
BS238,9.0,788.5276174,2.352350585,10.29761479,6.830456349,80.51957828
BS239,9.0,874.4731305,0.95066309,10.06650274,1.385663986,87.59717018
BS240,9.0,844.5059971,2.277876789,10.64778476,5.985666564,81.08867189
BS241,9.0,847.957174,2.986319665,10.46365265,9.284433884,77.2655938
BS242,9.0,855.018022,2.471151069,10.85171494,6.670020751,80.00711324
BS243,9.0,856.822805,1.068728517,9.931595756,3.554382812,85.44529292
BS244,9.0,886.4919918,2.423695846,10.47795491,8.833243497,78.26510575
BS245,9.0,752.5847491,1.401124358,9.065255676,7.513812917,82.01980705
BS246,9.0,805.4414785,2.056124951,9.214477424,8.41878675,80.31061088
BS247,9.0,764.2798228,2.563629348,10.68889742,5.415865295,81.33160794
BS248,9.0,896.2419823,1.270580172,10.33479745,4.902935739,83.49168664
BS249,9.0,821.8134547,1.496505713,10.08269405,4.304192612,84.11660763
BS250,9.0,764.7614376,2.69305831,9.849887979,5.532054591,81.92499912
BS251,9.0,855.5211318,2.514364616,9.426925267,1.883190253,86.17551986
BS252,9.0,858.0131336,2.84246132,10.48063301,3.633399752,83.04350592
BS253,9.0,765.4621001,1.262236085,10.39771579,5.891540385,82.44850774
BS254,9.0,831.0139161,1.361680508,10.69275776,1.697162157,86.24839958
BS255,9.0,781.8463912,1.485350915,9.32923231,3.467107532,85.71830924
BS256,9.0,861.3521909,2.357664216,10.32534549,2.397323843,84.91966645
BS257,9.0,878.1006475,0.978669211,9.704147416,8.269106376,81.048077
BS258,9.0,832.7938416,1.12993647,10.59523927,8.699450093,79.57537417
BS259,9.0,793.5999585,2.607676656,9.70018187,9.092198557,78.59994292
BS260,9.0,823.6646059,1.825942671,10.08420175,4.011591065,84.07826451
BS261,9.0,899.8932749,1.373601898,10.22461827,5.751300907,82.65047893
BS262,9.0,807.8901571,2.276052875,10.03250893,1.087096746,86.60434145
BS263,9.0,768.3290175,2.676879878,9.585660888,1.584175334,86.1532839
BS264,9.0,883.4418563,3.029437652,9.151657131,1.52619055,86.29271467
BS265,9.0,871.6443463,1.184499071,10.80732835,1.599410302,86.40876228
BS266,9.0,754.9225716,2.60334386,10.16727473,3.660943784,83.56843763
BS267,9.0,757.5785288,1.787372275,9.770142916,1.483777001,86.95870781
BS268,9.0,866.3919219,2.519045972,10.28447328,0.719425799,86.47705495
BS269,9.0,871.8290024,1.645396232,9.971545968,1.212229008,87.17082879
BS270,9.0,866.2252174,2.694784766,10.36246348,0.856833203,86.08591855
BS271,9.0,825.4789729,2.018198879,10.12635086,1.211944626,86.64350564
BS272,9.0,772.4779256,2.955860804,10.68414298,1.516261461,84.84373476
BS273,9.0,847.0147457,1.728651314,9.592403282,1.26032507,87.41862033
BS274,9.0,875.361882,1.896758189,10.62911224,6.676897002,80.79723257
BS275,9.0,837.1564084,1.889319353,10.08790745,9.804027867,78.21874533
BS276,9.0,796.26657,2.017936827,9.024608942,9.647173449,79.31028078
BS277,9.0,788.8329522,1.156510313,10.34053192,2.010037227,86.49292054
BS278,9.0,765.7176246,1.73311187,10.49154766,8.520288969,79.2550515
BS279,9.0,766.6206819,2.546096336,10.80883693,2.491944502,84.15312223
BS280,9.0,805.6996041,1.926703927,9.556199805,8.850022679,79.66707359
BS281,9.0,833.3372015,2.890981366,9.027135003,2.159919477,85.92196415
BS282,9.0,807.5112729,2.857727767,10.80242476,6.140451735,80.19939574
BS283,9.0,830.2835861,3.033260323,9.898361479,1.771210921,85.29716728
BS284,9.0,783.7978946,2.179878155,10.84573606,6.216867053,80.75751873
BS285,9.0,786.3193678,2.54876777,10.27491736,6.143828236,81.03248663
BS286,9.0,849.5825432,1.512496588,10.62891341,9.202899813,78.65569019
BS287,9.0,810.304048,2.566624536,9.285024638,1.094607372,87.05374345
BS288,9.0,829.1166658,1.119541176,10.09808813,7.896840032,80.88553066
BS289,9.0,885.2158109,1.495496386,9.038075268,0.433987891,89.03244046
BS290,9.0,841.8512277,1.071034783,10.41275527,2.274708731,86.24150122
BS291,9.0,804.7929673,2.010428745,10.40382295,4.094478517,83.49126979
BS292,9.0,771.6894889,3.094083076,9.237189813,6.721330419,80.94739669
BS293,9.0,817.5451443,1.019940899,9.567788809,2.125892718,87.28637757
BS294,9.0,809.3454294,1.608721281,10.77543008,0.781818287,86.83403035
BS295,9.0,808.9005025,1.900666989,10.30061581,7.176281714,80.62243549
BS296,9.0,810.8464288,1.068070697,9.817594158,8.794621769,80.31971338
BS297,9.0,847.6335964,2.890016067,9.238350589,9.003221923,78.86841142
BS298,9.0,811.6955779,2.79483086,10.18033763,5.543297041,81.48153447
BS299,9.0,783.9512388,1.834904916,10.67554638,7.013762308,80.4757864
BS300,9.0,892.6870198,2.435258206,9.66001829,4.324715293,83.58000821
BS301,9.0,814.809528,2.268068488,9.633099439,5.579901555,82.51893052
BS302,9.0,796.38068,2.449183314,10.29168113,0.269885307,86.98925025
BS303,9.0,792.8963204,2.357263704,10.17127748,5.287278332,82.18418048
BS304,9.0,864.91862,1.350747709,10.72800447,4.64938211,83.27186571
BS305,9.0,850.7450817,0.995262495,9.561666217,3.76589083,85.67718046
BS306,9.0,898.1361485,2.121884843,10.77233464,6.745392712,80.36038781
BS307,9.0,805.5082965,2.057403627,9.803698179,6.67291849,81.4659797
BS308,9.0,815.5940048,2.437219841,9.324387968,0.520967901,87.71742429
BS309,9.0,759.7701253,2.258871793,9.314761746,4.659348132,83.76701833
BS310,9.0,792.8834079,1.281682541,9.054777666,6.566163332,83.09737646
BS311,9.0,771.1792753,2.205486795,9.003830553,6.319732458,82.47095019
BS312,9.0,824.8186212,2.699698966,9.434060494,3.570836613,84.29540393
BS313,9.0,811.3870756,1.939588714,9.913762991,2.188745987,85.95790231
BS314,9.0,863.2757698,2.908212597,9.990276513,9.732406407,77.36910448
BS315,9.0,845.9367438,1.724895114,9.632273972,2.6475373,85.99529361
BS316,9.0,867.8067713,1.834009987,9.742181517,7.646180305,80.77762819
BS317,9.0,835.4134231,2.307238296,10.39633883,7.099244405,80.19717847
BS318,9.0,826.1373013,1.916834931,10.7701869,1.725906741,85.58707143
BS319,9.0,779.1929354,1.72084871,9.107691349,7.932613095,81.23884685
BS320,9.0,773.3614138,1.127250903,9.444285893,0.393681541,89.03478166
BS321,9.0,756.9209016,1.169610586,10.5228868,0.541457681,87.76604493
BS322,9.0,754.2804179,1.420346913,10.33488337,3.438267599,84.80650212
BS323,9.0,875.7112256,2.921515634,9.47044835,4.712129689,82.89590633
BS324,9.0,849.4952534,1.043013994,9.340083361,4.038822652,85.57807999
BS325,9.0,849.6235508,1.630960648,9.987981602,5.679697047,82.7013607
BS326,9.0,844.2936526,3.047631265,9.90584564,1.103317244,85.94320585
BS327,9.0,758.2812612,1.786123066,9.531365581,3.28229067,85.40022068
BS328,9.0,874.9906656,1.829317465,10.52539756,3.66018182,83.98510316
BS329,9.0,875.4649936,1.115890114,10.47898631,5.301496873,83.1036267
BS330,9.0,791.883471,1.548537093,10.54351942,4.59839696,83.30954653
BS331,9.0,751.7560208,2.576688348,10.2361466,9.432629285,77.75453577
BS332,9.0,778.1575359,2.983165291,9.558278694,8.204147116,79.2544089
BS333,9.0,778.1419867,2.324330951,10.77851233,7.964568417,78.9325883
BS334,9.0,898.9346483,1.576377646,9.720509754,1.56736709,87.13574551
BS335,9.0,834.6212719,1.083423603,9.826907032,3.00983709,86.07983228
BS336,9.0,795.3614584,1.226030179,10.89015961,8.521480839,79.36232937
BS337,9.0,781.8242171,2.036169126,10.7528343,7.364986563,79.84601001
BS338,9.0,860.2356583,0.905719343,10.74833258,1.708593312,86.63735477
BS339,9.0,839.7495663,1.07996134,9.228682065,9.864651867,79.82670473
BS340,9.0,830.6354876,2.579635878,9.742759258,8.148681589,79.52892328
BS341,9.0,862.4478143,1.093026921,9.329915221,0.417499006,89.15955885
BS342,9.0,878.3196401,1.473876164,9.11689543,3.347052407,86.062176
BS343,9.0,856.5296959,1.061837935,9.985366882,1.8940156,87.05877958
BS344,9.0,763.6815344,2.498791512,10.26706352,6.534645062,80.69949991
BS345,9.0,866.5885939,1.963919771,9.171680193,7.050081523,81.81431851
BS346,9.0,813.7269793,1.959093014,9.452949461,0.34990911,88.23804842
BS347,9.0,886.2000027,1.064160227,10.85463768,1.018418649,87.06278344
BS348,9.0,896.0927243,1.949728457,10.62139788,3.266112361,84.1627613
BS349,9.0,824.3076889,1.85725839,10.11994385,6.549355321,81.47344244
BS350,9.0,890.638379,1.269605872,9.456106102,2.370517188,86.90377084
BS351,9.0,754.9912351,1.051408782,9.33596916,2.284793675,87.32782838
BS352,9.0,769.4249463,1.269020814,9.448406239,6.812462666,82.47011028
BS353,9.0,751.7718581,2.223334368,10.44585102,3.494501621,83.83631299
BS354,9.0,874.5487226,1.55661107,9.822145944,7.538831728,81.08241126
BS355,9.0,756.4776014,2.509139906,9.53906155,9.979325869,77.97247268
BS356,9.0,895.1401108,2.256245873,9.003611557,7.94441005,80.79573252
BS357,9.0,875.5585631,2.213948084,9.399852657,0.741508976,87.64469028
BS358,9.0,761.6616353,1.707365847,9.639706224,1.859010464,86.79391747
BS359,9.0,779.7938199,2.150808347,9.686322206,7.159987507,81.00288194
BS360,9.0,780.5319877,1.551647302,10.52257525,8.699125021,79.22665243
BS361,9.0,889.4578667,2.4028317,10.44477691,9.256491204,77.89590019
BS362,9.0,850.8367623,2.195290607,10.48387127,8.6684667,78.65237142
BS363,9.0,893.6879773,1.523157907,10.10611666,4.724848496,83.64587694
BS364,9.0,790.0513934,1.823800484,10.14680897,1.680035119,86.34935543
BS365,9.0,802.7543099,2.094772669,10.02314849,2.814011661,85.06806718
BS366,9.0,886.749935,2.087102315,9.897003837,8.816140102,79.19975375
BS367,9.0,845.158091,2.687071882,10.52737027,3.763297964,83.02225988
BS368,9.0,844.2244642,2.519433535,9.312011813,8.829495113,79.33905954
BS369,9.0,847.4139048,1.583432464,10.20884011,3.707753002,84.49997442
BS370,9.0,872.4438921,2.597311411,10.07631973,0.884854599,86.44151426
BS371,9.0,792.3790043,1.093696293,9.234747453,6.746664818,82.92489144
BS372,9.0,769.2519514,2.949664948,10.67334244,9.267874756,77.10911786
BS373,9.0,882.759527,1.371506332,9.747638433,7.376429331,81.5044259
BS374,9.0,859.2126572,2.769179368,10.05945771,8.687496457,78.48386647
BS375,9.0,871.2001019,2.661291205,9.453830055,3.890221027,83.99465771
BS376,9.0,877.6821431,2.206705378,10.58449691,9.176755686,78.03204203
BS377,9.0,792.6273899,0.934927306,10.33218035,4.216225832,84.51666651
BS378,9.0,863.0980442,2.885720227,10.70195501,5.066565376,81.34575939
BS379,9.0,855.1734849,1.489117085,10.38837125,8.708567074,79.41394459
BS380,9.0,802.5959859,2.028216576,9.687363963,4.478546062,83.8058734
BS381,9.0,885.8033036,2.855203204,9.148556078,5.459404892,82.53683583
BS382,9.0,759.7920864,1.407858683,9.964692828,5.470039141,83.15740935
BS383,9.0,879.6514897,1.885975772,10.57421188,7.598277736,79.94153461
BS384,9.0,803.8740693,1.02624549,10.57983192,3.979432901,84.41448969
BS385,9.0,769.5164969,1.842492644,9.430756002,3.502207938,85.22454342
BS386,9.0,773.5925603,0.949572381,9.035596165,8.120055096,81.89477636
BS387,9.0,835.2190631,1.634679369,9.482236216,7.010484566,81.87259985
BS388,9.0,860.9369225,1.774326931,10.45876574,1.224937922,86.54196941
BS389,9.0,810.491644,2.828185987,9.694582508,9.597110274,77.88012123
BS390,9.0,867.2852731,0.976842072,9.478645231,9.957798403,79.58671429
BS391,9.0,779.434301,1.747258217,9.159949494,8.098911111,80.99388118
BS392,9.0,848.250455,2.612544393,10.52609588,8.546473354,78.31488637
BS393,9.0,806.3022178,1.562165728,10.14055444,9.489754435,78.8075254
BS394,9.0,797.2643802,2.617337018,10.02209411,7.243816273,80.1167526
BS395,9.0,866.7658666,2.596518186,10.17772811,7.65239635,79.57335735
BS396,9.0,780.0021552,1.460998232,10.59746015,1.808573432,86.13296819
BS397,9.0,874.2232962,3.019896743,10.58809039,9.783176195,76.60883667
BS398,9.0,789.0291154,1.200651486,10.02187989,4.768853636,84.00861499
BS399,9.0,870.3340816,2.455607591,9.27066872,3.836047329,84.43767636
BS400,9.0,813.4230106,1.084945776,10.79713506,7.160616757,80.95730241
BS401,9.0,852.0730449,2.470335388,9.064751396,9.648721158,78.81619206
BS402,9.0,896.622673,2.037165286,10.41357247,0.529396018,87.01986623
BS403,9.0,827.6068351,1.122118943,9.255975241,9.625919808,79.99598601
BS404,9.0,878.3433083,2.859058616,10.00495046,9.502464937,77.63352599
BS405,9.0,826.5529,2.003479006,10.74805374,1.377576384,85.87089087
BS406,9.0,809.6990509,0.960298502,10.11601565,7.361944835,81.56174101
BS407,9.0,877.965503,1.17061285,9.297693022,9.545083895,79.98661023
BS408,9.0,769.8090707,1.16010093,9.669051249,8.213851127,80.95699669
BS409,9.0,876.7374543,1.175492941,10.51728548,6.413798458,81.89342312
BS410,9.0,870.499465,2.287108654,9.861098777,1.651396186,86.20039638
BS411,9.0,815.0234816,1.259573923,10.58186427,9.908136017,78.25042579
BS412,9.0,862.9186515,1.358781171,10.85023617,8.753460384,79.03752228
BS413,9.0,796.5829969,2.582194982,9.176661566,8.685703023,79.55544043
BS414,9.0,801.200076,2.22622415,10.89017402,6.93478857,79.94881326
BS415,9.0,784.1438793,2.015751404,9.283675893,9.248455884,79.45211682
BS416,9.0,840.4863148,2.279253356,9.015395143,9.613483018,79.09186848
BS417,9.0,898.6976917,1.457792415,9.973361445,9.974307058,78.59453908
BS418,9.0,860.4469958,2.898786826,9.837944744,2.442421228,84.8208472
BS419,9.0,848.3074461,2.541460047,10.32523451,3.181069369,83.95223607
BS420,9.0,783.7832442,2.232672432,9.242067163,4.375754356,84.14950605
BS421,9.0,872.2491018,1.817258203,9.627767612,2.015439897,86.53953429
BS422,9.0,847.536192,1.881359384,10.75889794,4.662006942,82.69773573
BS423,9.0,883.5161756,2.676989653,9.632092102,5.817871614,81.87304663
BS424,9.0,858.0639805,1.844467948,10.25816757,9.01517336,78.88219112
BS425,9.0,782.7483674,2.109665514,9.606190456,8.154340063,80.12980397
BS426,9.0,765.9817788,2.363730638,9.16378401,6.340296144,82.13218921
BS427,9.0,785.4440852,2.703212046,9.945282764,6.909368532,80.44213666
BS428,9.0,866.0929897,2.11416074,9.247225911,9.443674471,79.19493888
BS429,9.0,807.3216759,1.144033673,9.903807847,5.990884339,82.96127414
BS430,9.0,851.3422705,1.509660669,9.170217876,7.905584715,81.41453674
BS431,9.0,830.2006435,1.527532178,10.51411032,5.435114153,82.52324335
BS432,9.0,785.6477211,2.844443656,9.478056027,1.015615224,86.66188509
BS433,9.0,765.6946533,2.995859474,10.67969005,0.553564584,85.77088589
BS434,9.0,892.5541281,2.172920955,10.19463767,8.809782643,78.82265873
BS435,9.0,858.2651109,2.692813089,9.463517875,5.908247998,81.93542104
BS436,9.0,870.0570896,1.808089556,9.726800232,5.676185698,82.78892451
BS437,9.0,874.2831087,2.5045387,9.724774963,7.292831277,80.47785506
BS438,9.0,800.6474548,2.537833331,10.67801159,5.761030848,81.02312423
BS439,9.0,838.2588688,1.969493727,10.7427239,9.081135844,78.20664653
BS440,9.0,753.5553286,2.587589892,9.66155346,5.714256515,82.03660013
BS441,9.0,893.7585078,1.632915193,10.81017991,6.65657432,80.90033058
BS442,9.0,799.0755615,1.472820424,10.17153484,4.893475497,83.46216924
BS443,9.0,752.9988681,2.209451517,10.54300163,7.44966015,79.7978867
BS444,9.0,892.8635931,1.279214643,9.701844584,9.87511855,79.14382222
BS445,9.0,860.2355697,2.307234911,9.928238092,7.103078132,80.66144887
BS446,9.0,862.3468392,1.153023171,9.332050462,7.871113587,81.64381278
BS447,9.0,860.9436144,2.87569156,10.1116056,1.423128028,85.58957481
BS448,9.0,866.1506963,2.075397038,10.70240057,1.07160348,86.15059891
BS449,9.0,791.3067391,2.241272314,9.440669574,6.649461402,81.66859671
BS450,9.0,884.2533173,1.853464407,10.63243137,2.784980163,84.72912406
BS451,9.0,805.1151487,1.166381513,9.538760425,6.526793431,82.76806463
BS452,6.0,823.9722878,2.146660837,9.630145322,1.161814392,87.06137945
BS453,6.0,854.8457834,1.56540137,9.49419204,3.923656631,85.01674996
BS454,6.0,812.019815,3.002711725,10.03702217,1.839716455,85.12054965
BS455,6.0,785.7203778,2.313028671,10.21189166,6.309949032,81.16513064
BS456,6.0,800.9538966,1.478310843,10.44825464,4.543727051,83.52970747
BS457,6.0,858.7614024,2.520987673,10.16789672,4.561522528,82.74959308
BS458,6.0,866.8596493,1.944249321,9.849851515,7.63808418,80.56781498
BS459,6.0,794.5248101,2.755628297,10.27592988,3.28418629,83.68425553
BS460,6.0,847.9298238,1.711427803,10.74266966,0.669341557,86.87656098
BS461,6.0,810.9489783,2.767194266,9.905906838,9.86285862,77.46404028
BS462,6.0,801.4991379,2.180585175,10.1158847,2.831946867,84.87158326
BS463,6.0,884.1998272,0.967231813,9.272257901,4.613129157,85.14738113
BS464,6.0,829.0711404,0.903466591,9.700290307,3.539246581,85.85699652
BS465,6.0,750.7247435,1.40549118,9.739629737,9.241392072,79.61348701
BS466,6.0,877.3607501,2.945416375,9.723042029,3.614691415,83.71685018
BS467,6.0,760.1705117,1.962972779,10.07486769,2.775142321,85.18701721
BS468,6.0,834.7464235,1.092262205,9.403521894,5.916749168,83.58746673
BS469,9.0,887.3502446,1.99422604,9.72763479,4.454693988,83.82344518
BS470,9.0,898.3985036,1.433186827,10.32550964,2.857232727,85.38407081
BS471,9.0,775.0415355,1.401555074,10.19904555,4.521402372,83.877997
BS472,9.0,778.1082923,2.101797922,10.51686641,9.006803181,78.37453249
BS473,3.0,887.3791334,1.255958998,9.366988482,5.669667323,83.7073852
BS474,3.0,833.3743282,2.989533269,10.28857664,1.383640543,85.33824955
BS475,3.0,786.8949641,0.900814523,9.246778437,9.919189569,79.93321747
BS476,3.0,819.6720739,2.445136893,9.768239953,3.217396344,84.56922681
BS477,3.0,759.3236495,2.922441543,9.402888541,5.574472268,82.10019765
BS478,3.0,861.950865,1.071774607,9.389775061,9.689059817,79.84939052
BS479,3.0,750.1194545,1.740940918,9.534645743,8.366503889,80.35790945
BS480,3.0,807.4950801,2.27313291,9.223947135,2.429607705,86.07331225
BS481,3.0,868.5856251,1.802534503,10.84589268,9.820597609,77.53097521
BS482,3.0,794.7064935,1.981261243,9.504799288,3.295831341,85.21810813
BS483,3.0,829.5839128,1.69507154,9.283873413,6.396909764,82.62414528
BS484,3.0,883.8173024,1.323233213,9.737650435,7.968533694,80.97058266
BS485,3.0,845.9206254,2.383881619,9.343909709,7.402881664,80.86932701
BS486,3.0,772.8792749,1.220462842,9.384038762,8.079126422,81.31637197
BS487,3.0,890.8489085,2.868262701,9.02327144,0.523133738,87.58533212
BS488,6.0,790.7285539,2.148002409,9.518348019,9.366977976,78.9666716
BS489,6.0,870.8598616,1.886778795,9.202779325,4.959696974,83.95074491
BS490,6.0,891.3680419,1.753377235,10.87807951,5.863065351,81.5054779
BS491,6.0,855.1278036,2.468799176,9.097928681,1.430256878,87.00301527
BS492,6.0,880.2428365,2.534299953,10.75134858,7.049668067,79.6646834
BS493,6.0,884.5659854,1.876877261,10.36476389,1.719207651,86.0391512
BS494,6.0,866.0047352,1.583892473,10.65111327,6.792416738,80.97257752
BS495,6.0,812.5750089,1.583131723,9.746290232,6.056447411,82.61413063
BS496,6.0,881.2270014,2.076755923,10.31387904,8.130305431,79.47905961
BS497,6.0,777.1452043,1.413504388,9.235676874,7.410571731,81.94024701
BS498,6.0,778.5514193,2.70205047,9.73814308,7.152742682,80.40706377
BS499,6.0,752.6991077,2.65560372,10.58051264,1.81669612,84.94718752
BS500,9.0,757.1933477,2.517447878,9.134289878,7.286213465,81.06204878
BS501,9.0,872.1542176,1.443691666,9.9015121,4.406135237,84.248661
BS502,9.0,896.9298353,1.380594765,9.157660225,8.097064023,81.36468099
BS503,9.0,807.580607,1.932816355,10.62929917,6.14088592,81.29699856
BS504,9.0,796.575747,2.026105013,9.009696869,5.784196173,83.18000195
BS505,9.0,847.5900801,2.960379966,10.27781254,8.389847042,78.37196045
BS506,9.0,815.0826149,2.538445939,9.46571782,4.584269412,83.41156683
BS507,9.0,869.4453618,2.707479296,10.70656266,9.229866292,77.35609175
BS508,9.0,856.2649116,2.330816893,9.906798089,6.056623657,81.70576136
BS509,9.0,872.145952,1.4650978,9.081692521,5.955043003,83.49816668
BS510,9.0,836.7848204,2.608452604,9.424692831,6.396632691,81.57022187
BS511,9.0,793.5663714,1.653245549,9.0576204,9.817011827,79.47212222
BS512,9.0,780.7111882,1.861905955,10.81460931,5.116109589,82.20737515
BS513,9.0,890.1665782,2.01135001,9.238233018,5.130777995,83.61963898
BS514,9.0,846.6087602,1.507970968,10.09707381,9.617813344,78.77714188
BS515,9.0,802.6527859,1.537585415,9.857723903,1.149875442,87.45481524
BS516,9.0,887.170684,1.066986565,10.11667208,1.509106498,87.30723486
BS517,9.0,898.5375707,1.44235861,9.531117557,3.207447482,85.81907635
BS518,9.0,855.7047951,1.899111023,9.501708142,9.795963093,78.80321774
BS519,9.0,750.9263138,2.862879675,10.38317483,8.219181051,78.53476444
BS520,9.0,847.2122252,1.901681781,10.07842775,8.523346452,79.49654402
BS521,9.0,852.632632,2.011138889,10.54467352,3.230278963,84.21390863
BS522,9.0,839.5029923,3.065183304,9.705381839,4.654057543,82.57537731
BS523,9.0,867.7884902,1.307566622,10.05149227,5.299627011,83.3413141
BS524,9.0,761.1446687,1.327293839,9.51312813,8.913246416,80.24633162
BS525,9.0,876.6216603,1.736517133,9.316380248,9.656019324,79.2910833
BS526,9.0,761.0042473,2.81852951,10.46840813,1.17306991,85.53999245
BS527,9.0,822.3453008,2.643930305,10.68756854,9.638572972,77.02992818
BS528,9.0,855.1650983,2.640274082,9.854394821,6.164639894,81.3406912
BS529,9.0,756.0624514,2.557754409,9.490115638,2.19232611,85.75980384
BS530,9.0,874.4425796,1.94975339,9.539952494,8.070140998,80.44015312
BS531,9.0,810.2865897,2.643715927,10.38566068,3.330644347,83.63997905
BS532,9.0,763.3920586,2.729283024,10.40968103,9.284295401,77.57674055
BS533,9.0,878.681397,2.749650511,10.09229527,2.533123623,84.6249306
BS534,9.0,880.6484107,2.829906536,10.71554298,2.824259696,83.63029079
BS535,9.0,853.5589275,1.822434774,9.714682638,8.213915179,80.24896741
BS536,6.0,789.7107739,2.428315812,10.03936834,1.359393481,86.17292237
BS537,6.0,767.2016896,2.613013609,9.213071533,4.060268332,84.11364653
BS538,6.0,771.3049598,2.489655965,9.83122729,3.383393599,84.29572315
BS539,6.0,834.6455972,1.0973894,10.0381129,7.79936898,81.06512872
BS540,6.0,836.9879226,1.427887065,9.824318326,5.656324678,83.09146993
BS541,6.0,762.4033094,1.364419202,9.302480988,1.987800092,87.34529972
BS542,6.0,883.6158938,2.739209175,10.75057709,8.098766872,78.41144686
BS543,6.0,796.1597641,2.447312738,9.559278035,2.881899683,85.11150954
BS544,6.0,793.5099975,1.72938011,9.776564005,8.337409935,80.15664595
BS545,6.0,803.6937918,1.498794426,10.72255599,3.774478524,84.00417106
BS546,6.0,889.5220117,2.204468495,10.5842858,9.025416664,78.18582904
BS547,6.0,864.8375975,3.007903054,9.630696725,2.834058974,84.52734125
BS548,9.0,826.8519328,1.155249241,9.95726385,6.028274762,82.85921215
BS549,9.0,754.6256704,1.529930584,10.81574573,0.294705594,87.35961809
BS550,9.0,769.426992,1.03287274,9.894616734,5.562045022,83.5104655
BS551,9.0,838.8218638,1.603438144,10.41690164,5.421749786,82.55791043
BS552,9.0,793.8955682,1.403374486,10.73777484,6.171585499,81.68726518
BS553,9.0,854.9872668,0.902791784,10.83532504,7.546310797,80.71557238
BS554,9.0,838.8435771,0.998449524,9.042992937,0.498186611,89.46037093
BS555,9.0,751.4810999,2.478579267,10.42104036,9.52318595,77.57719442
BS556,9.0,768.6819495,3.013221222,9.872680778,9.965338088,77.14875991
BS557,9.0,770.6895846,3.006895895,9.162719061,8.120261123,79.71012392
BS558,3.0,877.4851583,2.857247991,10.23012763,7.033417291,79.87920709
BS559,3.0,783.832616,2.552032113,9.181202499,5.24061497,83.02615042
BS560,3.0,820.8491423,2.789629227,10.39783894,7.176844399,79.63568743
BS561,3.0,771.5127459,2.328350496,10.89319034,4.18475053,82.59370863
BS562,3.0,842.0956942,2.860064822,9.319759992,6.896574288,80.9236009
BS563,3.0,886.2728176,1.882472293,10.48090452,8.463171094,79.17345209
BS564,3.0,830.2892417,1.280060462,9.756996219,5.955015293,83.00792803
BS565,3.0,855.8295318,1.878479258,9.244440781,7.617740987,81.25933897
BS566,9.0,800.2488842,2.299608221,10.01636872,3.480315196,84.20370786
BS567,9.0,796.7237083,1.540254937,9.133786828,6.950093469,82.37586477
BS568,9.0,793.991345,2.44816421,9.884431376,0.517507641,87.14989677
BS569,6.0,808.5792623,1.388754743,10.81346842,3.571473467,84.22630337
BS570,6.0,878.7916314,2.104165047,9.598275995,3.00291861,85.29464035
BS571,6.0,843.5397978,0.993718939,10.82764355,0.95833275,87.22030476
BS572,6.0,832.0219745,1.496977213,9.260305891,3.619691985,85.62302491
BS573,6.0,868.1158233,1.713734571,9.313313566,4.210859637,84.76209223
BS574,6.0,782.349691,1.165998726,10.7105444,8.403520149,79.71993673
BS575,6.0,823.1089313,2.347912988,9.925648974,3.575672455,84.15076558
BS576,6.0,867.2703556,2.791245791,10.63980381,9.704328761,76.86462164
BS577,6.0,868.4175192,1.552200983,9.842241965,7.992916825,80.61264023
BS578,6.0,856.6416858,2.253872847,9.446463497,4.469591147,83.83007251
BS579,9.0,824.995427,1.469450793,10.07864763,4.362251651,84.08964993
BS580,9.0,881.8082601,1.505486892,9.169289323,2.992772196,86.33245159
BS581,9.0,818.4915119,1.392708135,9.322168461,0.812264919,88.47285849
BS582,9.0,818.4898821,0.985245882,10.61229438,4.602448062,83.80001168
BS583,9.0,769.0471176,1.890801477,9.072249226,9.457479225,79.57947007
BS584,9.0,820.3648652,1.710722613,10.72588079,0.314742155,87.24865444
BS585,9.0,859.5917682,1.677404802,10.20713265,4.656395614,83.45906693
BS586,9.0,835.1899662,1.141727641,10.07575788,6.61619648,82.166318
BS587,9.0,865.341385,2.311957961,10.16317895,6.014106268,81.51075682
BS588,9.0,750.5504351,0.983713572,9.381490723,9.989520548,79.64527516
BS589,9.0,884.4357064,1.420886424,10.67258784,6.54075495,81.36577079
BS590,9.0,848.1706342,1.186737702,10.64049917,8.056544944,80.11621818
BS591,9.0,862.8076946,2.199495654,9.866572453,0.784182059,87.14974983
BS592,9.0,787.9834011,1.981507061,10.84661994,0.372344715,86.79952828
BS593,9.0,793.3019387,1.217813147,10.65507638,4.566941574,83.5601689
BS594,9.0,870.4343227,1.718375091,9.853526024,0.951103521,87.47699536
BS595,9.0,773.7445473,1.62498206,9.359690411,1.688779897,87.32654763
BS596,9.0,799.077062,2.016430716,9.786754501,0.307705578,87.88910921
BS597,9.0,878.3348675,2.951375062,10.84736279,7.462576846,78.7386853
BS598,9.0,838.38059,2.360904997,9.152790085,1.208742258,87.27756266
BS599,9.0,807.4330822,1.570113688,9.631081318,6.730624546,82.06818045
BS600,9.0,758.6939302,2.600446567,9.783262745,2.498415454,85.11787523
BS601,9.0,858.0893508,2.868509559,9.406009109,8.123675299,79.60180603
BS602,9.0,790.7557222,1.281320872,10.49672705,3.644093629,84.57785845
BS603,9.0,784.9871866,1.539453808,9.112086257,1.201056109,88.14740383
BS604,9.0,837.8906811,3.036383549,10.2334527,8.207229969,78.52293378
BS605,9.0,859.3822646,1.788169297,9.503521008,2.631166817,86.07714288
BS606,9.0,782.7804358,2.893373897,10.31004191,1.101581095,85.6950031
BS607,9.0,800.5646709,2.633944983,9.832409401,7.335373898,80.19827172
BS608,9.0,851.1150182,1.38205743,10.32272433,9.430810879,78.86440736
BS609,9.0,800.5056684,1.419434268,10.67089988,6.270958997,81.63870686
BS610,9.0,822.6201294,1.387764047,10.22951596,7.120443811,81.26227618
BS611,9.0,838.8765015,1.780802099,10.78836976,6.920188717,80.51063942
BS612,9.0,841.5824166,2.997347998,9.936408876,0.392124744,86.67411838
BS613,9.0,802.5457983,2.007780319,9.465512255,6.598918621,81.92778881
BS614,9.0,756.4062601,2.001798699,10.35017927,7.056716993,80.59130504
BS615,9.0,796.3537197,1.600318571,9.880669524,1.667867057,86.85114485
BS616,9.0,756.3812645,1.587900443,9.845471283,3.83272922,84.73389905
BS617,9.0,853.7452258,0.993524825,9.754476214,8.751308556,80.50069041
BS618,9.0,766.4731101,0.911309418,10.06402909,6.702457395,82.3222041
BS619,9.0,757.9524494,1.681214288,10.27201954,8.848581383,79.19818479
BS620,9.0,804.8208048,1.764526678,9.627741013,6.097615815,82.51011649
BS621,9.0,846.644829,2.987575239,9.313728748,2.599921465,85.09877455
BS622,9.0,870.274211,2.093202098,10.25867507,2.391704484,85.25641835
BS623,9.0,771.6990068,1.189889778,9.48854854,2.721348328,86.60021335
BS624,9.0,869.9624704,2.84551329,9.971621621,8.878432316,78.30443277
BS625,9.0,876.7860521,1.156590322,10.24444341,1.037848648,87.56111762
BS626,9.0,786.4372659,2.736929788,9.225202801,3.386653046,84.65121437
BS627,9.0,841.5407978,1.135474907,10.77795084,8.092173212,79.99440104
BS628,9.0,858.435454,2.620448405,10.58713078,7.752717302,79.03970351
BS629,9.0,754.061357,2.045103039,9.438537346,6.789318027,81.72704159
BS630,9.0,789.5562097,2.244015647,9.975929397,4.287868252,83.4921867
BS631,9.0,884.2749315,1.881332105,10.0355167,9.217708145,78.86544305
BS632,9.0,815.0189457,0.980548332,9.346403795,4.608678855,85.06436902
BS633,9.0,825.9461441,1.901407117,9.627707632,7.485216634,80.98566862
BS634,9.0,898.2352894,1.862661696,9.11272056,6.816872705,82.20774504
BS635,9.0,858.0008633,1.798655067,10.12178617,4.996219656,83.08333911
BS636,9.0,758.7537529,2.335022079,10.4735361,9.683121557,77.50832026
BS637,9.0,807.3944837,1.902634925,10.51050262,8.382418224,79.20444423
BS638,9.0,798.245515,1.44214413,9.342603863,7.59326984,81.62198217
BS639,9.0,892.5830838,1.37471036,9.628055084,8.670875821,80.32635874
BS640,9.0,819.3489575,2.713375681,9.405301014,6.657023117,81.22430019
BS641,9.0,891.5082591,2.173245095,10.63621433,6.974750491,80.21579008
BS642,9.0,893.8329645,2.104418468,9.432601853,1.924222515,86.53875716
BS643,9.0,899.344829,1.82461691,9.453488195,7.777303621,80.94459127
BS644,9.0,847.0599581,1.377287691,9.46541182,6.430074637,82.72722585
BS645,9.0,772.8503478,1.62804595,9.469910261,4.092174471,84.80986932
BS646,9.0,818.0468807,1.081914663,9.263566512,8.644434381,81.01008444
BS647,9.0,764.3885157,2.7650804,9.169345985,8.718233574,79.34734004
BS648,9.0,896.9542091,1.947150033,9.765187712,4.76070127,83.52696099
BS649,9.0,846.3860873,1.796627025,10.07485749,5.678935996,82.44957949
BS650,9.0,779.5108658,1.472801612,10.85441487,5.699578456,81.97320506
BS651,9.0,788.7976295,1.596249981,10.37956541,2.805777684,85.21840693
BS652,9.0,862.0615027,2.459909863,10.19454927,9.890804309,77.45473656
BS653,9.0,836.5060468,2.170202739,9.167623992,4.190991068,84.4711822
BS654,9.0,762.6750228,1.908841852,10.04220655,0.581529696,87.4674219
BS655,9.0,891.2598736,1.683464763,9.340959902,0.933034845,88.04254049
BS656,9.0,814.6157574,1.280403024,10.06839706,3.975006899,84.67619302
BS657,9.0,898.8164789,1.629600635,9.111616306,8.804063306,80.45471975
BS658,9.0,805.9095478,1.684173184,9.155896295,4.79268671,84.36724381
BS659,9.0,807.0244515,1.699564467,9.451649905,2.900642146,85.94814348
BS660,9.0,884.8338957,2.890818753,9.211998001,3.167843027,84.72934022
BS661,9.0,896.5333279,2.940151198,9.274868848,9.222303259,78.5626767
BS662,9.0,829.0487225,2.905779934,9.86145561,3.924176263,83.30858819
BS663,9.0,868.3667296,1.030511938,9.305914162,6.32960835,83.33396555
BS664,9.0,815.0297193,2.578628355,10.56492168,5.320871058,81.53557891
BS665,9.0,763.6646327,2.306522805,9.406090396,4.967816296,83.3195705
BS666,9.0,776.2760184,1.717433028,10.71684168,9.977953298,77.58777199
BS667,9.0,754.199747,0.96888783,9.298769559,4.952749078,84.77959353
BS668,9.0,825.7924051,1.016267276,9.2609143,0.290484433,89.43233399
BS669,9.0,804.4518377,2.227503031,10.03091298,8.794615656,78.94696833
BS670,9.0,813.341346,3.061754317,9.265942724,8.770849919,78.90145304
BS671,9.0,770.5230226,2.31354672,10.76744423,1.658410351,85.2605987
BS672,9.0,840.6242829,1.870419244,9.150199735,1.425162989,87.55421803
BS673,9.0,810.4295173,2.380430829,10.36646248,4.497944301,82.75516239
BS674,9.0,792.9974316,1.228564174,10.12282916,3.483106757,85.16549991
BS675,9.0,850.9074314,1.675823545,10.24206085,9.758069335,78.32404627
BS676,9.0,866.7885971,1.617331761,10.0164845,3.16355411,85.20262963
BS677,9.0,756.7891615,2.750394919,10.13556899,3.524761232,83.58927486
BS678,9.0,780.6338278,2.157146161,9.744970419,3.038017164,85.05986626
BS679,9.0,806.4328632,2.681660548,9.426897892,2.359951177,85.53149038
BS680,9.0,898.7069613,1.378683374,9.944893643,0.434374051,88.24204893
BS681,9.0,835.4118632,2.079735315,9.082556337,6.57491212,82.26279623
BS682,9.0,783.3859818,1.888979803,9.483320372,8.497176323,80.1305235
BS683,9.0,812.7792087,1.25684941,9.071590169,2.526034323,87.1455261
BS684,9.0,808.645534,1.596293139,9.354881619,4.098166861,84.95065838
BS685,9.0,774.8800087,1.782587424,10.6333933,5.562854867,82.02116441
BS686,9.0,853.9530068,0.997575481,10.18464152,1.760198757,87.05758424
BS687,9.0,789.9265249,1.003139846,9.064423411,3.304575593,86.62786115
BS688,9.0,858.3335245,2.077788034,9.515935823,1.429250904,86.97702524
BS689,9.0,889.8029476,2.007047099,9.600387708,0.375053437,88.01751176
BS690,9.0,882.528369,1.257975728,9.45529893,1.375257867,87.91146748
BS691,9.0,787.9568373,2.971785914,10.6671152,6.57098717,79.79011172
BS692,9.0,807.4438083,1.955703542,10.29387563,6.078916496,81.67150433
BS693,9.0,804.9198722,2.68964911,10.1232152,0.467259923,86.71987577
BS694,9.0,778.3462967,2.451774095,10.5650098,2.660411117,84.32280499
BS695,9.0,871.9457881,2.571699758,9.875486146,8.618232856,78.93458124
BS696,9.0,797.5253503,1.866862915,10.4664257,3.568356859,84.09835453
BS697,9.0,752.6587717,1.388240962,9.947980929,6.80540268,81.85837543
BS698,9.0,868.2812602,2.43622502,9.772703872,5.81564236,81.97542875
BS699,9.0,771.6114407,1.776351834,10.51851308,3.72172916,83.98340593
BS700,9.0,869.4733794,2.23257291,9.149066592,9.172940895,79.4454196
BS701,9.0,800.8902936,2.969473404,10.6480463,7.391928922,78.99055137
BS702,9.0,879.3325771,1.981931439,10.278447,0.651532899,87.08808866
BS703,9.0,801.8966552,1.885616431,10.66436377,1.365336305,86.08468349
BS704,9.0,825.8420115,2.040520944,9.860834477,2.962742662,85.13590192
BS705,9.0,832.6775299,1.93595767,9.598947738,5.974630935,82.49046366
BS706,9.0,777.7650598,1.951207384,10.55972282,9.281267828,78.20780197
BS707,9.0,816.8882227,1.033357572,10.41826077,5.450109867,83.09827179
BS708,9.0,846.0724904,2.120670702,9.702368719,4.142225784,84.0347348
BS709,9.0,897.9227865,2.662202283,9.647415331,4.789387192,82.90099519
BS710,9.0,786.1838962,1.596263633,10.61795936,7.684294136,80.10148287
BS711,9.0,825.4702356,1.891312409,9.233701964,6.348522211,82.52646342
BS712,9.0,899.3633065,1.579456093,10.84571742,3.071848592,84.5029779
BS713,9.0,899.7301488,1.496860759,9.123158228,2.140829592,87.23915142
BS714,9.0,838.8647789,3.088481332,10.8952126,5.444171813,80.57213426
BS715,9.0,878.6942457,2.854534976,10.34098993,6.211624208,80.59285089
BS716,9.0,793.7050798,3.084714125,9.154945314,4.694731655,83.06560891
BS717,9.0,770.6845221,1.411200026,9.307286577,1.462722194,87.8187912
BS718,9.0,868.4139509,1.005496094,9.40714456,7.665183084,81.92217626
BS719,9.0,844.8912528,3.082284233,10.26030015,5.313160648,81.34425497
BS720,9.0,878.3399255,2.597255269,9.23142587,6.535503766,81.6358151
BS721,9.0,828.5183725,1.387739239,10.50033905,8.694925925,79.41699579
BS722,9.0,889.7044565,3.082913532,10.38821285,4.104583162,82.42429046
BS723,9.0,881.9889853,0.92562278,9.548756808,8.774030861,80.75158955
BS724,9.0,801.8298616,2.051175626,10.04414147,2.901247256,85.00343565
BS725,9.0,856.3301793,2.659294621,9.038205271,9.370581488,78.93191862
BS726,9.0,804.47402,1.199977025,10.01718565,9.830541471,78.95229585
BS727,9.0,775.2503505,1.385471902,10.59493638,7.206846852,80.81274487
BS728,9.0,796.9419148,1.006620805,10.51021326,7.299474998,81.18369094
BS729,9.0,768.8287237,2.443023226,9.355950293,1.810583432,86.39044305
BS730,9.0,864.4458608,2.206523471,10.60880476,2.257018012,84.92765376
BS731,9.0,867.1946705,1.903043889,9.872779448,8.764092951,79.46008371
BS732,9.0,785.3740645,2.868678347,10.42063076,8.199437525,78.51125337
BS733,9.0,755.5516358,1.216278537,10.50104485,1.988429769,86.29424684
BS734,9.0,774.9670872,1.24598083,10.87475142,3.440300212,84.43896754
BS735,9.0,865.8687618,2.366987373,10.57169059,6.36919318,80.69212886
BS736,9.0,761.4932563,1.436217762,10.77037239,7.772015209,80.02139464
BS737,9.0,871.3534285,1.673723946,9.763875683,4.986373498,83.57602687
BS738,9.0,767.991168,2.209431754,9.080109683,0.44969568,88.26076288
BS739,9.0,899.8774103,3.045405151,10.79788579,2.478767419,83.67794164
BS740,9.0,825.0765962,1.947236299,9.088658782,1.659744917,87.30436
BS741,9.0,889.2942465,2.170174998,9.760892054,8.837961372,79.23097158
BS742,9.0,758.2205171,2.325925278,9.045700757,2.832670471,85.79570349
BS743,9.0,820.1844861,2.131786956,9.535843914,9.432704842,78.89966429
BS744,9.0,804.9078408,2.965126109,10.81448907,8.513833197,77.70655162
BS745,9.0,848.8222166,1.871517086,9.09535868,7.180192375,81.85293186
BS746,9.0,787.1431268,2.681881776,9.261997526,4.570233643,83.48588706
BS747,9.0,886.2763853,1.752325181,9.86590415,3.858191987,84.52357868
BS748,9.0,850.0504273,2.202047381,9.012610758,7.192316296,81.59302557
BS749,9.0,887.8833491,1.206504443,10.73061719,4.477276567,83.5856018
BS750,9.0,777.0452959,2.456531457,10.07574895,4.290934069,83.17678552
BS751,9.0,771.8870986,2.775980952,10.20608698,4.065558872,82.9523732
BS752,9.0,887.042789,1.222789997,9.457700029,3.478069885,85.84144009
BS753,9.0,822.5650774,2.585607429,9.561238918,8.659026942,79.19412671
BS754,9.0,807.6048689,1.092550937,9.35661313,2.76499376,86.78584217
BS755,9.0,845.2213162,3.084123981,9.730575653,6.099568882,81.08573148
BS756,9.0,828.622546,1.946874829,9.590329786,7.632889499,80.82990589
BS757,9.0,810.5148642,2.632964884,10.64244155,7.879761619,78.84483195
BS758,9.0,896.5114255,1.892501083,9.705674638,6.918097417,81.48372686
BS759,3.0,785.360608,0.925734851,10.1910618,1.059643187,87.82356016
BS760,3.0,848.5010343,1.000521912,10.81091807,9.905995209,78.28256481
BS761,3.0,773.6988659,2.01823005,10.58852132,4.269827426,83.1234212
BS762,3.0,750.520913,2.345306806,10.02218611,7.968019313,79.66448777
BS763,3.0,890.0847223,1.887049171,9.172516864,9.56874798,79.37168599
BS764,3.0,766.8918559,1.302091542,9.34944645,4.187653784,85.16080822
BS765,3.0,789.2827547,2.414346732,9.741412938,0.832397939,87.01184239
BS766,3.0,799.3589396,2.597252836,9.751285791,7.348990403,80.30247097
BS767,3.0,858.8040454,2.225860919,9.311385128,6.8249638,81.63779015
BS768,3.0,750.1293387,1.915598729,9.185007756,8.209571096,80.68982242
BS769,3.0,763.6595946,2.552576761,10.33684934,2.553071443,84.55750246
BS770,3.0,770.7914419,1.083385838,9.345171311,0.240726677,89.33071617
BS771,3.0,867.9622414,1.333560707,10.57888601,5.003864821,83.08368846
BS772,3.0,823.5870516,1.653441174,10.06674897,6.514225402,81.76558445
BS773,3.0,844.0191029,2.954081816,9.854216108,1.305263718,85.88643836
BS774,9.0,764.4160882,1.935628694,10.34636233,2.260122909,85.45788607
BS775,9.0,839.2946835,1.341101204,10.47433373,6.774698207,81.40986686
BS776,9.0,841.4808491,3.017074864,10.787441,4.857980826,81.33750331
BS777,9.0,804.4428043,2.512108714,10.54931305,2.597573809,84.34100443
BS778,9.0,775.9225535,1.064555718,10.11110784,1.131258909,87.69307753
BS779,9.0,886.0555797,2.913309396,10.80779766,1.639593736,84.63929921
BS780,9.0,811.0580117,2.198170904,9.251762829,5.63432421,82.91574206
BS781,9.0,828.2328357,2.069426251,9.07814906,0.632311207,88.22011348
BS782,9.0,789.4034212,1.034526778,9.274080273,5.136700421,84.55469253
BS783,9.0,842.994924,3.015587226,10.11390794,8.860460822,78.01004401
BS784,9.0,895.1308899,2.170802054,9.083189397,0.532044906,88.21396364
BS785,9.0,852.5651802,1.152177137,10.04451707,4.877737953,83.92556784
BS786,9.0,876.2284079,1.415252308,9.988319903,3.441205367,85.15522242
BS787,9.0,871.8275468,2.492983521,9.547252437,1.677381233,86.28238281
BS788,9.0,812.9883417,2.06358377,9.938242063,7.379732933,80.61844123
BS789,3.0,832.6201845,2.645047508,9.429637056,2.765311657,85.16000378
BS790,3.0,892.7125475,1.553723447,9.210122656,0.999264502,88.2368894
BS791,3.0,853.3079079,2.069970229,10.28250171,9.912238548,77.73528951
BS792,3.0,772.6030661,2.734547147,10.13441402,8.916967314,78.21407152
BS793,3.0,787.9891176,2.441420539,9.673902566,4.217527854,83.66714904
BS794,3.0,871.9162862,2.083927142,9.176301843,9.000135586,79.73963543
BS795,3.0,870.4456002,1.705328404,10.32856057,7.563951417,80.40215961
BS796,3.0,786.9775512,2.239254254,10.04620285,3.21051105,84.50403185
BS797,3.0,779.2890592,1.818278546,9.011978961,8.387724205,80.78201829
BS798,9.0,882.6713427,2.361583983,9.873563316,3.041725449,84.72312725
BS799,9.0,822.2741775,2.613190029,9.41301383,4.331543401,83.64225274
BS800,9.0,820.7968673,1.85242506,9.264700922,7.067847739,81.81502628
BS801,9.0,890.2293101,1.334333153,9.444106748,5.957654502,83.2639056
BS802,9.0,768.7464147,1.717445066,9.54445669,9.78060736,78.95749088
BS803,9.0,843.4709451,2.266901741,10.51425297,4.584185503,82.63465979
BS804,9.0,775.2927268,1.544981481,10.42973818,7.612710974,80.41256937
BS805,9.0,825.5829938,1.525530481,9.4068147,2.462467591,86.60518723
BS806,9.0,754.1000219,3.081350727,9.344607868,7.476216229,80.09782518
BS807,9.0,893.3436261,2.767735535,9.087322535,5.175738584,82.96920335
BS808,9.0,763.1414978,2.999462982,10.74821391,7.089700416,79.16262269
BS809,9.0,751.9137582,3.097113537,9.343506295,3.444891892,84.11448828
BS810,9.0,840.7371213,1.10707513,10.72131735,6.309131297,81.86247622
BS811,9.0,853.351378,1.116665247,9.453642644,5.952054031,83.47763808
BS812,9.0,846.8685803,2.165447608,9.723512845,6.787970833,81.32306871
BS813,9.0,818.0993169,1.671088026,10.19446371,4.247564494,83.88688377
BS814,3.0,827.1219009,1.927431904,9.409686052,4.115176894,84.54770515
BS815,3.0,886.8256499,0.963562325,9.305198914,0.776894818,88.95434394
BS816,3.0,849.3171977,0.944832128,9.110201527,0.608970576,89.33599577
BS817,3.0,826.9948512,2.217925202,9.733767261,7.253571397,80.79473614
BS818,3.0,891.8438335,1.333704751,9.116037564,1.897139888,87.6531178
BS819,3.0,879.3771247,2.646465,9.824628657,2.747464306,84.78144204
BS820,3.0,886.3175785,2.228811856,9.255684531,5.219315909,83.2961877
BS821,3.0,861.6909359,2.519877007,9.491937992,8.213285547,79.77489945
BS822,3.0,812.0744663,1.586026832,9.563143007,9.145158798,79.70567136
BS823,3.0,763.2244834,0.921374294,10.53618119,8.144057628,80.39838689
BS824,3.0,883.3419341,1.678202572,9.554905424,1.350737675,87.41615433
BS825,3.0,802.5128073,2.555925719,10.53708325,9.498282301,77.40870873
BS826,3.0,769.2099865,2.340638433,9.271389297,0.515428644,87.87254363
BS827,3.0,887.5724905,1.303037455,9.349117654,4.888305686,84.45953921
BS828,3.0,797.41343,2.134679675,10.46897381,1.17827218,86.21807434
BS829,3.0,750.8608008,2.313962549,9.45548018,6.825520185,81.40503709
BS830,3.0,879.2839951,3.008720308,10.30700045,9.672894753,77.01138449
BS831,3.0,830.0244477,2.983814505,10.5651354,5.469586028,80.98146407
BS832,3.0,893.2918577,2.581631787,9.315378538,8.574425223,79.52856445
BS833,3.0,758.3481555,2.141439298,10.07153097,0.388711768,87.39831796
BS834,3.0,780.3181228,1.892649874,10.25455829,7.644705067,80.20808677
BS835,3.0,889.1633632,2.808835904,9.82537287,5.397284821,81.96850641
BS836,3.0,787.457228,2.555953179,10.08089942,4.519814898,82.8433325
BS837,3.0,851.4765274,1.700322558,9.560057022,8.506198819,80.2334216
BS838,9.0,782.0725019,2.753269865,10.55374091,0.761279783,85.93170944
BS839,9.0,779.641979,1.088222963,9.486878803,3.149986861,86.27491137
BS840,9.0,893.3600845,1.121996448,10.37026281,6.97696514,81.5307756
BS841,9.0,753.8557749,1.4669095,10.45597814,4.017734961,84.0593774
BS842,9.0,875.4709283,1.583351857,9.819963438,2.085572186,86.51111252
BS843,9.0,780.988191,1.614396557,10.42676785,8.002581647,79.95625395
BS844,9.0,772.3299469,1.13464204,9.062315353,7.738795816,82.06424679
BS845,9.0,885.2757841,2.941059791,9.814870085,5.625786183,81.61828394
BS846,9.0,872.4456474,2.12414907,10.56822568,1.635607303,85.67201795
BS847,9.0,752.1122686,1.156500648,10.08397023,2.00473026,86.75479886
BS848,9.0,822.9913389,2.448501618,9.667680541,2.793918471,85.08989937
BS849,6.0,854.8746754,1.161148672,9.717081997,2.749243457,86.37252587
BS850,6.0,802.3264311,2.961610137,10.07835391,4.88795918,82.07207677
BS851,6.0,871.841969,2.827258165,10.1969985,4.862856071,82.11288726
BS852,6.0,770.9839737,2.215956958,10.44331864,8.889507358,78.45121704
BS853,6.0,777.701411,2.662966447,10.74586187,1.816551187,84.7746205
BS854,6.0,756.1776101,1.467070751,10.796355,5.871046997,81.86552725
BS855,6.0,757.9593001,1.964709148,9.977628725,9.901722263,78.15593986
BS856,6.0,848.1812273,1.381020254,9.41925806,9.732527853,79.46719383
BS857,9.0,796.0015777,3.074512404,9.783622975,3.889915291,83.25194933
BS858,9.0,756.4182997,3.032393254,9.502884732,5.538210176,81.92651184
BS859,9.0,865.1715121,2.047994442,10.17061734,1.388529941,86.39285828
BS860,9.0,859.621426,2.644695917,9.15878212,1.222354173,86.97416779
BS861,9.0,833.93109,0.945834437,10.14211258,8.983692215,79.92836077
BS862,9.0,867.7415953,1.034849002,10.14734176,4.78882791,84.02898133
BS863,9.0,820.563729,2.42122392,10.85969301,8.816687135,77.90239594
BS864,9.0,761.7921311,0.950369834,10.63657185,6.773655935,81.63940238
BS865,9.0,848.1656028,1.168719047,9.193887063,6.899908584,82.73748531
BS866,9.0,766.156006,2.765189732,10.30934128,0.784410167,86.14105882
BS867,9.0,840.6455186,2.562838566,10.12618908,2.26840259,85.04256976
BS868,9.0,754.1365332,1.417820078,10.44398193,7.215866767,80.92233123
BS869,9.0,860.6705498,1.775088393,10.45829956,2.080494957,85.68611709
BS870,9.0,792.8646888,1.297441649,10.56387781,9.804856033,78.33382451
BS871,9.0,863.0754909,2.880409024,9.680447099,6.638493531,80.80065035
BS872,6.0,858.0212155,2.133370401,9.151459963,8.479391644,80.23577799
BS873,6.0,751.5521565,2.57687268,9.490574084,3.007904034,84.9246492
BS874,6.0,806.2375733,1.222424661,9.113772867,7.770522477,81.89328
BS875,6.0,756.631289,1.800485711,9.775872517,4.296043173,84.1275986
BS876,6.0,835.0751332,2.976354246,9.488442976,0.841357115,86.69384566
BS877,6.0,872.3583627,1.456165197,10.56133535,4.704543723,83.27795573
BS878,6.0,824.9721101,1.835266555,9.444215222,5.920996661,82.79952156
BS879,9.0,825.6925509,1.036828238,10.05384409,4.889446157,84.01988152
BS880,9.0,834.3620365,3.017667906,9.076377212,0.418109934,87.48784495
BS881,9.0,797.9857321,2.79664144,10.89649133,1.878247057,84.42862017
BS882,9.0,775.741377,2.113078533,10.77253049,2.94466904,84.16972194
BS883,9.0,853.2876098,1.184060267,9.255448761,1.782509675,87.7779813
BS884,9.0,812.6575631,2.276796116,9.465270127,0.479690382,87.77824338
BS885,9.0,882.5130408,1.168640669,10.24170854,8.53216465,80.05748614
BS886,9.0,868.6103875,1.797289471,9.707686827,0.491772395,88.00325131
BS887,9.0,753.8448682,0.993549652,9.503828615,4.209004188,85.29361755
BS888,9.0,844.4354629,1.041173874,10.6331135,6.147134509,82.17857812
BS889,9.0,860.5935112,1.638590098,10.37066722,3.609521443,84.38122124
BS890,6.0,881.2005167,2.941775828,9.906701641,6.497458056,80.65406448
BS891,9.0,773.6283541,1.989999991,10.341626,9.697998293,77.97037572
BS892,9.0,784.4558831,1.785349331,9.097575468,3.987611139,85.12946406
BS893,9.0,773.7002557,2.083384118,10.67372147,6.688685258,80.55420915
BS894,9.0,751.7673975,2.422122087,10.60888322,4.002495255,82.96649944
BS895,9.0,808.8448302,2.018566193,10.14860367,9.199487331,78.63334281
BS896,9.0,777.8200909,2.903792247,9.624929808,2.669578091,84.80169985
BS897,9.0,844.9973419,1.858143969,9.571840448,4.709600156,83.86041543
BS898,9.0,815.5263463,1.815950332,9.982998504,6.223616323,81.97743484
BS899,9.0,756.9847667,3.091199358,10.41696377,8.937257277,77.5545796
BS900,3.0,781.6683562,3.041419464,9.999886866,9.914447883,77.04424579
BS901,3.0,799.8648739,0.905559778,10.27463618,4.69055645,84.12924759
BS902,3.0,770.0809388,1.132624138,10.04326068,9.204829513,79.61928567
BS903,3.0,867.4822686,2.371348713,10.62689971,9.710806802,77.29094478
BS904,3.0,861.0848314,1.917296131,9.00151066,3.050111279,86.03108193
BS905,3.0,795.2053741,2.139375391,10.12105401,1.282625269,86.45694533
BS906,3.0,849.223801,2.735653292,10.07732727,4.42896481,82.75805463
BS907,3.0,877.8453187,1.498181793,9.262079984,3.504560084,85.73517814
BS908,3.0,866.378495,2.72235145,9.008069352,6.991098094,81.2784811
BS909,9.0,884.1481719,2.163276913,9.407807576,3.974554249,84.45436126
BS910,9.0,855.9872858,1.003181756,9.144040031,3.375440254,86.47733796
BS911,9.0,898.055186,3.089106174,10.71953751,6.101897075,80.08945924
BS912,9.0,826.9579151,2.468925147,10.66631433,4.010829958,82.85393057
BS913,9.0,772.5052132,1.850501441,10.02819336,7.60490391,80.51640129
BS914,9.0,796.9560275,0.917943995,10.16214317,8.245917683,80.67399515
BS915,9.0,899.2451,3.07905457,9.347730853,5.453250442,82.11996414
BS916,3.0,779.2924624,2.212932717,10.50171057,8.934644161,78.35071255
BS917,9.0,880.2585108,3.042090106,9.102477961,0.928229453,86.92720248
BS918,9.0,802.8999521,3.086681162,9.348594936,6.833159323,80.73156458
BS919,9.0,790.6444006,1.920558561,10.09720709,7.042739422,80.93949493
BS920,9.0,790.3438421,1.67694576,9.345067626,2.415503009,86.56248361
BS921,9.0,881.9618788,1.961640903,10.80714667,0.687452698,86.54375973
BS922,3.0,798.1292325,1.658766145,10.66261277,8.920173867,78.75844722
BS923,9.0,756.653192,3.011804396,10.57053296,1.498315354,84.91934729
BS924,9.0,853.1951534,1.307010421,9.168943321,7.432551697,82.09149456
BS925,9.0,832.0795943,1.3881045,9.359548067,8.747366375,80.50498106
BS926,9.0,840.3594471,3.00336853,10.5735039,8.905005043,77.51812253
BS927,9.0,877.907931,1.481003134,9.33093849,1.927090749,87.26096763
BS928,9.0,897.720192,3.017674939,9.975657569,4.785503579,82.22116391
BS929,9.0,806.9756334,3.051076585,9.302158629,0.818411006,86.82835378
BS930,9.0,830.5507661,1.732472886,10.48812131,2.252367803,85.527038
BS931,9.0,856.6981533,3.092433156,10.70357394,9.045660802,77.1583321
BS932,9.0,794.7916654,1.315547329,10.06776004,3.85956053,84.7571321
BS933,9.0,867.1010975,1.990580907,9.578587415,1.421187051,87.00964463
BS934,9.0,856.6922576,1.611857468,9.114993748,7.630922657,81.64222613
BS935,9.0,886.9499938,1.468801588,9.515942696,4.87167873,84.14357699
BS936,9.0,750.9476245,1.382299886,10.25483031,7.465582444,80.89728736
BS937,9.0,838.2216869,1.922594198,10.43250774,7.904175644,79.74072242
BS938,9.0,770.5451682,2.158534183,10.37725001,9.768661667,77.69555414
BS939,9.0,867.1849575,2.60768936,10.73564622,2.019717709,84.63694671
BS940,9.0,777.1043519,1.832225344,9.770128539,6.07460737,82.32303875
BS941,9.0,871.728444,2.632612109,10.82196975,9.544977501,77.00044064
BS942,9.0,869.3485793,2.296765033,10.24076161,7.929318949,79.53315441
BS943,9.0,801.3849241,2.542372492,10.33862541,6.719884299,80.3991178
BS944,9.0,810.0948618,2.731832392,9.561621269,4.94422661,82.76231973
BS945,9.0,892.108196,2.575142483,9.981678202,2.618996826,84.82418249
BS946,9.0,775.1498285,1.171236987,9.54707029,3.619227325,85.6624654
BS947,9.0,759.3690841,1.343646245,9.564597103,9.243661191,79.84809546
BS948,9.0,841.7797844,2.220418872,9.711807082,8.718572227,79.34920182
BS949,9.0,754.283568,2.136279171,9.516001904,9.882663243,78.46505568
BS950,9.0,775.3959381,1.66484356,9.537746859,9.499020888,79.29838869
BS951,9.0,896.2496277,2.579216518,9.064403695,4.762899295,83.59348049
BS952,9.0,844.3068481,1.272232206,10.10794565,1.43852153,87.18130061
BS953,9.0,876.4503047,1.404480711,9.509922946,3.029652107,86.05594424
BS954,9.0,806.5637036,1.678457229,10.05492715,6.430211033,81.83640459
BS955,9.0,792.6182762,2.330220199,9.052249108,6.12200556,82.49552513
BS956,9.0,852.4070613,2.897459187,9.372609586,2.501261289,85.22866994
BS957,9.0,869.1302155,2.848124504,9.854634396,5.713322774,81.58391833
BS958,9.0,788.4456767,1.649738878,10.51360712,3.540480169,84.29617383
BS959,9.0,854.8968625,2.954608151,10.16123808,4.413073537,82.47108023
BS960,9.0,801.2501518,2.995214298,9.862355418,2.778969646,84.36346064
BS961,9.0,785.8158944,1.44298951,9.924996422,7.724803418,80.90721065
BS962,9.0,779.9198225,2.421534305,9.100786483,7.577013533,80.90066568
BS963,9.0,796.912548,2.667129614,10.16961144,2.694892923,84.46836602
BS964,9.0,874.8747615,1.449286915,9.828923028,1.615721482,87.10606858
BS965,9.0,810.7224581,1.132901634,10.53765694,8.673838049,79.65560338
BS966,9.0,861.3083765,1.181154059,10.5982379,3.023042957,85.19756508
BS967,9.0,768.142116,1.796060659,10.09634126,5.126961383,82.9806367
BS968,9.0,834.5553134,1.127960487,9.812400006,8.771220134,80.28841937
BS969,9.0,891.3644936,2.537438985,10.82738264,1.294570595,85.34060778
BS970,9.0,867.5704766,2.149823644,9.30895441,1.409520434,87.13170151
BS971,9.0,797.9460937,1.327484504,9.522260703,3.03884376,86.11141103
BS972,9.0,805.2734653,2.261558455,10.42723602,8.076025868,79.23517966
BS973,9.0,873.5871505,1.945567597,10.1982738,4.449571496,83.40658711
BS974,9.0,893.9476773,2.6466395,9.755092374,5.140464147,82.45780398
BS975,9.0,764.940723,1.592840696,10.61013917,2.56911681,85.22790332
BS976,9.0,853.0196984,2.204319118,9.276224945,7.72706749,80.79238845
BS977,9.0,890.8439981,2.766163245,9.011339379,5.555277055,82.66722032
BS978,9.0,788.5118502,1.204217821,9.254496987,6.9021407,82.63914449
BS979,9.0,754.568892,2.508002012,9.287196212,0.273367173,87.9314346
BS980,9.0,839.4018559,2.852975939,10.60541106,2.928640643,83.61297236
BS981,9.0,781.0082105,2.762443323,10.49170934,8.8600351,77.88581224
BS982,9.0,858.3464481,1.611853493,9.987459271,4.20044673,84.20024051
BS983,9.0,804.9509,2.759237009,9.826060117,2.960042412,84.45466046
BS984,9.0,753.2158707,2.833739379,9.825996125,7.518263962,79.82200053
BS985,9.0,797.1284123,1.538425581,9.047537274,9.614242767,79.79979438
BS986,9.0,782.1500409,2.07659415,9.22091879,8.763418562,79.9390685
BS987,9.0,859.7630513,1.934806724,9.111341048,4.356060722,84.59779151
BS988,9.0,768.5224634,1.117376063,9.702930143,7.14383435,82.03585944
BS989,9.0,886.1613954,2.511340062,10.31243076,7.102124992,80.07410419
BS990,9.0,842.4491355,2.104434085,9.421526744,9.420257151,79.05378202
BS991,9.0,853.9772502,1.97822709,10.33647155,1.777801293,85.90750007
BS992,9.0,804.4998128,2.359216167,9.456600832,4.738715618,83.44546738
BS993,9.0,888.3011532,1.710252315,10.14119963,1.114390162,87.03415789
BS994,9.0,880.5823661,2.526601049,10.76993104,3.577032474,83.12643544
BS995,9.0,854.6859587,1.244015561,9.740355868,7.799812799,81.21581577
BS996,9.0,791.3019744,1.92320537,10.29668734,6.664963207,81.11514408
BS997,9.0,779.1116477,2.844941221,9.4950788,4.715466002,82.94451398
BS998,9.0,859.6422873,2.929446383,10.73298669,5.035236513,81.30233041
BS999,9.0,870.7400018,2.156122808,10.68502366,3.251618792,83.90723474
BS1000,9.0,809.8186578,1.68248824,9.196272737,2.697472964,86.42376606
BS1001,9.0,809.0,3.0,9.0,6.0,82.0
,,,,,,100.0
,,,,,,100.0
,,,,,,100.0
,,,,,,100.0
,,,,,,100.0
,,,,,,100.0
,,,,,,100.0
,,,,,,100.0
,,,,,,100.0
,,,,,,100.0
,,,,,,100.0
,,,,,,100.0
,,,,,,100.0
,,,,,,100.0
,,,,,,100.0
,,,,,,100.0
,,,,,,100.0
,,,,,,100.0
,,,,,,100.0
,,,,,,100.0
,,,,,,100.0
,,,,,,100.0
,,,,,,100.0
,,,,,,100.0
,,,,,,100.0
,,,,,,100.0
,,,,,,100.0
,,,,,,100.0
,,,,,,100.0
,,,,,,100.0
,,,,,,100.0
,,,,,,100.0
,,,,,,100.0
,,,,,,100.0
,,,,,,100.0
,,,,,,100.0
,,,,,,100.0
,,,,,,100.0
,,,,,,100.0
,,,,,,100.0
,,,,,,100.0
,,,,,,100.0
,,,,,,100.0
,,,,,,100.0
,,,,,,100.0
,,,,,,100.0
,,,,,,100.0
,,,,,,100.0
,,,,,,100.0
,,,,,,100.0
,,,,,,100.0
,,,,,,100.0
,,,,,,100.0
,,,,,,100.0
,,,,,,100.0
,,,,,,100.0
,,,,,,100.0
,,,,,,100.0
,,,,,,100.0
,,,,,,100.0
,,,,,,100.0
,,,,,,100.0
,,,,,,100.0
,,,,,,100.0
,,,,,,100.0
,,,,,,100.0
,,,,,,100.0
,,,,,,100.0
,,,,,,100.0
,,,,,,100.0
,,,,,,100.0
,,,,,,100.0
,,,,,,100.0
,,,,,,100.0
,,,,,,100.0
,,,,,,100.0
,,,,,,100.0
,,,,,,100.0
,,,,,,100.0
,,,,,,100.0
,,,,,,100.0
,,,,,,100.0
,,,,,,100.0
,,,,,,100.0
,,,,,,100.0
,,,,,,100.0
,,,,,,100.0
,,,,,,100.0
,,,,,,100.0
,,,,,,100.0
,,,,,,100.0
,,,,,,100.0
,,,,,,100.0
,,,,,,100.0
,,,,,,100.0
,,,,,,100.0
,,,,,,100.0
,,,,,,100.0
,,,,,,100.0
,,,,,,100.0
,,,,,,100.0
,,,,,,100.0
,,,,,,100.0
,,,,,,100.0
,,,,,,100.0
,,,,,,100.0
,,,,,,100.0
,,,,,,100.0
,,,,,,100.0
,,,,,,100.0
,,,,,,100.0
,,,,,,100.0
,,,,,,100.0
,,,,,,100.0
,,,,,,100.0
,,,,,,100.0
,,,,,,100.0
,,,,,,100.0
,,,,,,100.0
,,,,,,100.0
,,,,,,100.0
,,,,,,100.0
,,,,,,100.0
,,,,,,100.0
,,,,,,100.0
,,,,,,100.0
,,,,,,100.0
,,,,,,100.0
,,,,,,100.0
,,,,,,100.0
,,,,,,100.0
,,,,,,100.0
,,,,,,100.0
,,,,,,100.0
,,,,,,100.0
,,,,,,100.0
,,,,,,100.0
,,,,,,100.0
,,,,,,100.0
,,,,,,100.0
,,,,,,100.0
,,,,,,100.0
,,,,,,100.0
,,,,,,100.0
,,,,,,100.0
,,,,,,100.0
,,,,,,100.0
,,,,,,100.0
,,,,,,100.0
,,,,,,100.0
,,,,,,100.0
,,,,,,100.0
,,,,,,100.0
,,,,,,100.0
,,,,,,100.0
,,,,,,100.0
,,,,,,100.0
,,,,,,100.0
,,,,,,100.0
,,,,,,100.0
,,,,,,100.0
,,,,,,100.0
,,,,,,100.0
,,,,,,100.0
,,,,,,100.0
,,,,,,100.0
,,,,,,100.0
,,,,,,100.0
,,,,,,100.0
,,,,,,100.0
,,,,,,100.0
,,,,,,100.0
,,,,,,100.0
,,,,,,100.0
,,,,,,100.0
,,,,,,100.0
,,,,,,100.0
,,,,,,100.0
,,,,,,100.0
,,,,,,100.0
,,,,,,100.0
,,,,,,100.0
,,,,,,100.0
,,,,,,100.0
,,,,,,100.0
,,,,,,100.0
,,,,,,100.0
,,,,,,100.0
,,,,,,100.0
,,,,,,100.0
,,,,,,100.0
,,,,,,100.0
,,,,,,100.0
,,,,,,100.0
,,,,,,100.0
,,,,,,100.0
,,,,,,100.0
,,,,,,100.0
,,,,,,100.0
,,,,,,100.0
,,,,,,100.0
,,,,,,100.0
,,,,,,100.0
,,,,,,100.0
,,,,,,100.0
,,,,,,100.0
,,,,,,100.0
,,,,,,100.0
,,,,,,100.0
,,,,,,100.0
,,,,,,100.0
,,,,,,100.0
,,,,,,100.0
,,,,,,100.0
,,,,,,100.0
,,,,,,100.0
,,,,,,100.0
,,,,,,100.0
,,,,,,100.0
,,,,,,100.0
,,,,,,100.0
,,,,,,100.0
,,,,,,100.0
,,,,,,100.0
,,,,,,100.0
,,,,,,100.0
,,,,,,100.0
,,,,,,100.0
,,,,,,100.0
,,,,,,100.0
,,,,,,100.0
,,,,,,100.0
,,,,,,100.0
,,,,,,100.0
,,,,,,100.0
,,,,,,100.0
,,,,,,100.0
,,,,,,100.0
,,,,,,100.0
,,,,,,100.0
,,,,,,100.0
,,,,,,100.0
,,,,,,100.0
,,,,,,100.0
,,,,,,100.0
,,,,,,100.0
,,,,,,100.0
,,,,,,100.0
,,,,,,100.0
,,,,,,100.0
,,,,,,100.0
,,,,,,100.0
,,,,,,100.0
,,,,,,100.0
,,,,,,100.0
,,,,,,100.0
,,,,,,100.0
,,,,,,100.0
,,,,,,100.0
,,,,,,100.0
,,,,,,100.0
,,,,,,100.0
,,,,,,100.0
,,,,,,100.0
,,,,,,100.0
,,,,,,100.0
,,,,,,100.0
,,,,,,100.0
,,,,,,100.0
,,,,,,100.0
,,,,,,100.0
,,,,,,100.0
,,,,,,100.0
,,,,,,100.0
,,,,,,100.0
,,,,,,100.0
,,,,,,100.0
,,,,,,100.0
,,,,,,100.0
,,,,,,100.0
,,,,,,100.0
,,,,,,100.0
,,,,,,100.0
,,,,,,100.0
,,,,,,100.0
,,,,,,100.0
,,,,,,100.0
,,,,,,100.0
,,,,,,100.0
,,,,,,100.0
,,,,,,100.0
,,,,,,100.0
,,,,,,100.0
,,,,,,100.0
,,,,,,100.0
,,,,,,100.0
,,,,,,100.0
,,,,,,100.0
,,,,,,100.0
,,,,,,100.0
,,,,,,100.0
,,,,,,100.0
,,,,,,100.0
,,,,,,100.0
,,,,,,100.0
,,,,,,100.0
,,,,,,100.0
,,,,,,100.0
,,,,,,100.0
,,,,,,100.0
,,,,,,100.0
,,,,,,100.0
,,,,,,100.0
,,,,,,100.0
,,,,,,100.0
,,,,,,100.0
,,,,,,100.0
,,,,,,100.0
,,,,,,100.0
,,,,,,100.0
,,,,,,100.0
,,,,,,100.0
,,,,,,100.0
,,,,,,100.0
,,,,,,100.0
,,,,,,100.0
,,,,,,100.0
,,,,,,100.0
,,,,,,100.0
,,,,,,100.0
,,,,,,100.0
,,,,,,100.0
,,,,,,100.0
,,,,,,100.0
,,,,,,100.0
,,,,,,100.0
,,,,,,100.0
,,,,,,100.0
,,,,,,100.0
,,,,,,100.0
,,,,,,100.0
,,,,,,100.0
,,,,,,100.0
,,,,,,100.0
,,,,,,100.0
,,,,,,100.0
,,,,,,100.0
,,,,,,100.0
,,,,,,100.0
,,,,,,100.0
,,,,,,100.0
,,,,,,100.0
,,,,,,100.0
,,,,,,100.0
,,,,,,100.0
,,,,,,100.0
,,,,,,100.0
,,,,,,100.0
,,,,,,100.0
,,,,,,100.0
,,,,,,100.0
,,,,,,100.0
,,,,,,100.0
,,,,,,100.0
,,,,,,100.0
,,,,,,100.0
,,,,,,100.0
,,,,,,100.0
,,,,,,100.0
,,,,,,100.0
,,,,,,100.0
,,,,,,100.0
,,,,,,100.0
,,,,,,100.0
,,,,,,100.0
,,,,,,100.0
,,,,,,100.0
,,,,,,100.0
,,,,,,100.0
,,,,,,100.0
,,,,,,100.0
,,,,,,100.0
,,,,,,100.0
,,,,,,100.0
,,,,,,100.0
,,,,,,100.0
,,,,,,100.0
,,,,,,100.0
,,,,,,100.0
,,,,,,100.0
,,,,,,100.0
,,,,,,100.0
,,,,,,100.0
,,,,,,100.0
,,,,,,100.0
,,,,,,100.0
,,,,,,100.0
,,,,,,100.0
,,,,,,100.0
,,,,,,100.0
,,,,,,100.0
,,,,,,100.0
,,,,,,100.0
,,,,,,100.0
,,,,,,100.0
,,,,,,100.0
,,,,,,100.0
,,,,,,100.0
,,,,,,100.0
,,,,,,100.0
,,,,,,100.0
,,,,,,100.0
,,,,,,100.0
,,,,,,100.0
,,,,,,100.0
,,,,,,100.0
,,,,,,100.0
,,,,,,100.0
,,,,,,100.0
,,,,,,100.0
,,,,,,100.0
,,,,,,100.0
,,,,,,100.0
,,,,,,100.0
,,,,,,100.0
,,,,,,100.0
,,,,,,100.0
,,,,,,100.0
,,,,,,100.0
,,,,,,100.0
,,,,,,100.0
,,,,,,100.0
,,,,,,100.0
,,,,,,100.0
,,,,,,100.0
,,,,,,100.0
,,,,,,100.0
,,,,,,100.0
,,,,,,100.0
,,,,,,100.0
,,,,,,100.0
,,,,,,100.0
,,,,,,100.0
,,,,,,100.0
,,,,,,100.0
,,,,,,100.0
,,,,,,100.0
,,,,,,100.0
,,,,,,100.0
,,,,,,100.0
,,,,,,100.0
,,,,,,100.0
,,,,,,100.0
,,,,,,100.0
,,,,,,100.0
,,,,,,100.0
,,,,,,100.0
,,,,,,100.0
,,,,,,100.0
,,,,,,100.0
,,,,,,100.0
,,,,,,100.0
,,,,,,100.0
,,,,,,100.0
,,,,,,100.0
,,,,,,100.0
,,,,,,100.0
,,,,,,100.0
,,,,,,100.0
,,,,,,100.0
,,,,,,100.0
,,,,,,100.0
,,,,,,100.0
,,,,,,100.0
,,,,,,100.0
,,,,,,100.0
,,,,,,100.0
,,,,,,100.0
,,,,,,100.0
,,,,,,100.0
,,,,,,100.0
,,,,,,100.0
,,,,,,100.0
,,,,,,100.0
,,,,,,100.0
,,,,,,100.0
,,,,,,100.0
,,,,,,100.0
,,,,,,100.0
,,,,,,100.0
,,,,,,100.0
,,,,,,100.0
,,,,,,100.0
,,,,,,100.0
,,,,,,100.0
,,,,,,100.0
,,,,,,100.0
,,,,,,100.0
,,,,,,100.0
,,,,,,100.0
,,,,,,100.0
,,,,,,100.0
,,,,,,100.0
,,,,,,100.0
,,,,,,100.0
,,,,,,100.0
,,,,,,100.0
,,,,,,100.0
,,,,,,100.0
,,,,,,100.0
,,,,,,100.0
,,,,,,100.0
,,,,,,100.0
,,,,,,100.0
,,,,,,100.0
,,,,,,100.0
,,,,,,100.0
,,,,,,100.0
,,,,,,100.0
,,,,,,100.0
,,,,,,100.0
,,,,,,100.0
,,,,,,100.0
,,,,,,100.0
,,,,,,100.0
,,,,,,100.0
,,,,,,100.0
,,,,,,100.0
,,,,,,100.0
,,,,,,100.0
,,,,,,100.0
,,,,,,100.0
,,,,,,100.0
,,,,,,100.0
,,,,,,100.0
,,,,,,100.0
,,,,,,100.0
,,,,,,100.0
,,,,,,100.0
,,,,,,100.0
,,,,,,100.0
,,,,,,100.0
,,,,,,100.0
,,,,,,100.0
,,,,,,100.0
,,,,,,100.0
,,,,,,100.0
,,,,,,100.0
,,,,,,100.0
,,,,,,100.0
,,,,,,100.0
,,,,,,100.0
,,,,,,100.0
,,,,,,100.0
,,,,,,100.0
,,,,,,100.0
,,,,,,100.0
,,,,,,100.0
,,,,,,100.0
,,,,,,100.0
,,,,,,100.0
,,,,,,100.0
,,,,,,100.0
,,,,,,100.0
,,,,,,100.0
,,,,,,100.0
,,,,,,100.0
,,,,,,100.0
,,,,,,100.0
,,,,,,100.0
,,,,,,100.0
,,,,,,100.0
,,,,,,100.0
,,,,,,100.0
,,,,,,100.0
,,,,,,100.0
,,,,,,100.0
,,,,,,100.0
,,,,,,100.0
,,,,,,100.0
,,,,,,100.0
,,,,,,100.0
,,,,,,100.0
,,,,,,100.0
,,,,,,100.0
,,,,,,100.0
,,,,,,100.0
,,,,,,100.0
,,,,,,100.0
,,,,,,100.0
,,,,,,100.0
,,,,,,100.0
,,,,,,100.0
,,,,,,100.0
,,,,,,100.0
,,,,,,100.0
,,,,,,100.0
,,,,,,100.0
,,,,,,100.0
,,,,,,100.0
,,,,,,100.0
,,,,,,100.0
,,,,,,100.0
,,,,,,100.0
,,,,,,100.0
,,,,,,100.0
,,,,,,100.0
,,,,,,100.0
,,,,,,100.0
,,,,,,100.0
,,,,,,100.0
,,,,,,100.0
,,,,,,100.0
,,,,,,100.0
,,,,,,100.0
,,,,,,100.0
,,,,,,100.0
,,,,,,100.0
,,,,,,100.0
,,,,,,100.0
,,,,,,100.0
,,,,,,100.0
,,,,,,100.0
,,,,,,100.0
,,,,,,100.0
,,,,,,100.0
,,,,,,100.0
,,,,,,100.0
,,,,,,100.0
,,,,,,100.0
,,,,,,100.0
,,,,,,100.0
,,,,,,100.0
,,,,,,100.0
,,,,,,100.0
,,,,,,100.0
,,,,,,100.0
,,,,,,100.0
,,,,,,100.0
,,,,,,100.0
,,,,,,100.0
,,,,,,100.0
,,,,,,100.0
,,,,,,100.0
,,,,,,100.0
,,,,,,100.0
,,,,,,100.0
,,,,,,100.0
,,,,,,100.0
,,,,,,100.0
,,,,,,100.0
,,,,,,100.0
,,,,,,100.0
,,,,,,100.0
,,,,,,100.0
,,,,,,100.0
,,,,,,100.0
,,,,,,100.0
,,,,,,100.0
,,,,,,100.0
,,,,,,100.0
,,,,,,100.0
,,,,,,100.0
,,,,,,100.0
,,,,,,100.0
,,,,,,100.0
,,,,,,100.0
,,,,,,100.0
,,,,,,100.0
,,,,,,100.0
,,,,,,100.0
,,,,,,100.0
,,,,,,100.0
,,,,,,100.0
,,,,,,100.0
,,,,,,100.0
,,,,,,100.0
,,,,,,100.0
,,,,,,100.0
,,,,,,100.0
,,,,,,100.0
,,,,,,100.0
,,,,,,100.0
,,,,,,100.0
,,,,,,100.0
,,,,,,100.0
,,,,,,100.0
,,,,,,100.0
,,,,,,100.0
,,,,,,100.0
,,,,,,100.0
,,,,,,100.0
,,,,,,100.0
,,,,,,100.0
,,,,,,100.0
,,,,,,100.0
,,,,,,100.0
,,,,,,100.0
,,,,,,100.0
,,,,,,100.0
,,,,,,100.0
,,,,,,100.0
,,,,,,100.0
,,,,,,100.0
,,,,,,100.0
,,,,,,100.0
,,,,,,100.0
,,,,,,100.0
,,,,,,100.0
,,,,,,100.0
,,,,,,100.0
,,,,,,100.0
,,,,,,100.0
,,,,,,100.0
,,,,,,100.0
,,,,,,100.0
,,,,,,100.0
,,,,,,100.0
,,,,,,100.0
,,,,,,100.0
,,,,,,100.0
,,,,,,100.0
,,,,,,100.0
,,,,,,100.0
,,,,,,100.0
,,,,,,100.0
,,,,,,100.0
,,,,,,100.0
,,,,,,100.0
,,,,,,100.0
,,,,,,100.0
,,,,,,100.0
,,,,,,100.0
,,,,,,100.0
,,,,,,100.0
,,,,,,100.0
,,,,,,100.0
,,,,,,100.0
,,,,,,100.0
,,,,,,100.0
,,,,,,100.0
,,,,,,100.0
,,,,,,100.0
,,,,,,100.0
,,,,,,100.0
,,,,,,100.0
,,,,,,100.0
,,,,,,100.0
,,,,,,100.0
,,,,,,100.0
,,,,,,100.0
,,,,,,100.0
,,,,,,100.0
,,,,,,100.0
,,,,,,100.0
,,,,,,100.0
,,,,,,100.0
,,,,,,100.0
,,,,,,100.0
,,,,,,100.0
,,,,,,100.0
,,,,,,100.0
,,,,,,100.0
,,,,,,100.0
,,,,,,100.0
,,,,,,100.0
,,,,,,100.0
,,,,,,100.0
,,,,,,100.0
,,,,,,100.0
,,,,,,100.0
,,,,,,100.0
,,,,,,100.0
,,,,,,100.0
,,,,,,100.0
,,,,,,100.0
,,,,,,100.0
,,,,,,100.0
,,,,,,100.0
,,,,,,100.0
,,,,,,100.0
,,,,,,100.0
,,,,,,100.0
,,,,,,100.0
,,,,,,100.0
,,,,,,100.0
,,,,,,100.0
,,,,,,100.0
,,,,,,100.0
,,,,,,100.0
,,,,,,100.0
,,,,,,100.0
,,,,,,100.0
,,,,,,100.0
,,,,,,100.0
,,,,,,100.0
,,,,,,100.0
,,,,,,100.0
,,,,,,100.0
,,,,,,100.0
,,,,,,100.0
,,,,,,100.0
,,,,,,100.0
,,,,,,100.0
,,,,,,100.0
,,,,,,100.0
,,,,,,100.0
,,,,,,100.0
,,,,,,100.0
,,,,,,100.0
,,,,,,100.0
,,,,,,100.0
,,,,,,100.0
,,,,,,100.0
,,,,,,100.0
,,,,,,100.0
,,,,,,100.0
,,,,,,100.0
,,,,,,100.0
,,,,,,100.0
,,,,,,100.0
,,,,,,100.0
,,,,,,100.0
,,,,,,100.0
,,,,,,100.0
,,,,,,100.0
,,,,,,100.0
,,,,,,100.0
,,,,,,100.0
,,,,,,100.0
,,,,,,100.0
,,,,,,100.0
,,,,,,100.0
,,,,,,100.0
,,,,,,100.0
,,,,,,100.0
,,,,,,100.0
,,,,,,100.0
,,,,,,100.0
,,,,,,100.0
,,,,,,100.0
,,,,,,100.0
,,,,,,100.0
,,,,,,100.0
,,,,,,100.0
,,,,,,100.0
,,,,,,100.0
,,,,,,100.0
,,,,,,100.0
,,,,,,100.0
,,,,,,100.0
,,,,,,100.0
,,,,,,100.0
,,,,,,100.0
,,,,,,100.0
,,,,,,100.0
,,,,,,100.0
,,,,,,100.0
,,,,,,100.0
,,,,,,100.0
,,,,,,100.0
,,,,,,100.0
,,,,,,100.0
,,,,,,100.0
,,,,,,100.0
,,,,,,100.0
,,,,,,100.0
,,,,,,100.0
,,,,,,100.0
,,,,,,100.0
,,,,,,100.0
,,,,,,100.0
,,,,,,100.0
,,,,,,100.0
,,,,,,100.0
,,,,,,100.0
,,,,,,100.0
,,,,,,100.0
,,,,,,100.0
,,,,,,100.0
,,,,,,100.0
,,,,,,100.0
,,,,,,100.0
,,,,,,100.0
,,,,,,100.0
,,,,,,100.0
,,,,,,100.0
,,,,,,100.0
,,,,,,100.0
,,,,,,100.0
,,,,,,100.0
,,,,,,100.0
,,,,,,100.0
,,,,,,100.0
,,,,,,100.0
,,,,,,100.0
,,,,,,100.0
,,,,,,100.0
,,,,,,100.0
,,,,,,100.0
,,,,,,100.0
,,,,,,100.0
,,,,,,100.0
,,,,,,100.0
,,,,,,100.0
,,,,,,100.0
,,,,,,100.0
,,,,,,100.0
,,,,,,100.0
,,,,,,100.0
,,,,,,100.0
,,,,,,100.0
,,,,,,100.0
,,,,,,100.0
,,,,,,100.0
,,,,,,100.0
,,,,,,100.0
,,,,,,100.0
,,,,,,100.0
,,,,,,100.0
,,,,,,100.0
,,,,,,100.0
,,,,,,100.0
,,,,,,100.0
,,,,,,100.0
,,,,,,100.0
,,,,,,100.0
,,,,,,100.0
,,,,,,100.0
,,,,,,100.0
,,,,,,100.0
,,,,,,100.0
,,,,,,100.0
,,,,,,100.0
,,,,,,100.0
,,,,,,100.0
,,,,,,100.0
,,,,,,100.0
,,,,,,100.0
,,,,,,100.0
,,,,,,100.0
,,,,,,100.0
,,,,,,100.0
,,,,,,100.0
,,,,,,100.0
,,,,,,100.0
,,,,,,100.0
,,,,,,100.0
,,,,,,100.0
,,,,,,100.0
,,,,,,100.0
,,,,,,100.0
,,,,,,100.0
,,,,,,100.0
,,,,,,100.0
,,,,,,100.0
,,,,,,100.0
,,,,,,100.0
,,,,,,100.0
,,,,,,100.0
,,,,,,100.0
,,,,,,100.0
,,,,,,100.0
,,,,,,100.0
,,,,,,100.0
,,,,,,100.0
,,,,,,100.0
,,,,,,100.0
,,,,,,100.0
,,,,,,100.0
,,,,,,100.0
,,,,,,100.0
,,,,,,100.0
,,,,,,100.0
,,,,,,100.0
,,,,,,100.0
,,,,,,100.0
,,,,,,100.0
,,,,,,100.0
,,,,,,100.0
,,,,,,100.0
,,,,,,100.0
,,,,,,100.0
,,,,,,100.0
,,,,,,100.0
,,,,,,100.0
,,,,,,100.0
,,,,,,100.0
,,,,,,100.0
,,,,,,100.0
,,,,,,100.0
,,,,,,100.0
,,,,,,100.0
,,,,,,100.0
,,,,,,100.0
,,,,,,100.0
,,,,,,100.0
,,,,,,100.0
,,,,,,100.0
,,,,,,100.0
,,,,,,100.0
,,,,,,100.0
,,,,,,100.0
,,,,,,100.0
,,,,,,100.0
,,,,,,100.0
,,,,,,100.0
,,,,,,100.0
,,,,,,100.0
,,,,,,100.0
,,,,,,100.0
,,,,,,100.0
,,,,,,100.0
,,,,,,100.0
,,,,,,100.0
,,,,,,100.0
,,,,,,100.0
,,,,,,100.0
,,,,,,100.0
,,,,,,100.0
,,,,,,100.0
,,,,,,100.0
,,,,,,100.0
,,,,,,100.0
,,,,,,100.0
,,,,,,100.0
,,,,,,100.0
,,,,,,100.0
,,,,,,100.0
,,,,,,100.0
,,,,,,100.0
,,,,,,100.0
,,,,,,100.0
,,,,,,100.0
,,,,,,100.0
,,,,,,100.0
,,,,,,100.0
,,,,,,100.0
,,,,,,100.0
,,,,,,100.0
,,,,,,100.0
,,,,,,100.0
,,,,,,100.0
,,,,,,100.0
,,,,,,100.0
,,,,,,100.0
,,,,,,100.0
,,,,,,100.0
,,,,,,100.0
,,,,,,100.0
,,,,,,100.0
,,,,,,100.0
,,,,,,100.0
,,,,,,100.0
,,,,,,100.0
,,,,,,100.0
,,,,,,100.0
,,,,,,100.0
,,,,,,100.0
,,,,,,100.0
,,,,,,100.0
,,,,,,100.0
,,,,,,100.0
,,,,,,100.0
,,,,,,100.0
,,,,,,100.0
,,,,,,100.0
,,,,,,100.0
,,,,,,100.0
,,,,,,100.0
,,,,,,100.0
,,,,,,100.0
,,,,,,100.0
,,,,,,100.0
,,,,,,100.0
,,,,,,100.0
,,,,,,100.0
,,,,,,100.0
,,,,,,100.0
,,,,,,100.0
,,,,,,100.0
,,,,,,100.0
,,,,,,100.0
,,,,,,100.0
,,,,,,100.0
,,,,,,100.0
,,,,,,100.0
,,,,,,100.0
,,,,,,100.0
,,,,,,100.0
,,,,,,100.0
,,,,,,100.0
,,,,,,100.0
,,,,,,100.0
,,,,,,100.0
,,,,,,100.0
,,,,,,100.0
,,,,,,100.0
,,,,,,100.0
,,,,,,100.0
,,,,,,100.0
,,,,,,100.0
,,,,,,100.0
,,,,,,100.0
,,,,,,100.0
,,,,,,100.0
,,,,,,100.0
,,,,,,100.0
,,,,,,100.0
,,,,,,100.0
,,,,,,100.0
,,,,,,100.0
,,,,,,100.0
,,,,,,100.0
,,,,,,100.0
,,,,,,100.0
,,,,,,100.0
,,,,,,100.0
,,,,,,100.0
,,,,,,100.0
,,,,,,100.0
,,,,,,100.0
,,,,,,100.0
,,,,,,100.0
,,,,,,100.0
,,,,,,100.0
,,,,,,100.0
,,,,,,100.0
,,,,,,100.0
,,,,,,100.0
,,,,,,100.0
,,,,,,100.0
,,,,,,100.0
,,,,,,100.0
,,,,,,100.0
,,,,,,100.0
,,,,,,100.0
,,,,,,100.0
,,,,,,100.0
,,,,,,100.0
,,,,,,100.0
,,,,,,100.0
,,,,,,100.0
,,,,,,100.0
,,,,,,100.0
,,,,,,100.0
,,,,,,100.0
,,,,,,100.0
,,,,,,100.0
,,,,,,100.0
,,,,,,100.0
,,,,,,100.0
,,,,,,100.0
,,,,,,100.0
,,,,,,100.0
,,,,,,100.0
,,,,,,100.0
,,,,,,100.0
,,,,,,100.0
,,,,,,100.0
,,,,,,100.0
,,,,,,100.0
,,,,,,100.0
,,,,,,100.0
,,,,,,100.0
,,,,,,100.0
,,,,,,100.0
,,,,,,100.0
,,,,,,100.0
,,,,,,100.0
,,,,,,100.0
,,,,,,100.0
,,,,,,100.0
,,,,,,100.0
,,,,,,100.0
,,,,,,100.0
,,,,,,100.0
,,,,,,100.0
,,,,,,100.0
,,,,,,100.0
,,,,,,100.0
,,,,,,100.0
,,,,,,100.0
,,,,,,100.0
,,,,,,100.0
,,,,,,100.0
,,,,,,100.0
,,,,,,100.0
,,,,,,100.0
,,,,,,100.0
,,,,,,100.0
,,,,,,100.0
,,,,,,100.0
,,,,,,100.0
,,,,,,100.0
,,,,,,100.0
,,,,,,100.0
,,,,,,100.0
,,,,,,100.0
,,,,,,100.0
,,,,,,100.0
,,,,,,100.0
,,,,,,100.0
,,,,,,100.0
,,,,,,100.0
,,,,,,100.0
,,,,,,100.0
,,,,,,100.0
,,,,,,100.0
,,,,,,100.0
,,,,,,100.0
,,,,,,100.0
,,,,,,100.0
,,,,,,100.0
,,,,,,100.0
,,,,,,100.0
,,,,,,100.0
,,,,,,100.0
,,,,,,100.0
,,,,,,100.0
,,,,,,100.0
,,,,,,100.0
,,,,,,100.0
,,,,,,100.0
,,,,,,100.0
,,,,,,100.0
,,,,,,100.0
,,,,,,100.0
,,,,,,100.0
,,,,,,100.0
,,,,,,100.0
,,,,,,100.0
,,,,,,100.0
,,,,,,100.0
,,,,,,100.0
,,,,,,100.0
,,,,,,100.0
,,,,,,100.0
,,,,,,100.0
,,,,,,100.0
,,,,,,100.0
,,,,,,100.0
,,,,,,100.0
,,,,,,100.0
,,,,,,100.0
,,,,,,100.0
,,,,,,100.0
,,,,,,100.0
,,,,,,100.0
,,,,,,100.0
,,,,,,100.0
,,,,,,100.0
,,,,,,100.0
,,,,,,100.0
,,,,,,100.0
,,,,,,100.0
,,,,,,100.0
,,,,,,100.0
,,,,,,100.0
,,,,,,100.0
,,,,,,100.0
,,,,,,100.0
,,,,,,100.0
,,,,,,100.0
,,,,,,100.0
,,,,,,100.0
,,,,,,100.0
,,,,,,100.0
,,,,,,100.0
,,,,,,100.0
,,,,,,100.0
,,,,,,100.0
,,,,,,100.0
,,,,,,100.0
,,,,,,100.0
,,,,,,100.0
,,,,,,100.0
,,,,,,100.0
,,,,,,100.0
,,,,,,100.0
,,,,,,100.0
,,,,,,100.0
,,,,,,100.0
,,,,,,100.0
,,,,,,100.0
,,,,,,100.0
,,,,,,100.0
,,,,,,100.0
,,,,,,100.0
,,,,,,100.0
,,,,,,100.0
,,,,,,100.0
,,,,,,100.0
,,,,,,100.0
,,,,,,100.0
,,,,,,100.0
,,,,,,100.0
,,,,,,100.0
,,,,,,100.0
,,,,,,100.0
,,,,,,100.0
,,,,,,100.0
,,,,,,100.0
,,,,,,100.0
,,,,,,100.0
,,,,,,100.0
,,,,,,100.0
,,,,,,100.0
,,,,,,100.0
,,,,,,100.0
,,,,,,100.0
,,,,,,100.0
,,,,,,100.0
,,,,,,100.0
,,,,,,100.0
,,,,,,100.0
,,,,,,100.0
,,,,,,100.0
,,,,,,100.0
,,,,,,100.0
,,,,,,100.0
,,,,,,100.0
,,,,,,100.0
,,,,,,100.0
,,,,,,100.0
,,,,,,100.0
,,,,,,100.0
,,,,,,100.0
,,,,,,100.0
,,,,,,100.0
,,,,,,100.0
,,,,,,100.0
,,,,,,100.0
,,,,,,100.0
,,,,,,100.0
,,,,,,100.0
,,,,,,100.0
,,,,,,100.0
,,,,,,100.0
,,,,,,100.0
,,,,,,100.0
,,,,,,100.0
,,,,,,100.0
,,,,,,100.0
,,,,,,100.0
,,,,,,100.0
,,,,,,100.0
,,,,,,100.0
,,,,,,100.0
,,,,,,100.0
,,,,,,100.0
,,,,,,100.0
,,,,,,100.0
,,,,,,100.0
,,,,,,100.0
,,,,,,100.0
,,,,,,100.0
,,,,,,100.0
,,,,,,100.0
,,,,,,100.0
,,,,,,100.0
,,,,,,100.0
,,,,,,100.0
,,,,,,100.0
,,,,,,100.0
,,,,,,100.0
,,,,,,100.0
,,,,,,100.0
,,,,,,100.0
,,,,,,100.0
,,,,,,100.0
,,,,,,100.0
,,,,,,100.0
,,,,,,100.0
,,,,,,100.0
,,,,,,100.0
,,,,,,100.0
,,,,,,100.0
,,,,,,100.0
,,,,,,100.0
,,,,,,100.0
,,,,,,100.0
,,,,,,100.0
,,,,,,100.0
,,,,,,100.0
,,,,,,100.0
,,,,,,100.0
,,,,,,100.0
,,,,,,100.0
,,,,,,100.0
,,,,,,100.0
,,,,,,100.0
,,,,,,100.0
,,,,,,100.0
,,,,,,100.0
,,,,,,100.0
,,,,,,100.0
,,,,,,100.0
,,,,,,100.0
,,,,,,100.0
,,,,,,100.0
,,,,,,100.0
,,,,,,100.0
,,,,,,100.0
,,,,,,100.0
,,,,,,100.0
,,,,,,100.0
,,,,,,100.0
,,,,,,100.0
,,,,,,100.0
,,,,,,100.0
,,,,,,100.0
,,,,,,100.0
,,,,,,100.0
,,,,,,100.0
,,,,,,100.0
,,,,,,100.0
,,,,,,100.0
,,,,,,100.0
,,,,,,100.0
,,,,,,100.0
,,,,,,100.0
,,,,,,100.0
,,,,,,100.0
,,,,,,100.0
,,,,,,100.0
,,,,,,100.0
,,,,,,100.0
,,,,,,100.0
,,,,,,100.0
,,,,,,100.0
,,,,,,100.0
,,,,,,100.0
,,,,,,100.0
,,,,,,100.0
,,,,,,100.0
,,,,,,100.0
,,,,,,100.0
,,,,,,100.0
,,,,,,100.0
,,,,,,100.0
,,,,,,100.0
,,,,,,100.0
,,,,,,100.0
,,,,,,100.0
,,,,,,100.0
,,,,,,100.0
,,,,,,100.0
,,,,,,100.0
,,,,,,100.0
,,,,,,100.0
,,,,,,100.0
,,,,,,100.0
,,,,,,100.0
,,,,,,100.0
,,,,,,100.0
,,,,,,100.0
,,,,,,100.0
,,,,,,100.0
,,,,,,100.0
,,,,,,100.0
,,,,,,100.0
,,,,,,100.0
,,,,,,100.0
,,,,,,100.0
,,,,,,100.0
,,,,,,100.0
,,,,,,100.0
,,,,,,100.0
,,,,,,100.0
,,,,,,100.0
,,,,,,100.0
,,,,,,100.0
,,,,,,100.0
,,,,,,100.0
,,,,,,100.0
,,,,,,100.0
,,,,,,100.0
,,,,,,100.0
,,,,,,100.0
,,,,,,100.0
,,,,,,100.0
,,,,,,100.0
,,,,,,100.0
,,,,,,100.0
,,,,,,100.0
,,,,,,100.0
,,,,,,100.0
,,,,,,100.0
,,,,,,100.0
,,,,,,100.0
,,,,,,100.0
,,,,,,100.0
,,,,,,100.0
,,,,,,100.0
,,,,,,100.0
,,,,,,100.0
,,,,,,100.0
,,,,,,100.0
,,,,,,100.0
,,,,,,100.0
,,,,,,100.0
,,,,,,100.0
,,,,,,100.0
,,,,,,100.0
,,,,,,100.0
,,,,,,100.0
,,,,,,100.0
,,,,,,100.0
,,,,,,100.0
,,,,,,100.0
,,,,,,100.0
,,,,,,100.0
,,,,,,100.0
,,,,,,100.0
,,,,,,100.0
,,,,,,100.0
,,,,,,100.0
,,,,,,100.0
,,,,,,100.0
,,,,,,100.0
,,,,,,100.0
,,,,,,100.0
,,,,,,100.0
,,,,,,100.0
,,,,,,100.0
,,,,,,100.0
,,,,,,100.0
,,,,,,100.0
,,,,,,100.0
,,,,,,100.0
,,,,,,100.0
,,,,,,100.0
,,,,,,100.0
,,,,,,100.0
,,,,,,100.0
,,,,,,100.0
,,,,,,100.0
,,,,,,100.0
,,,,,,100.0
,,,,,,100.0
,,,,,,100.0
,,,,,,100.0
,,,,,,100.0
,,,,,,100.0
,,,,,,100.0
,,,,,,100.0
,,,,,,100.0
,,,,,,100.0
,,,,,,100.0
,,,,,,100.0
,,,,,,100.0
,,,,,,100.0
,,,,,,100.0
,,,,,,100.0
,,,,,,100.0
,,,,,,100.0
,,,,,,100.0
,,,,,,100.0
,,,,,,100.0
,,,,,,100.0
,,,,,,100.0
,,,,,,100.0
,,,,,,100.0
,,,,,,100.0
,,,,,,100.0
,,,,,,100.0
,,,,,,100.0
,,,,,,100.0
,,,,,,100.0
,,,,,,100.0
,,,,,,100.0
,,,,,,100.0
,,,,,,100.0
,,,,,,100.0
,,,,,,100.0
,,,,,,100.0
,,,,,,100.0
,,,,,,100.0
,,,,,,100.0
,,,,,,100.0
,,,,,,100.0
,,,,,,100.0
,,,,,,100.0
,,,,,,100.0
,,,,,,100.0
,,,,,,100.0
,,,,,,100.0
,,,,,,100.0
,,,,,,100.0
,,,,,,100.0
,,,,,,100.0
,,,,,,100.0
,,,,,,100.0
,,,,,,100.0
,,,,,,100.0
,,,,,,100.0
,,,,,,100.0
,,,,,,100.0
,,,,,,100.0
,,,,,,100.0
,,,,,,100.0
,,,,,,100.0
,,,,,,100.0
,,,,,,100.0
,,,,,,100.0
,,,,,,100.0
,,,,,,100.0
,,,,,,100.0
,,,,,,100.0
,,,,,,100.0
,,,,,,100.0
,,,,,,100.0
,,,,,,100.0
,,,,,,100.0
,,,,,,100.0
,,,,,,100.0
,,,,,,100.0
,,,,,,100.0
,,,,,,100.0
,,,,,,100.0
,,,,,,100.0
,,,,,,100.0
,,,,,,100.0
,,,,,,100.0
,,,,,,100.0
,,,,,,100.0
,,,,,,100.0
,,,,,,100.0
,,,,,,100.0
,,,,,,100.0
,,,,,,100.0
,,,,,,100.0
,,,,,,100.0
,,,,,,100.0
,,,,,,100.0
,,,,,,100.0
,,,,,,100.0
,,,,,,100.0
,,,,,,100.0
,,,,,,100.0
,,,,,,100.0
,,,,,,100.0
,,,,,,100.0
,,,,,,100.0
,,,,,,100.0
,,,,,,100.0
,,,,,,100.0
,,,,,,100.0
,,,,,,100.0
,,,,,,100.0
,,,,,,100.0
,,,,,,100.0
,,,,,,100.0
,,,,,,100.0
,,,,,,100.0
,,,,,,100.0
,,,,,,100.0
,,,,,,100.0
,,,,,,100.0
,,,,,,100.0
,,,,,,100.0
,,,,,,100.0
,,,,,,100.0
,,,,,,100.0
,,,,,,100.0
,,,,,,100.0
,,,,,,100.0
,,,,,,100.0
,,,,,,100.0
,,,,,,100.0
,,,,,,100.0
,,,,,,100.0
,,,,,,100.0
,,,,,,100.0
,,,,,,100.0
,,,,,,100.0
,,,,,,100.0
,,,,,,100.0
,,,,,,100.0
,,,,,,100.0
,,,,,,100.0
,,,,,,100.0
,,,,,,100.0
,,,,,,100.0
,,,,,,100.0
,,,,,,100.0
,,,,,,100.0
,,,,,,100.0
,,,,,,100.0
,,,,,,100.0
,,,,,,100.0
,,,,,,100.0
,,,,,,100.0
,,,,,,100.0
,,,,,,100.0
,,,,,,100.0
,,,,,,100.0
,,,,,,100.0
,,,,,,100.0
,,,,,,100.0
,,,,,,100.0
,,,,,,100.0
,,,,,,100.0
,,,,,,100.0
,,,,,,100.0
,,,,,,100.0
,,,,,,100.0
,,,,,,100.0
,,,,,,100.0
,,,,,,100.0
,,,,,,100.0
,,,,,,100.0
,,,,,,100.0
,,,,,,100.0
,,,,,,100.0
,,,,,,100.0
,,,,,,100.0
,,,,,,100.0
,,,,,,100.0
,,,,,,100.0
,,,,,,100.0
,,,,,,100.0
,,,,,,100.0
,,,,,,100.0
,,,,,,100.0
,,,,,,100.0
,,,,,,100.0
,,,,,,100.0
,,,,,,100.0
,,,,,,100.0
,,,,,,100.0
,,,,,,100.0
,,,,,,100.0
,,,,,,100.0
,,,,,,100.0
,,,,,,100.0
,,,,,,100.0
,,,,,,100.0
,,,,,,100.0
,,,,,,100.0
,,,,,,100.0
,,,,,,100.0
,,,,,,100.0
,,,,,,100.0
,,,,,,100.0
,,,,,,100.0
,,,,,,100.0
,,,,,,100.0
,,,,,,100.0
,,,,,,100.0
,,,,,,100.0
,,,,,,100.0
,,,,,,100.0
,,,,,,100.0
,,,,,,100.0
,,,,,,100.0
,,,,,,100.0
,,,,,,100.0
,,,,,,100.0
,,,,,,100.0
,,,,,,100.0
,,,,,,100.0
,,,,,,100.0
,,,,,,100.0
,,,,,,100.0
,,,,,,100.0
,,,,,,100.0
,,,,,,100.0
,,,,,,100.0
,,,,,,100.0
,,,,,,100.0
,,,,,,100.0
,,,,,,100.0
,,,,,,100.0
,,,,,,100.0
,,,,,,100.0
,,,,,,100.0
,,,,,,100.0
,,,,,,100.0
,,,,,,100.0
,,,,,,100.0
,,,,,,100.0
,,,,,,100.0
,,,,,,100.0
,,,,,,100.0
,,,,,,100.0
,,,,,,100.0
,,,,,,100.0
,,,,,,100.0
,,,,,,100.0
,,,,,,100.0
,,,,,,100.0
,,,,,,100.0
,,,,,,100.0
,,,,,,100.0
,,,,,,100.0
,,,,,,100.0
,,,,,,100.0
,,,,,,100.0
,,,,,,100.0
,,,,,,100.0
,,,,,,100.0
,,,,,,100.0
,,,,,,100.0
,,,,,,100.0
,,,,,,100.0
,,,,,,100.0
,,,,,,100.0
,,,,,,100.0
,,,,,,100.0
,,,,,,100.0
,,,,,,100.0
,,,,,,100.0
,,,,,,100.0
,,,,,,100.0
,,,,,,100.0
,,,,,,100.0
,,,,,,100.0
,,,,,,100.0
,,,,,,100.0
,,,,,,100.0
,,,,,,100.0
,,,,,,100.0
,,,,,,100.0
,,,,,,100.0
,,,,,,100.0
,,,,,,100.0
,,,,,,100.0
,,,,,,100.0
,,,,,,100.0
,,,,,,100.0
,,,,,,100.0
,,,,,,100.0
,,,,,,100.0
,,,,,,100.0
,,,,,,100.0
,,,,,,100.0
,,,,,,100.0
,,,,,,100.0
,,,,,,100.0
,,,,,,100.0
,,,,,,100.0
,,,,,,100.0
,,,,,,100.0
,,,,,,100.0
,,,,,,100.0
,,,,,,100.0
,,,,,,100.0
,,,,,,100.0
,,,,,,100.0
,,,,,,100.0
,,,,,,100.0
,,,,,,100.0
,,,,,,100.0
,,,,,,100.0
,,,,,,100.0
,,,,,,100.0
,,,,,,100.0
,,,,,,100.0
,,,,,,100.0
,,,,,,100.0
,,,,,,100.0
,,,,,,100.0
,,,,,,100.0
,,,,,,100.0
,,,,,,100.0
,,,,,,100.0
,,,,,,100.0
,,,,,,100.0
,,,,,,100.0
,,,,,,100.0
,,,,,,100.0
,,,,,,100.0
,,,,,,100.0
,,,,,,100.0
,,,,,,100.0
,,,,,,100.0
,,,,,,100.0
,,,,,,100.0
,,,,,,100.0
,,,,,,100.0
,,,,,,100.0
,,,,,,100.0
,,,,,,100.0
,,,,,,100.0
,,,,,,100.0
,,,,,,100.0
,,,,,,100.0
,,,,,,100.0
,,,,,,100.0
,,,,,,100.0
,,,,,,100.0
,,,,,,100.0
,,,,,,100.0
,,,,,,100.0
,,,,,,100.0
,,,,,,100.0
,,,,,,100.0
,,,,,,100.0
,,,,,,100.0
,,,,,,100.0
,,,,,,100.0
,,,,,,100.0
,,,,,,100.0
,,,,,,100.0
,,,,,,100.0
,,,,,,100.0
,,,,,,100.0
,,,,,,100.0
,,,,,,100.0
,,,,,,100.0
,,,,,,100.0
,,,,,,100.0
,,,,,,100.0
,,,,,,100.0
,,,,,,100.0
,,,,,,100.0
,,,,,,100.0
,,,,,,100.0
,,,,,,100.0
,,,,,,100.0
,,,,,,100.0
,,,,,,100.0
,,,,,,100.0
,,,,,,100.0
,,,,,,100.0
,,,,,,100.0
,,,,,,100.0
,,,,,,100.0
,,,,,,100.0
,,,,,,100.0
,,,,,,100.0
,,,,,,100.0
,,,,,,100.0
,,,,,,100.0
,,,,,,100.0
,,,,,,100.0
,,,,,,100.0
,,,,,,100.0
,,,,,,100.0
,,,,,,100.0
,,,,,,100.0
,,,,,,100.0
,,,,,,100.0
,,,,,,100.0
,,,,,,100.0
,,,,,,100.0
,,,,,,100.0
,,,,,,100.0
,,,,,,100.0
,,,,,,100.0
,,,,,,100.0
,,,,,,100.0
,,,,,,100.0
,,,,,,100.0
,,,,,,100.0
,,,,,,100.0
,,,,,,100.0
,,,,,,100.0
,,,,,,100.0
,,,,,,100.0
,,,,,,100.0
,,,,,,100.0
,,,,,,100.0
,,,,,,100.0
,,,,,,100.0
,,,,,,100.0
,,,,,,100.0
,,,,,,100.0
,,,,,,100.0
,,,,,,100.0
,,,,,,100.0
,,,,,,100.0
,,,,,,100.0
,,,,,,100.0
,,,,,,100.0
,,,,,,100.0
,,,,,,100.0
,,,,,,100.0
,,,,,,100.0
,,,,,,100.0
,,,,,,100.0
,,,,,,100.0
,,,,,,100.0
,,,,,,100.0
,,,,,,100.0
,,,,,,100.0
,,,,,,100.0
,,,,,,100.0
,,,,,,100.0
,,,,,,100.0
,,,,,,100.0
,,,,,,100.0
,,,,,,100.0
,,,,,,100.0
,,,,,,100.0
,,,,,,100.0
,,,,,,100.0
,,,,,,100.0
,,,,,,100.0
,,,,,,100.0
,,,,,,100.0
,,,,,,100.0
,,,,,,100.0
,,,,,,100.0
,,,,,,100.0
,,,,,,100.0
,,,,,,100.0
,,,,,,100.0
,,,,,,100.0
,,,,,,100.0
,,,,,,100.0
,,,,,,100.0
,,,,,,100.0
,,,,,,100.0
,,,,,,100.0
,,,,,,100.0
,,,,,,100.0
,,,,,,100.0
,,,,,,100.0
,,,,,,100.0
,,,,,,100.0
,,,,,,100.0
,,,,,,100.0
,,,,,,100.0
,,,,,,100.0
,,,,,,100.0
,,,,,,100.0
,,,,,,100.0
,,,,,,100.0
,,,,,,100.0
,,,,,,100.0
,,,,,,100.0
,,,,,,100.0
,,,,,,100.0
,,,,,,100.0
,,,,,,100.0
,,,,,,100.0
,,,,,,100.0
,,,,,,100.0
,,,,,,100.0
,,,,,,100.0
,,,,,,100.0
,,,,,,100.0
,,,,,,100.0
,,,,,,100.0
,,,,,,100.0
,,,,,,100.0
,,,,,,100.0
,,,,,,100.0
,,,,,,100.0
,,,,,,100.0
,,,,,,100.0
,,,,,,100.0
,,,,,,100.0
,,,,,,100.0
,,,,,,100.0
,,,,,,100.0
,,,,,,100.0
,,,,,,100.0
,,,,,,100.0
,,,,,,100.0
,,,,,,100.0
,,,,,,100.0
,,,,,,100.0
,,,,,,100.0
,,,,,,100.0
,,,,,,100.0
,,,,,,100.0
,,,,,,100.0
,,,,,,100.0
,,,,,,100.0
,,,,,,100.0
,,,,,,100.0
,,,,,,100.0
,,,,,,100.0
,,,,,,100.0
,,,,,,100.0
,,,,,,100.0
,,,,,,100.0
,,,,,,100.0
,,,,,,100.0
,,,,,,100.0
,,,,,,100.0
,,,,,,100.0
,,,,,,100.0
,,,,,,100.0
,,,,,,100.0
,,,,,,100.0
,,,,,,100.0
,,,,,,100.0
,,,,,,100.0
,,,,,,100.0
,,,,,,100.0
,,,,,,100.0
,,,,,,100.0
,,,,,,100.0
,,,,,,100.0
,,,,,,100.0
,,,,,,100.0
,,,,,,100.0
,,,,,,100.0
,,,,,,100.0
,,,,,,100.0
,,,,,,100.0
,,,,,,100.0
,,,,,,100.0
,,,,,,100.0
,,,,,,100.0
,,,,,,100.0
,,,,,,100.0
,,,,,,100.0
,,,,,,100.0
,,,,,,100.0
,,,,,,100.0
,,,,,,100.0
,,,,,,100.0
,,,,,,100.0
,,,,,,100.0
,,,,,,100.0
,,,,,,100.0
,,,,,,100.0
,,,,,,100.0
,,,,,,100.0
,,,,,,100.0
,,,,,,100.0
,,,,,,100.0
,,,,,,100.0
,,,,,,100.0
,,,,,,100.0
,,,,,,100.0
,,,,,,100.0
,,,,,,100.0
,,,,,,100.0
,,,,,,100.0
,,,,,,100.0
,,,,,,100.0
,,,,,,100.0
,,,,,,100.0
,,,,,,100.0
,,,,,,100.0
,,,,,,100.0
,,,,,,100.0
,,,,,,100.0
,,,,,,100.0
,,,,,,100.0
,,,,,,100.0
,,,,,,100.0
,,,,,,100.0
,,,,,,100.0
,,,,,,100.0
,,,,,,100.0
,,,,,,100.0
,,,,,,100.0
,,,,,,100.0
,,,,,,100.0
,,,,,,100.0
,,,,,,100.0
,,,,,,100.0
,,,,,,100.0
,,,,,,100.0
,,,,,,100.0
,,,,,,100.0
,,,,,,100.0
,,,,,,100.0
,,,,,,100.0
,,,,,,100.0
,,,,,,100.0
,,,,,,100.0
,,,,,,100.0
,,,,,,100.0
,,,,,,100.0
,,,,,,100.0
,,,,,,100.0
,,,,,,100.0
,,,,,,100.0
,,,,,,100.0
,,,,,,100.0
,,,,,,100.0
,,,,,,100.0
,,,,,,100.0
,,,,,,100.0
,,,,,,100.0
,,,,,,100.0
,,,,,,100.0
,,,,,,100.0
,,,,,,100.0
,,,,,,100.0
,,,,,,100.0
,,,,,,100.0
,,,,,,100.0
,,,,,,100.0
,,,,,,100.0
,,,,,,100.0
,,,,,,100.0
,,,,,,100.0
,,,,,,100.0
,,,,,,100.0
,,,,,,100.0
,,,,,,100.0
,,,,,,100.0
,,,,,,100.0
,,,,,,100.0
,,,,,,100.0
,,,,,,100.0
,,,,,,100.0
,,,,,,100.0
,,,,,,100.0
,,,,,,100.0
,,,,,,100.0
,,,,,,100.0
,,,,,,100.0
,,,,,,100.0
,,,,,,100.0
,,,,,,100.0
,,,,,,100.0
,,,,,,100.0
,,,,,,100.0
,,,,,,100.0
,,,,,,100.0
,,,,,,100.0
,,,,,,100.0
,,,,,,100.0
,,,,,,100.0
,,,,,,100.0
,,,,,,100.0
,,,,,,100.0
,,,,,,100.0
,,,,,,100.0
,,,,,,100.0
,,,,,,100.0
,,,,,,100.0
,,,,,,100.0
,,,,,,100.0
,,,,,,100.0
,,,,,,100.0
,,,,,,100.0
,,,,,,100.0
,,,,,,100.0
,,,,,,100.0
,,,,,,100.0
,,,,,,100.0
,,,,,,100.0
,,,,,,100.0
,,,,,,100.0
,,,,,,100.0
,,,,,,100.0
,,,,,,100.0
,,,,,,100.0
,,,,,,100.0
,,,,,,100.0
,,,,,,100.0
,,,,,,100.0
,,,,,,100.0
,,,,,,100.0
,,,,,,100.0
,,,,,,100.0
,,,,,,100.0
,,,,,,100.0
,,,,,,100.0
,,,,,,100.0
,,,,,,100.0
,,,,,,100.0
,,,,,,100.0
,,,,,,100.0
,,,,,,100.0
,,,,,,100.0
,,,,,,100.0
,,,,,,100.0
,,,,,,100.0
,,,,,,100.0
,,,,,,100.0
,,,,,,100.0
,,,,,,100.0
,,,,,,100.0
,,,,,,100.0
,,,,,,100.0
,,,,,,100.0
,,,,,,100.0
,,,,,,100.0
,,,,,,100.0
,,,,,,100.0
,,,,,,100.0
,,,,,,100.0
,,,,,,100.0
,,,,,,100.0
,,,,,,100.0
,,,,,,100.0
,,,,,,100.0
,,,,,,100.0
,,,,,,100.0
,,,,,,100.0
,,,,,,100.0
,,,,,,100.0
,,,,,,100.0
,,,,,,100.0
,,,,,,100.0
,,,,,,100.0
,,,,,,100.0
,,,,,,100.0
,,,,,,100.0
,,,,,,100.0
,,,,,,100.0
,,,,,,100.0
,,,,,,100.0
,,,,,,100.0
,,,,,,100.0
,,,,,,100.0
,,,,,,100.0
,,,,,,100.0
,,,,,,100.0
,,,,,,100.0
,,,,,,100.0
,,,,,,100.0
,,,,,,100.0
,,,,,,100.0
,,,,,,100.0
,,,,,,100.0
,,,,,,100.0
,,,,,,100.0
,,,,,,100.0
,,,,,,100.0
,,,,,,100.0
,,,,,,100.0
,,,,,,100.0
,,,,,,100.0
,,,,,,100.0
,,,,,,100.0
,,,,,,100.0
,,,,,,100.0
,,,,,,100.0
,,,,,,100.0
,,,,,,100.0
,,,,,,100.0
,,,,,,100.0
,,,,,,100.0
,,,,,,100.0
,,,,,,100.0
,,,,,,100.0
,,,,,,100.0
,,,,,,100.0
,,,,,,100.0
,,,,,,100.0
,,,,,,100.0
,,,,,,100.0
,,,,,,100.0
,,,,,,100.0
,,,,,,100.0
,,,,,,100.0
,,,,,,100.0
,,,,,,100.0
,,,,,,100.0
,,,,,,100.0
,,,,,,100.0
,,,,,,100.0
,,,,,,100.0
,,,,,,100.0
,,,,,,100.0
,,,,,,100.0
,,,,,,100.0
,,,,,,100.0
,,,,,,100.0
,,,,,,100.0
,,,,,,100.0
,,,,,,100.0
,,,,,,100.0
,,,,,,100.0
,,,,,,100.0
,,,,,,100.0
,,,,,,100.0
,,,,,,100.0
,,,,,,100.0
,,,,,,100.0
,,,,,,100.0
,,,,,,100.0
,,,,,,100.0
,,,,,,100.0
,,,,,,100.0
,,,,,,100.0
,,,,,,100.0
,,,,,,100.0
,,,,,,100.0
,,,,,,100.0
,,,,,,100.0
,,,,,,100.0
,,,,,,100.0
,,,,,,100.0
,,,,,,100.0
,,,,,,100.0
,,,,,,100.0
,,,,,,100.0
,,,,,,100.0
,,,,,,100.0
,,,,,,100.0
,,,,,,100.0
,,,,,,100.0
,,,,,,100.0
,,,,,,100.0
,,,,,,100.0
,,,,,,100.0
,,,,,,100.0
,,,,,,100.0
,,,,,,100.0
,,,,,,100.0
,,,,,,100.0
,,,,,,100.0
,,,,,,100.0
,,,,,,100.0
,,,,,,100.0
,,,,,,100.0
,,,,,,100.0
,,,,,,100.0
,,,,,,100.0
,,,,,,100.0
,,,,,,100.0
,,,,,,100.0
,,,,,,100.0
,,,,,,100.0
,,,,,,100.0
,,,,,,100.0
,,,,,,100.0
,,,,,,100.0
,,,,,,100.0
,,,,,,100.0
,,,,,,100.0
,,,,,,100.0
,,,,,,100.0
,,,,,,100.0
,,,,,,100.0
,,,,,,100.0
,,,,,,100.0
,,,,,,100.0
,,,,,,100.0
,,,,,,100.0
,,,,,,100.0
,,,,,,100.0
,,,,,,100.0
,,,,,,100.0
,,,,,,100.0
,,,,,,100.0
,,,,,,100.0
,,,,,,100.0
,,,,,,100.0
,,,,,,100.0
,,,,,,100.0
,,,,,,100.0
,,,,,,100.0
,,,,,,100.0
,,,,,,100.0
,,,,,,100.0
,,,,,,100.0
,,,,,,100.0
,,,,,,100.0
,,,,,,100.0
,,,,,,100.0
,,,,,,100.0
,,,,,,100.0
,,,,,,100.0
,,,,,,100.0
,,,,,,100.0
,,,,,,100.0
,,,,,,100.0
,,,,,,100.0
,,,,,,100.0
,,,,,,100.0
,,,,,,100.0
,,,,,,100.0
,,,,,,100.0
,,,,,,100.0
,,,,,,100.0
,,,,,,100.0
,,,,,,100.0
,,,,,,100.0
,,,,,,100.0
,,,,,,100.0
,,,,,,100.0
,,,,,,100.0
,,,,,,100.0
,,,,,,100.0
,,,,,,100.0
,,,,,,100.0
,,,,,,100.0
,,,,,,100.0
,,,,,,100.0
,,,,,,100.0
,,,,,,100.0
,,,,,,100.0
,,,,,,100.0
,,,,,,100.0
,,,,,,100.0
,,,,,,100.0
,,,,,,100.0
,,,,,,100.0
,,,,,,100.0
,,,,,,100.0
,,,,,,100.0
,,,,,,100.0
,,,,,,100.0
,,,,,,100.0
,,,,,,100.0
,,,,,,100.0
,,,,,,100.0
,,,,,,100.0
,,,,,,100.0
,,,,,,100.0
,,,,,,100.0
,,,,,,100.0
,,,,,,100.0
,,,,,,100.0
,,,,,,100.0
,,,,,,100.0
,,,,,,100.0
,,,,,,100.0
,,,,,,100.0
,,,,,,100.0
,,,,,,100.0
,,,,,,100.0
,,,,,,100.0
,,,,,,100.0
,,,,,,100.0
,,,,,,100.0
,,,,,,100.0
,,,,,,100.0
,,,,,,100.0
,,,,,,100.0
,,,,,,100.0
,,,,,,100.0
,,,,,,100.0
,,,,,,100.0
,,,,,,100.0
,,,,,,100.0
,,,,,,100.0
,,,,,,100.0
,,,,,,100.0
,,,,,,100.0
,,,,,,100.0
,,,,,,100.0
,,,,,,100.0
,,,,,,100.0
,,,,,,100.0
,,,,,,100.0
,,,,,,100.0
,,,,,,100.0
,,,,,,100.0
,,,,,,100.0
,,,,,,100.0
,,,,,,100.0
,,,,,,100.0
,,,,,,100.0
,,,,,,100.0
,,,,,,100.0
,,,,,,100.0
,,,,,,100.0
,,,,,,100.0
,,,,,,100.0
,,,,,,100.0
,,,,,,100.0
,,,,,,100.0
,,,,,,100.0
,,,,,,100.0
,,,,,,100.0
,,,,,,100.0
,,,,,,100.0
,,,,,,100.0
,,,,,,100.0
,,,,,,100.0
,,,,,,100.0
,,,,,,100.0
,,,,,,100.0
,,,,,,100.0
,,,,,,100.0
,,,,,,100.0
,,,,,,100.0
,,,,,,100.0
,,,,,,100.0
,,,,,,100.0
,,,,,,100.0
,,,,,,100.0
,,,,,,100.0
,,,,,,100.0
,,,,,,100.0
,,,,,,100.0
,,,,,,100.0
,,,,,,100.0
,,,,,,100.0
,,,,,,100.0
,,,,,,100.0
,,,,,,100.0
,,,,,,100.0
,,,,,,100.0
,,,,,,100.0
,,,,,,100.0
,,,,,,100.0
,,,,,,100.0
,,,,,,100.0
,,,,,,100.0
,,,,,,100.0
,,,,,,100.0
,,,,,,100.0
,,,,,,100.0
,,,,,,100.0
,,,,,,100.0
,,,,,,100.0
,,,,,,100.0
,,,,,,100.0
,,,,,,100.0
,,,,,,100.0
,,,,,,100.0
,,,,,,100.0
,,,,,,100.0
,,,,,,100.0
,,,,,,100.0
,,,,,,100.0
,,,,,,100.0
,,,,,,100.0
,,,,,,100.0
,,,,,,100.0
,,,,,,100.0
,,,,,,100.0
,,,,,,100.0
,,,,,,100.0
,,,,,,100.0
,,,,,,100.0
,,,,,,100.0
,,,,,,100.0
,,,,,,100.0
,,,,,,100.0
,,,,,,100.0
,,,,,,100.0
,,,,,,100.0
,,,,,,100.0
,,,,,,100.0
,,,,,,100.0
,,,,,,100.0
,,,,,,100.0
,,,,,,100.0
,,,,,,100.0
,,,,,,100.0
,,,,,,100.0
,,,,,,100.0
,,,,,,100.0
,,,,,,100.0
,,,,,,100.0
,,,,,,100.0
,,,,,,100.0
,,,,,,100.0
,,,,,,100.0
,,,,,,100.0
,,,,,,100.0
,,,,,,100.0
,,,,,,100.0
,,,,,,100.0
,,,,,,100.0
,,,,,,100.0
,,,,,,100.0
,,,,,,100.0
,,,,,,100.0
,,,,,,100.0
,,,,,,100.0
,,,,,,100.0
,,,,,,100.0
,,,,,,100.0
,,,,,,100.0
,,,,,,100.0
,,,,,,100.0
,,,,,,100.0
,,,,,,100.0
,,,,,,100.0
,,,,,,100.0
,,,,,,100.0
,,,,,,100.0
,,,,,,100.0
,,,,,,100.0
,,,,,,100.0
,,,,,,100.0
,,,,,,100.0
,,,,,,100.0
,,,,,,100.0
,,,,,,100.0
,,,,,,100.0
,,,,,,100.0
,,,,,,100.0
,,,,,,100.0
,,,,,,100.0
,,,,,,100.0
,,,,,,100.0
,,,,,,100.0
,,,,,,100.0
,,,,,,100.0
,,,,,,100.0
,,,,,,100.0
,,,,,,100.0
,,,,,,100.0
,,,,,,100.0
,,,,,,100.0
,,,,,,100.0
,,,,,,100.0
,,,,,,100.0
,,,,,,100.0
,,,,,,100.0
,,,,,,100.0
,,,,,,100.0
,,,,,,100.0
,,,,,,100.0
,,,,,,100.0
,,,,,,100.0
,,,,,,100.0
,,,,,,100.0
,,,,,,100.0
,,,,,,100.0
,,,,,,100.0
,,,,,,100.0
,,,,,,100.0
,,,,,,100.0
,,,,,,100.0
,,,,,,100.0
,,,,,,100.0
,,,,,,100.0
,,,,,,100.0
,,,,,,100.0
,,,,,,100.0
,,,,,,100.0
,,,,,,100.0
,,,,,,100.0
,,,,,,100.0
,,,,,,100.0
,,,,,,100.0
,,,,,,100.0
,,,,,,100.0
,,,,,,100.0
,,,,,,100.0
,,,,,,100.0
,,,,,,100.0
,,,,,,100.0
,,,,,,100.0
,,,,,,100.0
,,,,,,100.0
,,,,,,100.0
,,,,,,100.0
,,,,,,100.0
,,,,,,100.0
,,,,,,100.0
,,,,,,100.0
,,,,,,100.0
,,,,,,100.0
,,,,,,100.0
,,,,,,100.0
,,,,,,100.0
,,,,,,100.0
,,,,,,100.0
,,,,,,100.0
,,,,,,100.0
,,,,,,100.0
,,,,,,100.0
,,,,,,100.0
,,,,,,100.0
,,,,,,100.0
,,,,,,100.0
,,,,,,100.0
,,,,,,100.0
,,,,,,100.0
,,,,,,100.0
,,,,,,100.0
,,,,,,100.0
,,,,,,100.0
,,,,,,100.0
,,,,,,100.0
,,,,,,100.0
,,,,,,100.0
,,,,,,100.0
,,,,,,100.0
,,,,,,100.0
,,,,,,100.0
,,,,,,100.0
,,,,,,100.0
,,,,,,100.0
,,,,,,100.0
,,,,,,100.0
,,,,,,100.0
,,,,,,100.0
,,,,,,100.0
,,,,,,100.0
,,,,,,100.0
,,,,,,100.0
,,,,,,100.0
,,,,,,100.0
,,,,,,100.0
,,,,,,100.0
,,,,,,100.0
,,,,,,100.0
,,,,,,100.0
,,,,,,100.0
,,,,,,100.0
,,,,,,100.0
,,,,,,100.0
,,,,,,100.0
,,,,,,100.0
,,,,,,100.0
,,,,,,100.0
,,,,,,100.0
,,,,,,100.0
,,,,,,100.0
,,,,,,100.0
,,,,,,100.0
,,,,,,100.0
,,,,,,100.0
,,,,,,100.0
,,,,,,100.0
,,,,,,100.0
,,,,,,100.0
,,,,,,100.0
,,,,,,100.0
,,,,,,100.0
,,,,,,100.0
,,,,,,100.0
,,,,,,100.0
,,,,,,100.0
,,,,,,100.0
,,,,,,100.0
,,,,,,100.0
,,,,,,100.0
,,,,,,100.0
,,,,,,100.0
,,,,,,100.0
,,,,,,100.0
,,,,,,100.0
,,,,,,100.0
,,,,,,100.0
,,,,,,100.0
,,,,,,100.0
,,,,,,100.0
,,,,,,100.0
,,,,,,100.0
,,,,,,100.0
,,,,,,100.0
,,,,,,100.0
,,,,,,100.0
,,,,,,100.0
,,,,,,100.0
,,,,,,100.0
,,,,,,100.0
,,,,,,100.0
,,,,,,100.0
,,,,,,100.0
,,,,,,100.0
,,,,,,100.0
,,,,,,100.0
,,,,,,100.0
,,,,,,100.0
,,,,,,100.0
,,,,,,100.0
,,,,,,100.0
,,,,,,100.0
,,,,,,100.0
,,,,,,100.0
,,,,,,100.0
,,,,,,100.0
,,,,,,100.0
,,,,,,100.0
,,,,,,100.0
,,,,,,100.0
,,,,,,100.0
,,,,,,100.0
,,,,,,100.0
,,,,,,100.0
,,,,,,100.0
,,,,,,100.0
,,,,,,100.0
,,,,,,100.0
,,,,,,100.0
,,,,,,100.0
,,,,,,100.0
,,,,,,100.0
,,,,,,100.0
,,,,,,100.0
,,,,,,100.0
,,,,,,100.0
,,,,,,100.0
,,,,,,100.0
,,,,,,100.0
,,,,,,100.0
,,,,,,100.0
,,,,,,100.0
,,,,,,100.0
,,,,,,100.0
,,,,,,100.0
,,,,,,100.0
,,,,,,100.0
,,,,,,100.0
,,,,,,100.0
,,,,,,100.0
,,,,,,100.0
,,,,,,100.0
,,,,,,100.0
,,,,,,100.0
,,,,,,100.0
,,,,,,100.0
,,,,,,100.0
,,,,,,100.0
,,,,,,100.0
,,,,,,100.0
,,,,,,100.0
,,,,,,100.0
,,,,,,100.0
,,,,,,100.0
,,,,,,100.0
,,,,,,100.0
,,,,,,100.0
,,,,,,100.0
,,,,,,100.0
,,,,,,100.0
,,,,,,100.0
,,,,,,100.0
,,,,,,100.0
,,,,,,100.0
,,,,,,100.0
,,,,,,100.0
,,,,,,100.0
,,,,,,100.0
,,,,,,100.0
,,,,,,100.0
,,,,,,100.0
,,,,,,100.0
,,,,,,100.0
,,,,,,100.0
,,,,,,100.0
,,,,,,100.0
,,,,,,100.0
,,,,,,100.0
,,,,,,100.0
,,,,,,100.0
,,,,,,100.0
,,,,,,100.0
,,,,,,100.0
,,,,,,100.0
,,,,,,100.0
,,,,,,100.0
,,,,,,100.0
,,,,,,100.0
,,,,,,100.0
,,,,,,100.0
,,,,,,100.0
,,,,,,100.0
,,,,,,100.0
,,,,,,100.0
,,,,,,100.0
,,,,,,100.0
,,,,,,100.0
,,,,,,100.0
,,,,,,100.0
,,,,,,100.0
,,,,,,100.0
,,,,,,100.0
,,,,,,100.0
,,,,,,100.0
,,,,,,100.0
,,,,,,100.0
,,,,,,100.0
,,,,,,100.0
,,,,,,100.0
,,,,,,100.0
,,,,,,100.0
,,,,,,100.0
,,,,,,100.0
,,,,,,100.0
,,,,,,100.0
,,,,,,100.0
,,,,,,100.0
,,,,,,100.0
,,,,,,100.0
,,,,,,100.0
,,,,,,100.0
,,,,,,100.0
,,,,,,100.0
,,,,,,100.0
,,,,,,100.0
,,,,,,100.0
,,,,,,100.0
,,,,,,100.0
,,,,,,100.0
,,,,,,100.0
,,,,,,100.0
,,,,,,100.0
,,,,,,100.0
,,,,,,100.0
,,,,,,100.0
,,,,,,100.0
,,,,,,100.0
,,,,,,100.0
,,,,,,100.0
,,,,,,100.0
,,,,,,100.0
,,,,,,100.0
,,,,,,100.0
,,,,,,100.0
,,,,,,100.0
,,,,,,100.0
,,,,,,100.0
,,,,,,100.0
,,,,,,100.0
,,,,,,100.0
,,,,,,100.0
,,,,,,100.0
,,,,,,100.0
,,,,,,100.0
,,,,,,100.0
,,,,,,100.0
,,,,,,100.0
,,,,,,100.0
,,,,,,100.0
,,,,,,100.0
,,,,,,100.0
,,,,,,100.0
,,,,,,100.0
,,,,,,100.0
,,,,,,100.0
,,,,,,100.0
,,,,,,100.0
,,,,,,100.0
,,,,,,100.0
,,,,,,100.0
,,,,,,100.0
,,,,,,100.0
,,,,,,100.0
,,,,,,100.0
,,,,,,100.0
,,,,,,100.0
,,,,,,100.0
,,,,,,100.0
,,,,,,100.0
,,,,,,100.0
,,,,,,100.0
,,,,,,100.0
,,,,,,100.0
,,,,,,100.0
,,,,,,100.0
,,,,,,100.0
,,,,,,100.0
,,,,,,100.0
,,,,,,100.0
,,,,,,100.0
,,,,,,100.0
,,,,,,100.0
,,,,,,100.0
,,,,,,100.0
,,,,,,100.0
,,,,,,100.0
,,,,,,100.0
,,,,,,100.0
,,,,,,100.0
,,,,,,100.0
,,,,,,100.0
,,,,,,100.0
,,,,,,100.0
,,,,,,100.0
,,,,,,100.0
,,,,,,100.0
,,,,,,100.0
,,,,,,100.0
,,,,,,100.0
,,,,,,100.0
,,,,,,100.0
,,,,,,100.0
,,,,,,100.0
,,,,,,100.0
,,,,,,100.0
,,,,,,100.0
,,,,,,100.0
,,,,,,100.0
,,,,,,100.0
,,,,,,100.0
,,,,,,100.0
,,,,,,100.0
,,,,,,100.0
,,,,,,100.0
,,,,,,100.0
,,,,,,100.0
,,,,,,100.0
,,,,,,100.0
,,,,,,100.0
,,,,,,100.0
,,,,,,100.0
,,,,,,100.0
,,,,,,100.0
,,,,,,100.0
,,,,,,100.0
,,,,,,100.0
,,,,,,100.0
,,,,,,100.0
,,,,,,100.0
,,,,,,100.0
,,,,,,100.0
,,,,,,100.0
,,,,,,100.0
,,,,,,100.0
,,,,,,100.0
,,,,,,100.0
,,,,,,100.0
,,,,,,100.0
,,,,,,100.0
,,,,,,100.0
,,,,,,100.0
,,,,,,100.0
,,,,,,100.0
,,,,,,100.0
,,,,,,100.0
,,,,,,100.0
,,,,,,100.0
,,,,,,100.0
,,,,,,100.0
,,,,,,100.0
,,,,,,100.0
,,,,,,100.0
,,,,,,100.0
,,,,,,100.0
,,,,,,100.0
,,,,,,100.0
,,,,,,100.0
,,,,,,100.0
,,,,,,100.0
,,,,,,100.0
,,,,,,100.0
,,,,,,100.0
,,,,,,100.0
,,,,,,100.0
,,,,,,100.0
,,,,,,100.0
,,,,,,100.0
,,,,,,100.0
,,,,,,100.0
,,,,,,100.0
,,,,,,100.0
,,,,,,100.0
,,,,,,100.0
,,,,,,100.0
,,,,,,100.0
,,,,,,100.0
,,,,,,100.0
,,,,,,100.0
,,,,,,100.0
,,,,,,100.0
,,,,,,100.0
,,,,,,100.0
,,,,,,100.0
,,,,,,100.0
,,,,,,100.0
,,,,,,100.0
,,,,,,100.0
,,,,,,100.0
,,,,,,100.0
,,,,,,100.0
,,,,,,100.0
,,,,,,100.0
,,,,,,100.0
,,,,,,100.0
,,,,,,100.0
,,,,,,100.0
,,,,,,100.0
,,,,,,100.0
,,,,,,100.0
,,,,,,100.0
,,,,,,100.0
,,,,,,100.0
,,,,,,100.0
,,,,,,100.0
,,,,,,100.0
,,,,,,100.0
,,,,,,100.0
,,,,,,100.0
,,,,,,100.0
,,,,,,100.0
,,,,,,100.0
,,,,,,100.0
,,,,,,100.0
,,,,,,100.0
,,,,,,100.0
,,,,,,100.0
,,,,,,100.0
,,,,,,100.0
,,,,,,100.0
,,,,,,100.0
,,,,,,100.0
,,,,,,100.0
,,,,,,100.0
,,,,,,100.0
,,,,,,100.0
,,,,,,100.0
,,,,,,100.0
,,,,,,100.0
,,,,,,100.0
,,,,,,100.0
,,,,,,100.0
,,,,,,100.0
,,,,,,100.0
,,,,,,100.0
,,,,,,100.0
,,,,,,100.0
,,,,,,100.0
,,,,,,100.0
,,,,,,100.0
,,,,,,100.0
,,,,,,100.0
,,,,,,100.0
,,,,,,100.0
,,,,,,100.0
,,,,,,100.0
,,,,,,100.0
,,,,,,100.0
,,,,,,100.0
,,,,,,100.0
,,,,,,100.0
,,,,,,100.0
,,,,,,100.0
,,,,,,100.0
,,,,,,100.0
,,,,,,100.0
,,,,,,100.0
,,,,,,100.0
,,,,,,100.0
,,,,,,100.0
,,,,,,100.0
,,,,,,100.0
,,,,,,100.0
,,,,,,100.0
,,,,,,100.0
,,,,,,100.0
,,,,,,100.0
,,,,,,100.0
,,,,,,100.0
,,,,,,100.0
,,,,,,100.0
,,,,,,100.0
,,,,,,100.0
,,,,,,100.0
,,,,,,100.0
,,,,,,100.0
,,,,,,100.0
,,,,,,100.0
,,,,,,100.0
,,,,,,100.0
,,,,,,100.0
,,,,,,100.0
,,,,,,100.0
,,,,,,100.0
,,,,,,100.0
,,,,,,100.0
,,,,,,100.0
,,,,,,100.0
,,,,,,100.0
,,,,,,100.0
,,,,,,100.0
,,,,,,100.0
,,,,,,100.0
,,,,,,100.0
,,,,,,100.0
,,,,,,100.0
,,,,,,100.0
,,,,,,100.0
,,,,,,100.0
,,,,,,100.0
,,,,,,100.0
,,,,,,100.0
,,,,,,100.0
,,,,,,100.0
,,,,,,100.0
,,,,,,100.0
,,,,,,100.0
,,,,,,100.0
,,,,,,100.0
,,,,,,100.0
,,,,,,100.0
,,,,,,100.0
,,,,,,100.0
,,,,,,100.0
,,,,,,100.0
,,,,,,100.0
,,,,,,100.0
,,,,,,100.0
,,,,,,100.0
,,,,,,100.0
,,,,,,100.0
,,,,,,100.0
,,,,,,100.0
,,,,,,100.0
,,,,,,100.0
,,,,,,100.0
,,,,,,100.0
,,,,,,100.0
,,,,,,100.0
,,,,,,100.0
,,,,,,100.0
,,,,,,100.0
,,,,,,100.0
,,,,,,100.0
,,,,,,100.0
,,,,,,100.0
,,,,,,100.0
,,,,,,100.0
,,,,,,100.0
,,,,,,100.0
,,,,,,100.0
,,,,,,100.0
,,,,,,100.0
,,,,,,100.0
,,,,,,100.0
,,,,,,100.0
,,,,,,100.0
,,,,,,100.0
,,,,,,100.0
,,,,,,100.0
,,,,,,100.0
,,,,,,100.0
,,,,,,100.0
,,,,,,100.0
,,,,,,100.0
,,,,,,100.0
,,,,,,100.0
,,,,,,100.0
,,,,,,100.0
,,,,,,100.0
,,,,,,100.0
,,,,,,100.0
,,,,,,100.0
,,,,,,100.0
,,,,,,100.0
,,,,,,100.0
,,,,,,100.0
,,,,,,100.0
,,,,,,100.0
,,,,,,100.0
,,,,,,100.0
,,,,,,100.0
,,,,,,100.0
,,,,,,100.0
,,,,,,100.0
,,,,,,100.0
,,,,,,100.0
,,,,,,100.0
,,,,,,100.0
,,,,,,100.0
,,,,,,100.0
,,,,,,100.0
,,,,,,100.0
,,,,,,100.0
,,,,,,100.0
,,,,,,100.0
,,,,,,100.0
,,,,,,100.0
,,,,,,100.0
,,,,,,100.0
,,,,,,100.0
,,,,,,100.0
,,,,,,100.0
,,,,,,100.0
,,,,,,100.0
,,,,,,100.0
,,,,,,100.0
,,,,,,100.0
,,,,,,100.0
,,,,,,100.0
,,,,,,100.0
,,,,,,100.0
,,,,,,100.0
,,,,,,100.0
,,,,,,100.0
,,,,,,100.0
,,,,,,100.0
,,,,,,100.0
,,,,,,100.0
,,,,,,100.0
,,,,,,100.0
,,,,,,100.0
,,,,,,100.0
,,,,,,100.0
,,,,,,100.0
,,,,,,100.0
,,,,,,100.0
,,,,,,100.0
,,,,,,100.0
,,,,,,100.0
,,,,,,100.0
,,,,,,100.0
,,,,,,100.0
,,,,,,100.0
,,,,,,100.0
,,,,,,100.0
,,,,,,100.0
,,,,,,100.0
,,,,,,100.0
,,,,,,100.0
,,,,,,100.0
,,,,,,100.0
,,,,,,100.0
,,,,,,100.0
,,,,,,100.0
,,,,,,100.0
,,,,,,100.0
,,,,,,100.0
,,,,,,100.0
,,,,,,100.0
,,,,,,100.0
,,,,,,100.0
,,,,,,100.0
,,,,,,100.0
,,,,,,100.0
,,,,,,100.0
,,,,,,100.0
,,,,,,100.0
,,,,,,100.0
,,,,,,100.0
,,,,,,100.0
,,,,,,100.0
,,,,,,100.0
,,,,,,100.0
,,,,,,100.0
,,,,,,100.0
,,,,,,100.0
,,,,,,100.0
,,,,,,100.0
,,,,,,100.0
,,,,,,100.0
,,,,,,100.0
,,,,,,100.0
,,,,,,100.0
,,,,,,100.0
,,,,,,100.0
,,,,,,100.0
,,,,,,100.0
,,,,,,100.0
,,,,,,100.0
,,,,,,100.0
,,,,,,100.0
,,,,,,100.0
,,,,,,100.0
,,,,,,100.0
,,,,,,100.0
,,,,,,100.0
,,,,,,100.0
,,,,,,100.0
,,,,,,100.0
,,,,,,100.0
,,,,,,100.0
,,,,,,100.0
,,,,,,100.0
,,,,,,100.0
,,,,,,100.0
,,,,,,100.0
,,,,,,100.0
,,,,,,100.0
,,,,,,100.0
,,,,,,100.0
,,,,,,100.0
,,,,,,100.0
,,,,,,100.0
,,,,,,100.0
,,,,,,100.0
,,,,,,100.0
,,,,,,100.0
,,,,,,100.0
,,,,,,100.0
,,,,,,100.0
,,,,,,100.0
,,,,,,100.0
,,,,,,100.0
,,,,,,100.0
,,,,,,100.0
,,,,,,100.0
,,,,,,100.0
,,,,,,100.0
,,,,,,100.0
,,,,,,100.0
,,,,,,100.0
,,,,,,100.0
,,,,,,100.0
,,,,,,100.0
,,,,,,100.0
,,,,,,100.0
,,,,,,100.0
,,,,,,100.0
,,,,,,100.0
,,,,,,100.0
,,,,,,100.0
,,,,,,100.0
,,,,,,100.0
,,,,,,100.0
,,,,,,100.0
,,,,,,100.0
,,,,,,100.0
,,,,,,100.0
,,,,,,100.0
,,,,,,100.0
,,,,,,100.0
,,,,,,100.0
,,,,,,100.0
,,,,,,100.0
,,,,,,100.0
,,,,,,100.0
,,,,,,100.0
,,,,,,100.0
,,,,,,100.0
,,,,,,100.0
,,,,,,100.0
,,,,,,100.0
,,,,,,100.0
,,,,,,100.0
,,,,,,100.0
,,,,,,100.0
,,,,,,100.0
,,,,,,100.0
,,,,,,100.0
,,,,,,100.0
,,,,,,100.0
,,,,,,100.0
,,,,,,100.0
,,,,,,100.0
,,,,,,100.0
,,,,,,100.0
,,,,,,100.0
,,,,,,100.0
,,,,,,100.0
,,,,,,100.0
,,,,,,100.0
,,,,,,100.0
,,,,,,100.0
,,,,,,100.0
,,,,,,100.0
,,,,,,100.0
,,,,,,100.0
,,,,,,100.0
,,,,,,100.0
,,,,,,100.0
,,,,,,100.0
,,,,,,100.0
,,,,,,100.0
,,,,,,100.0
,,,,,,100.0
,,,,,,100.0
,,,,,,100.0
,,,,,,100.0
,,,,,,100.0
,,,,,,100.0
,,,,,,100.0
,,,,,,100.0
,,,,,,100.0
,,,,,,100.0
,,,,,,100.0
,,,,,,100.0
,,,,,,100.0
,,,,,,100.0
,,,,,,100.0
,,,,,,100.0
,,,,,,100.0
,,,,,,100.0
,,,,,,100.0
,,,,,,100.0
,,,,,,100.0
,,,,,,100.0
,,,,,,100.0
,,,,,,100.0
,,,,,,100.0
,,,,,,100.0
,,,,,,100.0
,,,,,,100.0
,,,,,,100.0
,,,,,,100.0
,,,,,,100.0
,,,,,,100.0
,,,,,,100.0
,,,,,,100.0
,,,,,,100.0
,,,,,,100.0
,,,,,,100.0
,,,,,,100.0
,,,,,,100.0
,,,,,,100.0
,,,,,,100.0
,,,,,,100.0
,,,,,,100.0
,,,,,,100.0
,,,,,,100.0
,,,,,,100.0
,,,,,,100.0
,,,,,,100.0
,,,,,,100.0
,,,,,,100.0
,,,,,,100.0
,,,,,,100.0
,,,,,,100.0
,,,,,,100.0
,,,,,,100.0
,,,,,,100.0
,,,,,,100.0
,,,,,,100.0
,,,,,,100.0
,,,,,,100.0
,,,,,,100.0
,,,,,,100.0
,,,,,,100.0
,,,,,,100.0
,,,,,,100.0
,,,,,,100.0
,,,,,,100.0
,,,,,,100.0
,,,,,,100.0
,,,,,,100.0
,,,,,,100.0
,,,,,,100.0
,,,,,,100.0
,,,,,,100.0
,,,,,,100.0
,,,,,,100.0
,,,,,,100.0
,,,,,,100.0
,,,,,,100.0
,,,,,,100.0
,,,,,,100.0
,,,,,,100.0
,,,,,,100.0
,,,,,,100.0
,,,,,,100.0
,,,,,,100.0
,,,,,,100.0
,,,,,,100.0
,,,,,,100.0
,,,,,,100.0
,,,,,,100.0
,,,,,,100.0
,,,,,,100.0
,,,,,,100.0
,,,,,,100.0
,,,,,,100.0
,,,,,,100.0
,,,,,,100.0
,,,,,,100.0
,,,,,,100.0
,,,,,,100.0
,,,,,,100.0
,,,,,,100.0
,,,,,,100.0
,,,,,,100.0
,,,,,,100.0
,,,,,,100.0
,,,,,,100.0
,,,,,,100.0
,,,,,,100.0
,,,,,,100.0
,,,,,,100.0
,,,,,,100.0
,,,,,,100.0
,,,,,,100.0
,,,,,,100.0
,,,,,,100.0
,,,,,,100.0
,,,,,,100.0
,,,,,,100.0
,,,,,,100.0
,,,,,,100.0
,,,,,,100.0
,,,,,,100.0
,,,,,,100.0
,,,,,,100.0
,,,,,,100.0
,,,,,,100.0
,,,,,,100.0
,,,,,,100.0
,,,,,,100.0
,,,,,,100.0
,,,,,,100.0
,,,,,,100.0
,,,,,,100.0
,,,,,,100.0
,,,,,,100.0
,,,,,,100.0
,,,,,,100.0
,,,,,,100.0
,,,,,,100.0
,,,,,,100.0
,,,,,,100.0
,,,,,,100.0
,,,,,,100.0
,,,,,,100.0
,,,,,,100.0
,,,,,,100.0
,,,,,,100.0
,,,,,,100.0
,,,,,,100.0
,,,,,,100.0
,,,,,,100.0
,,,,,,100.0
,,,,,,100.0
,,,,,,100.0
,,,,,,100.0
,,,,,,100.0
,,,,,,100.0
,,,,,,100.0
,,,,,,100.0
,,,,,,100.0
,,,,,,100.0
,,,,,,100.0
,,,,,,100.0
,,,,,,100.0
,,,,,,100.0
,,,,,,100.0
,,,,,,100.0
,,,,,,100.0
,,,,,,100.0
,,,,,,100.0
,,,,,,100.0
,,,,,,100.0
,,,,,,100.0
,,,,,,100.0
,,,,,,100.0
,,,,,,100.0
,,,,,,100.0
,,,,,,100.0
,,,,,,100.0
,,,,,,100.0
,,,,,,100.0
,,,,,,100.0
,,,,,,100.0
,,,,,,100.0
,,,,,,100.0
,,,,,,100.0
,,,,,,100.0
,,,,,,100.0
,,,,,,100.0
,,,,,,100.0
,,,,,,100.0
,,,,,,100.0
,,,,,,100.0
,,,,,,100.0
,,,,,,100.0
,,,,,,100.0
,,,,,,100.0
,,,,,,100.0
,,,,,,100.0
,,,,,,100.0
,,,,,,100.0
,,,,,,100.0
,,,,,,100.0
,,,,,,100.0
,,,,,,100.0
,,,,,,100.0
,,,,,,100.0
,,,,,,100.0
,,,,,,100.0
,,,,,,100.0
,,,,,,100.0
,,,,,,100.0
,,,,,,100.0
,,,,,,100.0
,,,,,,100.0
,,,,,,100.0
,,,,,,100.0
,,,,,,100.0
,,,,,,100.0
,,,,,,100.0
,,,,,,100.0
,,,,,,100.0
,,,,,,100.0
,,,,,,100.0
,,,,,,100.0
,,,,,,100.0
,,,,,,100.0
,,,,,,100.0
,,,,,,100.0
,,,,,,100.0
,,,,,,100.0
,,,,,,100.0
,,,,,,100.0
,,,,,,100.0
,,,,,,100.0
,,,,,,100.0
,,,,,,100.0
,,,,,,100.0
,,,,,,100.0
,,,,,,100.0
,,,,,,100.0
,,,,,,100.0
,,,,,,100.0
,,,,,,100.0
,,,,,,100.0
,,,,,,100.0
,,,,,,100.0
,,,,,,100.0
,,,,,,100.0
,,,,,,100.0
,,,,,,100.0
,,,,,,100.0
,,,,,,100.0
,,,,,,100.0
,,,,,,100.0
,,,,,,100.0
,,,,,,100.0
,,,,,,100.0
,,,,,,100.0
,,,,,,100.0
,,,,,,100.0
,,,,,,100.0
,,,,,,100.0
,,,,,,100.0
,,,,,,100.0
,,,,,,100.0
,,,,,,100.0
,,,,,,100.0
,,,,,,100.0
,,,,,,100.0
,,,,,,100.0
,,,,,,100.0
,,,,,,100.0
,,,,,,100.0
,,,,,,100.0
,,,,,,100.0
,,,,,,100.0
,,,,,,100.0
,,,,,,100.0
,,,,,,100.0
,,,,,,100.0
,,,,,,100.0
,,,,,,100.0
,,,,,,100.0
,,,,,,100.0
,,,,,,100.0
,,,,,,100.0
,,,,,,100.0
,,,,,,100.0
,,,,,,100.0
,,,,,,100.0
,,,,,,100.0
,,,,,,100.0
,,,,,,100.0
,,,,,,100.0
,,,,,,100.0
,,,,,,100.0
,,,,,,100.0
,,,,,,100.0
,,,,,,100.0
,,,,,,100.0
,,,,,,100.0
,,,,,,100.0
,,,,,,100.0
,,,,,,100.0
,,,,,,100.0
,,,,,,100.0
,,,,,,100.0
,,,,,,100.0
,,,,,,100.0
,,,,,,100.0
,,,,,,100.0
,,,,,,100.0
,,,,,,100.0
,,,,,,100.0
,,,,,,100.0
,,,,,,100.0
,,,,,,100.0
,,,,,,100.0
,,,,,,100.0
,,,,,,100.0
,,,,,,100.0
,,,,,,100.0
,,,,,,100.0
,,,,,,100.0
,,,,,,100.0
,,,,,,100.0
,,,,,,100.0
,,,,,,100.0
,,,,,,100.0
,,,,,,100.0
,,,,,,100.0
,,,,,,100.0
,,,,,,100.0
,,,,,,100.0
,,,,,,100.0
,,,,,,100.0
,,,,,,100.0
,,,,,,100.0
,,,,,,100.0
,,,,,,100.0
,,,,,,100.0
,,,,,,100.0
,,,,,,100.0
,,,,,,100.0
,,,,,,100.0
,,,,,,100.0
,,,,,,100.0
,,,,,,100.0
,,,,,,100.0
,,,,,,100.0
,,,,,,100.0
,,,,,,100.0
,,,,,,100.0
,,,,,,100.0
,,,,,,100.0
,,,,,,100.0
,,,,,,100.0
,,,,,,100.0
,,,,,,100.0
,,,,,,100.0
,,,,,,100.0
,,,,,,100.0
,,,,,,100.0
,,,,,,100.0
,,,,,,100.0
,,,,,,100.0
,,,,,,100.0
,,,,,,100.0
,,,,,,100.0
,,,,,,100.0
,,,,,,100.0
,,,,,,100.0
,,,,,,100.0
,,,,,,100.0
,,,,,,100.0
,,,,,,100.0
,,,,,,100.0
,,,,,,100.0
,,,,,,100.0
,,,,,,100.0
,,,,,,100.0
,,,,,,100.0
,,,,,,100.0
,,,,,,100.0
,,,,,,100.0
,,,,,,100.0
,,,,,,100.0
,,,,,,100.0
,,,,,,100.0
,,,,,,100.0
,,,,,,100.0
,,,,,,100.0
,,,,,,100.0
,,,,,,100.0
,,,,,,100.0
,,,,,,100.0
,,,,,,100.0
,,,,,,100.0
,,,,,,100.0
,,,,,,100.0
,,,,,,100.0
,,,,,,100.0
,,,,,,100.0
,,,,,,100.0
,,,,,,100.0
,,,,,,100.0
,,,,,,100.0
,,,,,,100.0
,,,,,,100.0
,,,,,,100.0
,,,,,,100.0
,,,,,,100.0
,,,,,,100.0
,,,,,,100.0
,,,,,,100.0
,,,,,,100.0
,,,,,,100.0
,,,,,,100.0
,,,,,,100.0
,,,,,,100.0
,,,,,,100.0
,,,,,,100.0
,,,,,,100.0
,,,,,,100.0
,,,,,,100.0
,,,,,,100.0
,,,,,,100.0
,,,,,,100.0
,,,,,,100.0
,,,,,,100.0
,,,,,,100.0
,,,,,,100.0
,,,,,,100.0
,,,,,,100.0
,,,,,,100.0
,,,,,,100.0
,,,,,,100.0
,,,,,,100.0
,,,,,,100.0
,,,,,,100.0
,,,,,,100.0
,,,,,,100.0
,,,,,,100.0
,,,,,,100.0
,,,,,,100.0
,,,,,,100.0
,,,,,,100.0
,,,,,,100.0
,,,,,,100.0
,,,,,,100.0
,,,,,,100.0
,,,,,,100.0
,,,,,,100.0
,,,,,,100.0
,,,,,,100.0
,,,,,,100.0
,,,,,,100.0
,,,,,,100.0
,,,,,,100.0
,,,,,,100.0
,,,,,,100.0
,,,,,,100.0
,,,,,,100.0
,,,,,,100.0
,,,,,,100.0
,,,,,,100.0
,,,,,,100.0
,,,,,,100.0
,,,,,,100.0
,,,,,,100.0
,,,,,,100.0
,,,,,,100.0
,,,,,,100.0
,,,,,,100.0
,,,,,,100.0
,,,,,,100.0
,,,,,,100.0
,,,,,,100.0
,,,,,,100.0
,,,,,,100.0
,,,,,,100.0
,,,,,,100.0
,,,,,,100.0
,,,,,,100.0
,,,,,,100.0
,,,,,,100.0
,,,,,,100.0
,,,,,,100.0
,,,,,,100.0
,,,,,,100.0
,,,,,,100.0
,,,,,,100.0
,,,,,,100.0
,,,,,,100.0
,,,,,,100.0
,,,,,,100.0
,,,,,,100.0
,,,,,,100.0
,,,,,,100.0
,,,,,,100.0
,,,,,,100.0
,,,,,,100.0
,,,,,,100.0
,,,,,,100.0
,,,,,,100.0
,,,,,,100.0
,,,,,,100.0
,,,,,,100.0
,,,,,,100.0
,,,,,,100.0
,,,,,,100.0
,,,,,,100.0
,,,,,,100.0
,,,,,,100.0
,,,,,,100.0
,,,,,,100.0
,,,,,,100.0
,,,,,,100.0
,,,,,,100.0
,,,,,,100.0
,,,,,,100.0
,,,,,,100.0
,,,,,,100.0
,,,,,,100.0
,,,,,,100.0
,,,,,,100.0
,,,,,,100.0
,,,,,,100.0
,,,,,,100.0
,,,,,,100.0
,,,,,,100.0
,,,,,,100.0
,,,,,,100.0
,,,,,,100.0
,,,,,,100.0
,,,,,,100.0
,,,,,,100.0
,,,,,,100.0
,,,,,,100.0
,,,,,,100.0
,,,,,,100.0
,,,,,,100.0
,,,,,,100.0
,,,,,,100.0
,,,,,,100.0
,,,,,,100.0
,,,,,,100.0
,,,,,,100.0
,,,,,,100.0
,,,,,,100.0
,,,,,,100.0
,,,,,,100.0
,,,,,,100.0
,,,,,,100.0
,,,,,,100.0
,,,,,,100.0
,,,,,,100.0
,,,,,,100.0
,,,,,,100.0
,,,,,,100.0
,,,,,,100.0
,,,,,,100.0
,,,,,,100.0
,,,,,,100.0
,,,,,,100.0
,,,,,,100.0
,,,,,,100.0
,,,,,,100.0
,,,,,,100.0
,,,,,,100.0
,,,,,,100.0
,,,,,,100.0
,,,,,,100.0
,,,,,,100.0
,,,,,,100.0
,,,,,,100.0
,,,,,,100.0
,,,,,,100.0
,,,,,,100.0
,,,,,,100.0
,,,,,,100.0
,,,,,,100.0
,,,,,,100.0
,,,,,,100.0
,,,,,,100.0
,,,,,,100.0
,,,,,,100.0
,,,,,,100.0
,,,,,,100.0
,,,,,,100.0
,,,,,,100.0
,,,,,,100.0
,,,,,,100.0
,,,,,,100.0
,,,,,,100.0
,,,,,,100.0
,,,,,,100.0
,,,,,,100.0
,,,,,,100.0
,,,,,,100.0
,,,,,,100.0
,,,,,,100.0
,,,,,,100.0
,,,,,,100.0
,,,,,,100.0
,,,,,,100.0
,,,,,,100.0
,,,,,,100.0
,,,,,,100.0
,,,,,,100.0
,,,,,,100.0
,,,,,,100.0
,,,,,,100.0
,,,,,,100.0
,,,,,,100.0
,,,,,,100.0
,,,,,,100.0
,,,,,,100.0
,,,,,,100.0
,,,,,,100.0
,,,,,,100.0
,,,,,,100.0
,,,,,,100.0
,,,,,,100.0
,,,,,,100.0
,,,,,,100.0
,,,,,,100.0
,,,,,,100.0
,,,,,,100.0
,,,,,,100.0
,,,,,,100.0
,,,,,,100.0
,,,,,,100.0
,,,,,,100.0
,,,,,,100.0
,,,,,,100.0
,,,,,,100.0
,,,,,,100.0
,,,,,,100.0
,,,,,,100.0
,,,,,,100.0
,,,,,,100.0
,,,,,,100.0
,,,,,,100.0
,,,,,,100.0
,,,,,,100.0
,,,,,,100.0
,,,,,,100.0
,,,,,,100.0
,,,,,,100.0
,,,,,,100.0
,,,,,,100.0
,,,,,,100.0
,,,,,,100.0
,,,,,,100.0
,,,,,,100.0
,,,,,,100.0
,,,,,,100.0
,,,,,,100.0
,,,,,,100.0
,,,,,,100.0
,,,,,,100.0
,,,,,,100.0
,,,,,,100.0
,,,,,,100.0
,,,,,,100.0
,,,,,,100.0
,,,,,,100.0
,,,,,,100.0
,,,,,,100.0
,,,,,,100.0
,,,,,,100.0
,,,,,,100.0
,,,,,,100.0
,,,,,,100.0
,,,,,,100.0
,,,,,,100.0
,,,,,,100.0
,,,,,,100.0
,,,,,,100.0
,,,,,,100.0
,,,,,,100.0
,,,,,,100.0
,,,,,,100.0
,,,,,,100.0
,,,,,,100.0
,,,,,,100.0
,,,,,,100.0
,,,,,,100.0
,,,,,,100.0
,,,,,,100.0
,,,,,,100.0
,,,,,,100.0
,,,,,,100.0
,,,,,,100.0
,,,,,,100.0
,,,,,,100.0
,,,,,,100.0
,,,,,,100.0
,,,,,,100.0
,,,,,,100.0
,,,,,,100.0
,,,,,,100.0
,,,,,,100.0
,,,,,,100.0
,,,,,,100.0
,,,,,,100.0
,,,,,,100.0
,,,,,,100.0
,,,,,,100.0
,,,,,,100.0
,,,,,,100.0
,,,,,,100.0
,,,,,,100.0
,,,,,,100.0
,,,,,,100.0
,,,,,,100.0
,,,,,,100.0
,,,,,,100.0
,,,,,,100.0
,,,,,,100.0
,,,,,,100.0
,,,,,,100.0
,,,,,,100.0
,,,,,,100.0
,,,,,,100.0
,,,,,,100.0
,,,,,,100.0
,,,,,,100.0
,,,,,,100.0
,,,,,,100.0
,,,,,,100.0
,,,,,,100.0
,,,,,,100.0
,,,,,,100.0
,,,,,,100.0
,,,,,,100.0
,,,,,,100.0
,,,,,,100.0
,,,,,,100.0
,,,,,,100.0
,,,,,,100.0
,,,,,,100.0
,,,,,,100.0
,,,,,,100.0
,,,,,,100.0
,,,,,,100.0
,,,,,,100.0
,,,,,,100.0
,,,,,,100.0
,,,,,,100.0
,,,,,,100.0
,,,,,,100.0
,,,,,,100.0
,,,,,,100.0
,,,,,,100.0
,,,,,,100.0
,,,,,,100.0
,,,,,,100.0
,,,,,,100.0
,,,,,,100.0
,,,,,,100.0
,,,,,,100.0
,,,,,,100.0
,,,,,,100.0
,,,,,,100.0
,,,,,,100.0
,,,,,,100.0
,,,,,,100.0
,,,,,,100.0
,,,,,,100.0
,,,,,,100.0
,,,,,,100.0
,,,,,,100.0
,,,,,,100.0
,,,,,,100.0
,,,,,,100.0
,,,,,,100.0
,,,,,,100.0
,,,,,,100.0
,,,,,,100.0
,,,,,,100.0
,,,,,,100.0
,,,,,,100.0
,,,,,,100.0
,,,,,,100.0
,,,,,,100.0
,,,,,,100.0
,,,,,,100.0
,,,,,,100.0
,,,,,,100.0
,,,,,,100.0
,,,,,,100.0
,,,,,,100.0
,,,,,,100.0
,,,,,,100.0
,,,,,,100.0
,,,,,,100.0
,,,,,,100.0
,,,,,,100.0
,,,,,,100.0
,,,,,,100.0
,,,,,,100.0
,,,,,,100.0
,,,,,,100.0
,,,,,,100.0
,,,,,,100.0
,,,,,,100.0
,,,,,,100.0
,,,,,,100.0
,,,,,,100.0
,,,,,,100.0
,,,,,,100.0
,,,,,,100.0
,,,,,,100.0
,,,,,,100.0
,,,,,,100.0
,,,,,,100.0
,,,,,,100.0
,,,,,,100.0
,,,,,,100.0
,,,,,,100.0
,,,,,,100.0
,,,,,,100.0
,,,,,,100.0
,,,,,,100.0
,,,,,,100.0
,,,,,,100.0
,,,,,,100.0
,,,,,,100.0
,,,,,,100.0
,,,,,,100.0
,,,,,,100.0
,,,,,,100.0
,,,,,,100.0
,,,,,,100.0
,,,,,,100.0
,,,,,,100.0
,,,,,,100.0
,,,,,,100.0
,,,,,,100.0
,,,,,,100.0
,,,,,,100.0
,,,,,,100.0
,,,,,,100.0
,,,,,,100.0
,,,,,,100.0
,,,,,,100.0
,,,,,,100.0
,,,,,,100.0
,,,,,,100.0
,,,,,,100.0
,,,,,,100.0
,,,,,,100.0
,,,,,,100.0
,,,,,,100.0
,,,,,,100.0
,,,,,,100.0
,,,,,,100.0
,,,,,,100.0
,,,,,,100.0
,,,,,,100.0
,,,,,,100.0
,,,,,,100.0
,,,,,,100.0
,,,,,,100.0
,,,,,,100.0
,,,,,,100.0
,,,,,,100.0
,,,,,,100.0
,,,,,,100.0
,,,,,,100.0
,,,,,,100.0
,,,,,,100.0
,,,,,,100.0
,,,,,,100.0
,,,,,,100.0
,,,,,,100.0
,,,,,,100.0
,,,,,,100.0
,,,,,,100.0
,,,,,,100.0
,,,,,,100.0
,,,,,,100.0
,,,,,,100.0
,,,,,,100.0
,,,,,,100.0
,,,,,,100.0
,,,,,,100.0
,,,,,,100.0
,,,,,,100.0
,,,,,,100.0
,,,,,,100.0
,,,,,,100.0
,,,,,,100.0
,,,,,,100.0
,,,,,,100.0
,,,,,,100.0
,,,,,,100.0
,,,,,,100.0
,,,,,,100.0
,,,,,,100.0
,,,,,,100.0
,,,,,,100.0
,,,,,,100.0
,,,,,,100.0
,,,,,,100.0
,,,,,,100.0
,,,,,,100.0
,,,,,,100.0
,,,,,,100.0
,,,,,,100.0
,,,,,,100.0
,,,,,,100.0
,,,,,,100.0
,,,,,,100.0
,,,,,,100.0
,,,,,,100.0
,,,,,,100.0
,,,,,,100.0
,,,,,,100.0
,,,,,,100.0
,,,,,,100.0
,,,,,,100.0
,,,,,,100.0
,,,,,,100.0
,,,,,,100.0
,,,,,,100.0
,,,,,,100.0
,,,,,,100.0
,,,,,,100.0
,,,,,,100.0
,,,,,,100.0
,,,,,,100.0
,,,,,,100.0
,,,,,,100.0
,,,,,,100.0
,,,,,,100.0
,,,,,,100.0
,,,,,,100.0
,,,,,,100.0
,,,,,,100.0
,,,,,,100.0
,,,,,,100.0
,,,,,,100.0
,,,,,,100.0
,,,,,,100.0
,,,,,,100.0
,,,,,,100.0
,,,,,,100.0
,,,,,,100.0
,,,,,,100.0
,,,,,,100.0
,,,,,,100.0
,,,,,,100.0
,,,,,,100.0
,,,,,,100.0
,,,,,,100.0
,,,,,,100.0
,,,,,,100.0
,,,,,,100.0
,,,,,,100.0
,,,,,,100.0
,,,,,,100.0
,,,,,,100.0
,,,,,,100.0
,,,,,,100.0
,,,,,,100.0
,,,,,,100.0
,,,,,,100.0
,,,,,,100.0
,,,,,,100.0
,,,,,,100.0
,,,,,,100.0
,,,,,,100.0
,,,,,,100.0
,,,,,,100.0
,,,,,,100.0
,,,,,,100.0
,,,,,,100.0
,,,,,,100.0
,,,,,,100.0
,,,,,,100.0
,,,,,,100.0
,,,,,,100.0
,,,,,,100.0
,,,,,,100.0
,,,,,,100.0
,,,,,,100.0
,,,,,,100.0
,,,,,,100.0
,,,,,,100.0
,,,,,,100.0
,,,,,,100.0
,,,,,,100.0
,,,,,,100.0
,,,,,,100.0
,,,,,,100.0
,,,,,,100.0
,,,,,,100.0
,,,,,,100.0
,,,,,,100.0
,,,,,,100.0
,,,,,,100.0
,,,,,,100.0
,,,,,,100.0
,,,,,,100.0
,,,,,,100.0
,,,,,,100.0
,,,,,,100.0
,,,,,,100.0
,,,,,,100.0
,,,,,,100.0
,,,,,,100.0
,,,,,,100.0
,,,,,,100.0
,,,,,,100.0
,,,,,,100.0
,,,,,,100.0
,,,,,,100.0
,,,,,,100.0
,,,,,,100.0
,,,,,,100.0
,,,,,,100.0
,,,,,,100.0
,,,,,,100.0
,,,,,,100.0
,,,,,,100.0
,,,,,,100.0
,,,,,,100.0
,,,,,,100.0
,,,,,,100.0
,,,,,,100.0
,,,,,,100.0
,,,,,,100.0
,,,,,,100.0
,,,,,,100.0
,,,,,,100.0
,,,,,,100.0
,,,,,,100.0
,,,,,,100.0
,,,,,,100.0
,,,,,,100.0
,,,,,,100.0
,,,,,,100.0
,,,,,,100.0
,,,,,,100.0
,,,,,,100.0
,,,,,,100.0
,,,,,,100.0
,,,,,,100.0
,,,,,,100.0
,,,,,,100.0
,,,,,,100.0
,,,,,,100.0
,,,,,,100.0
,,,,,,100.0
,,,,,,100.0
,,,,,,100.0
,,,,,,100.0
,,,,,,100.0
,,,,,,100.0
,,,,,,100.0
,,,,,,100.0
,,,,,,100.0
,,,,,,100.0
,,,,,,100.0
,,,,,,100.0
,,,,,,100.0
,,,,,,100.0
,,,,,,100.0
,,,,,,100.0
,,,,,,100.0
,,,,,,100.0
,,,,,,100.0
,,,,,,100.0
,,,,,,100.0
,,,,,,100.0
,,,,,,100.0
,,,,,,100.0
,,,,,,100.0
,,,,,,100.0
,,,,,,100.0
,,,,,,100.0
,,,,,,100.0
,,,,,,100.0
,,,,,,100.0
,,,,,,100.0
,,,,,,100.0
,,,,,,100.0
,,,,,,100.0
,,,,,,100.0
,,,,,,100.0
,,,,,,100.0
,,,,,,100.0
,,,,,,100.0
,,,,,,100.0
,,,,,,100.0
,,,,,,100.0
,,,,,,100.0
,,,,,,100.0
,,,,,,100.0
,,,,,,100.0
,,,,,,100.0
,,,,,,100.0
,,,,,,100.0
,,,,,,100.0
,,,,,,100.0
,,,,,,100.0
,,,,,,100.0
,,,,,,100.0
,,,,,,100.0
,,,,,,100.0
,,,,,,100.0
,,,,,,100.0
,,,,,,100.0
,,,,,,100.0
,,,,,,100.0
,,,,,,100.0
,,,,,,100.0
,,,,,,100.0
,,,,,,100.0
,,,,,,100.0
,,,,,,100.0
,,,,,,100.0
,,,,,,100.0
,,,,,,100.0
,,,,,,100.0
,,,,,,100.0
,,,,,,100.0
,,,,,,100.0
,,,,,,100.0
,,,,,,100.0
,,,,,,100.0
,,,,,,100.0
,,,,,,100.0
,,,,,,100.0
,,,,,,100.0
,,,,,,100.0
,,,,,,100.0
,,,,,,100.0
,,,,,,100.0
,,,,,,100.0
,,,,,,100.0
,,,,,,100.0
,,,,,,100.0
,,,,,,100.0
,,,,,,100.0
,,,,,,100.0
,,,,,,100.0
,,,,,,100.0
,,,,,,100.0
,,,,,,100.0
,,,,,,100.0
,,,,,,100.0
,,,,,,100.0
,,,,,,100.0
,,,,,,100.0
,,,,,,100.0
,,,,,,100.0
,,,,,,100.0
,,,,,,100.0
,,,,,,100.0
,,,,,,100.0
,,,,,,100.0
,,,,,,100.0
,,,,,,100.0
,,,,,,100.0
,,,,,,100.0
,,,,,,100.0
,,,,,,100.0
,,,,,,100.0
,,,,,,100.0
,,,,,,100.0
,,,,,,100.0
,,,,,,100.0
,,,,,,100.0
,,,,,,100.0
,,,,,,100.0
,,,,,,100.0
,,,,,,100.0
,,,,,,100.0
,,,,,,100.0
,,,,,,100.0
,,,,,,100.0
,,,,,,100.0
,,,,,,100.0
,,,,,,100.0
,,,,,,100.0
,,,,,,100.0
,,,,,,100.0
,,,,,,100.0
,,,,,,100.0
,,,,,,100.0
,,,,,,100.0
,,,,,,100.0
,,,,,,100.0
,,,,,,100.0
,,,,,,100.0
,,,,,,100.0
,,,,,,100.0
,,,,,,100.0
,,,,,,100.0
,,,,,,100.0
,,,,,,100.0
,,,,,,100.0
,,,,,,100.0
,,,,,,100.0
,,,,,,100.0
,,,,,,100.0
,,,,,,100.0
,,,,,,100.0
,,,,,,100.0
,,,,,,100.0
,,,,,,100.0
,,,,,,100.0
,,,,,,100.0
,,,,,,100.0
,,,,,,100.0
,,,,,,100.0
,,,,,,100.0
,,,,,,100.0
,,,,,,100.0
,,,,,,100.0
,,,,,,100.0
,,,,,,100.0
,,,,,,100.0
,,,,,,100.0
,,,,,,100.0
,,,,,,100.0
,,,,,,100.0
,,,,,,100.0
,,,,,,100.0
,,,,,,100.0
,,,,,,100.0
,,,,,,100.0
,,,,,,100.0
,,,,,,100.0
,,,,,,100.0
,,,,,,100.0
,,,,,,100.0
,,,,,,100.0
,,,,,,100.0
,,,,,,100.0
,,,,,,100.0
,,,,,,100.0
,,,,,,100.0
,,,,,,100.0
,,,,,,100.0
,,,,,,100.0
,,,,,,100.0
,,,,,,100.0
,,,,,,100.0
,,,,,,100.0
,,,,,,100.0
,,,,,,100.0
,,,,,,100.0
,,,,,,100.0
,,,,,,100.0
,,,,,,100.0
,,,,,,100.0
,,,,,,100.0
,,,,,,100.0
,,,,,,100.0
,,,,,,100.0
,,,,,,100.0
,,,,,,100.0
,,,,,,100.0
,,,,,,100.0
,,,,,,100.0
,,,,,,100.0
,,,,,,100.0
,,,,,,100.0
,,,,,,100.0
,,,,,,100.0
,,,,,,100.0
,,,,,,100.0
,,,,,,100.0
,,,,,,100.0
,,,,,,100.0
,,,,,,100.0
,,,,,,100.0
,,,,,,100.0
,,,,,,100.0
,,,,,,100.0
,,,,,,100.0
,,,,,,100.0
,,,,,,100.0
,,,,,,100.0
,,,,,,100.0
,,,,,,100.0
,,,,,,100.0
,,,,,,100.0
,,,,,,100.0
,,,,,,100.0
,,,,,,100.0
,,,,,,100.0
,,,,,,100.0
,,,,,,100.0
,,,,,,100.0
,,,,,,100.0
,,,,,,100.0
,,,,,,100.0
,,,,,,100.0
,,,,,,100.0
,,,,,,100.0
,,,,,,100.0
,,,,,,100.0
,,,,,,100.0
,,,,,,100.0
,,,,,,100.0
,,,,,,100.0
,,,,,,100.0
,,,,,,100.0
,,,,,,100.0
,,,,,,100.0
,,,,,,100.0
,,,,,,100.0
,,,,,,100.0
,,,,,,100.0
,,,,,,100.0
,,,,,,100.0
,,,,,,100.0
,,,,,,100.0
,,,,,,100.0
,,,,,,100.0
,,,,,,100.0
,,,,,,100.0
,,,,,,100.0
,,,,,,100.0
,,,,,,100.0
,,,,,,100.0
,,,,,,100.0
,,,,,,100.0
,,,,,,100.0
,,,,,,100.0
,,,,,,100.0
,,,,,,100.0
,,,,,,100.0
,,,,,,100.0
,,,,,,100.0
,,,,,,100.0
,,,,,,100.0
,,,,,,100.0
,,,,,,100.0
,,,,,,100.0
,,,,,,100.0
,,,,,,100.0
,,,,,,100.0
,,,,,,100.0
,,,,,,100.0
,,,,,,100.0
,,,,,,100.0
,,,,,,100.0
,,,,,,100.0
,,,,,,100.0
,,,,,,100.0
,,,,,,100.0
,,,,,,100.0
,,,,,,100.0
,,,,,,100.0
,,,,,,100.0
,,,,,,100.0
,,,,,,100.0
,,,,,,100.0
,,,,,,100.0
,,,,,,100.0
,,,,,,100.0
,,,,,,100.0
,,,,,,100.0
,,,,,,100.0
,,,,,,100.0
,,,,,,100.0
,,,,,,100.0
,,,,,,100.0
,,,,,,100.0
,,,,,,100.0
,,,,,,100.0
,,,,,,100.0
,,,,,,100.0
,,,,,,100.0
,,,,,,100.0
,,,,,,100.0
,,,,,,100.0
,,,,,,100.0
,,,,,,100.0
,,,,,,100.0
,,,,,,100.0
,,,,,,100.0
,,,,,,100.0
,,,,,,100.0
,,,,,,100.0
,,,,,,100.0
,,,,,,100.0
,,,,,,100.0
,,,,,,100.0
,,,,,,100.0
,,,,,,100.0
,,,,,,100.0
,,,,,,100.0
,,,,,,100.0
,,,,,,100.0
,,,,,,100.0
,,,,,,100.0
,,,,,,100.0
,,,,,,100.0
,,,,,,100.0
,,,,,,100.0
,,,,,,100.0
,,,,,,100.0
,,,,,,100.0
,,,,,,100.0
,,,,,,100.0
,,,,,,100.0
,,,,,,100.0
,,,,,,100.0
,,,,,,100.0
,,,,,,100.0
,,,,,,100.0
,,,,,,100.0
,,,,,,100.0
,,,,,,100.0
,,,,,,100.0
,,,,,,100.0
,,,,,,100.0
,,,,,,100.0
,,,,,,100.0
,,,,,,100.0
,,,,,,100.0
,,,,,,100.0
,,,,,,100.0
,,,,,,100.0
,,,,,,100.0
,,,,,,100.0
,,,,,,100.0
,,,,,,100.0
,,,,,,100.0
,,,,,,100.0
,,,,,,100.0
,,,,,,100.0
,,,,,,100.0
,,,,,,100.0
,,,,,,100.0
,,,,,,100.0
,,,,,,100.0
,,,,,,100.0
,,,,,,100.0
,,,,,,100.0
,,,,,,100.0
,,,,,,100.0
,,,,,,100.0
,,,,,,100.0
,,,,,,100.0
,,,,,,100.0
,,,,,,100.0
,,,,,,100.0
,,,,,,100.0
,,,,,,100.0
,,,,,,100.0
,,,,,,100.0
,,,,,,100.0
,,,,,,100.0
,,,,,,100.0
,,,,,,100.0
,,,,,,100.0
,,,,,,100.0
,,,,,,100.0
,,,,,,100.0
,,,,,,100.0
,,,,,,100.0
,,,,,,100.0
,,,,,,100.0
,,,,,,100.0
,,,,,,100.0
,,,,,,100.0
,,,,,,100.0
,,,,,,100.0
,,,,,,100.0
,,,,,,100.0
,,,,,,100.0
,,,,,,100.0
,,,,,,100.0
,,,,,,100.0
,,,,,,100.0
,,,,,,100.0
,,,,,,100.0
,,,,,,100.0
,,,,,,100.0
,,,,,,100.0
,,,,,,100.0
,,,,,,100.0
,,,,,,100.0
,,,,,,100.0
,,,,,,100.0
,,,,,,100.0
,,,,,,100.0
,,,,,,100.0
,,,,,,100.0
,,,,,,100.0
,,,,,,100.0
,,,,,,100.0
,,,,,,100.0
,,,,,,100.0
,,,,,,100.0
,,,,,,100.0
,,,,,,100.0
,,,,,,100.0
,,,,,,100.0
,,,,,,100.0
,,,,,,100.0
,,,,,,100.0
,,,,,,100.0
,,,,,,100.0
,,,,,,100.0
,,,,,,100.0
,,,,,,100.0
,,,,,,100.0
,,,,,,100.0
,,,,,,100.0
,,,,,,100.0
,,,,,,100.0
,,,,,,100.0
,,,,,,100.0
,,,,,,100.0
,,,,,,100.0
,,,,,,100.0
,,,,,,100.0
,,,,,,100.0
,,,,,,100.0
,,,,,,100.0
,,,,,,100.0
,,,,,,100.0
,,,,,,100.0
,,,,,,100.0
,,,,,,100.0
,,,,,,100.0
,,,,,,100.0
,,,,,,100.0
,,,,,,100.0
,,,,,,100.0
,,,,,,100.0
,,,,,,100.0
,,,,,,100.0
,,,,,,100.0
,,,,,,100.0
,,,,,,100.0
,,,,,,100.0
,,,,,,100.0
,,,,,,100.0
,,,,,,100.0
,,,,,,100.0
,,,,,,100.0
,,,,,,100.0
,,,,,,100.0
,,,,,,100.0
,,,,,,100.0
,,,,,,100.0
,,,,,,100.0
,,,,,,100.0
,,,,,,100.0
,,,,,,100.0
,,,,,,100.0
,,,,,,100.0
,,,,,,100.0
,,,,,,100.0
,,,,,,100.0
,,,,,,100.0
,,,,,,100.0
,,,,,,100.0
,,,,,,100.0
,,,,,,100.0
,,,,,,100.0
,,,,,,100.0
,,,,,,100.0
,,,,,,100.0
,,,,,,100.0
,,,,,,100.0
,,,,,,100.0
,,,,,,100.0
,,,,,,100.0
,,,,,,100.0
,,,,,,100.0
,,,,,,100.0
,,,,,,100.0
,,,,,,100.0
,,,,,,100.0
,,,,,,100.0
,,,,,,100.0
,,,,,,100.0
,,,,,,100.0
,,,,,,100.0
,,,,,,100.0
,,,,,,100.0
,,,,,,100.0
,,,,,,100.0
,,,,,,100.0
,,,,,,100.0
,,,,,,100.0
,,,,,,100.0
,,,,,,100.0
,,,,,,100.0
,,,,,,100.0
,,,,,,100.0
,,,,,,100.0
,,,,,,100.0
,,,,,,100.0
,,,,,,100.0
,,,,,,100.0
,,,,,,100.0
,,,,,,100.0
,,,,,,100.0
,,,,,,100.0
,,,,,,100.0
,,,,,,100.0
,,,,,,100.0
,,,,,,100.0
,,,,,,100.0
,,,,,,100.0
,,,,,,100.0
,,,,,,100.0
,,,,,,100.0
,,,,,,100.0
,,,,,,100.0
,,,,,,100.0
,,,,,,100.0
,,,,,,100.0
,,,,,,100.0
,,,,,,100.0
,,,,,,100.0
,,,,,,100.0
,,,,,,100.0
,,,,,,100.0
,,,,,,100.0
,,,,,,100.0
,,,,,,100.0
,,,,,,100.0
,,,,,,100.0
,,,,,,100.0
,,,,,,100.0
,,,,,,100.0
,,,,,,100.0
,,,,,,100.0
,,,,,,100.0
,,,,,,100.0
,,,,,,100.0
,,,,,,100.0
,,,,,,100.0
,,,,,,100.0
,,,,,,100.0
,,,,,,100.0
,,,,,,100.0
,,,,,,100.0
,,,,,,100.0
,,,,,,100.0
,,,,,,100.0
,,,,,,100.0
,,,,,,100.0
,,,,,,100.0
,,,,,,100.0
,,,,,,100.0
,,,,,,100.0
,,,,,,100.0
,,,,,,100.0
,,,,,,100.0
,,,,,,100.0
,,,,,,100.0
,,,,,,100.0
,,,,,,100.0
,,,,,,100.0
,,,,,,100.0
,,,,,,100.0
,,,,,,100.0
,,,,,,100.0
,,,,,,100.0
,,,,,,100.0
,,,,,,100.0
,,,,,,100.0
,,,,,,100.0
,,,,,,100.0
,,,,,,100.0
,,,,,,100.0
,,,,,,100.0
,,,,,,100.0
,,,,,,100.0
,,,,,,100.0
,,,,,,100.0
,,,,,,100.0
,,,,,,100.0
,,,,,,100.0
,,,,,,100.0
,,,,,,100.0
,,,,,,100.0
,,,,,,100.0
,,,,,,100.0
,,,,,,100.0
,,,,,,100.0
,,,,,,100.0
,,,,,,100.0
,,,,,,100.0
,,,,,,100.0
,,,,,,100.0
,,,,,,100.0
,,,,,,100.0
,,,,,,100.0
,,,,,,100.0
,,,,,,100.0
,,,,,,100.0
,,,,,,100.0
,,,,,,100.0
,,,,,,100.0
,,,,,,100.0
,,,,,,100.0
,,,,,,100.0
,,,,,,100.0
,,,,,,100.0
,,,,,,100.0
,,,,,,100.0
,,,,,,100.0
,,,,,,100.0
,,,,,,100.0
,,,,,,100.0
,,,,,,100.0
,,,,,,100.0
,,,,,,100.0
,,,,,,100.0
,,,,,,100.0
,,,,,,100.0
,,,,,,100.0
,,,,,,100.0
,,,,,,100.0
,,,,,,100.0
,,,,,,100.0
,,,,,,100.0
,,,,,,100.0
,,,,,,100.0
,,,,,,100.0
,,,,,,100.0
,,,,,,100.0
,,,,,,100.0
,,,,,,100.0
,,,,,,100.0
,,,,,,100.0
,,,,,,100.0
,,,,,,100.0
,,,,,,100.0
,,,,,,100.0
,,,,,,100.0
,,,,,,100.0
,,,,,,100.0
,,,,,,100.0
,,,,,,100.0
,,,,,,100.0
,,,,,,100.0
,,,,,,100.0
,,,,,,100.0
,,,,,,100.0
,,,,,,100.0
,,,,,,100.0
,,,,,,100.0
,,,,,,100.0
,,,,,,100.0
,,,,,,100.0
,,,,,,100.0
,,,,,,100.0
,,,,,,100.0
,,,,,,100.0
,,,,,,100.0
,,,,,,100.0
,,,,,,100.0
,,,,,,100.0
,,,,,,100.0
,,,,,,100.0
,,,,,,100.0
,,,,,,100.0
,,,,,,100.0
,,,,,,100.0
,,,,,,100.0
,,,,,,100.0
,,,,,,100.0
,,,,,,100.0
,,,,,,100.0
,,,,,,100.0
,,,,,,100.0
,,,,,,100.0
,,,,,,100.0
,,,,,,100.0
,,,,,,100.0
,,,,,,100.0
,,,,,,100.0
,,,,,,100.0
,,,,,,100.0
,,,,,,100.0
,,,,,,100.0
,,,,,,100.0
,,,,,,100.0
,,,,,,100.0
,,,,,,100.0
,,,,,,100.0
,,,,,,100.0
,,,,,,100.0
,,,,,,100.0
,,,,,,100.0
,,,,,,100.0
,,,,,,100.0
,,,,,,100.0
,,,,,,100.0
,,,,,,100.0
,,,,,,100.0
,,,,,,100.0
,,,,,,100.0
,,,,,,100.0
,,,,,,100.0
,,,,,,100.0
,,,,,,100.0
,,,,,,100.0
,,,,,,100.0
,,,,,,100.0
,,,,,,100.0
,,,,,,100.0
,,,,,,100.0
,,,,,,100.0
,,,,,,100.0
,,,,,,100.0
,,,,,,100.0
,,,,,,100.0
,,,,,,100.0
,,,,,,100.0
,,,,,,100.0
,,,,,,100.0
,,,,,,100.0
,,,,,,100.0
,,,,,,100.0
,,,,,,100.0
,,,,,,100.0
,,,,,,100.0
,,,,,,100.0
,,,,,,100.0
,,,,,,100.0
,,,,,,100.0
,,,,,,100.0
,,,,,,100.0
,,,,,,100.0
,,,,,,100.0
,,,,,,100.0
,,,,,,100.0
,,,,,,100.0
,,,,,,100.0
,,,,,,100.0
,,,,,,100.0
,,,,,,100.0
,,,,,,100.0
,,,,,,100.0
,,,,,,100.0
,,,,,,100.0
,,,,,,100.0
,,,,,,100.0
,,,,,,100.0
,,,,,,100.0
,,,,,,100.0
,,,,,,100.0
,,,,,,100.0
,,,,,,100.0
,,,,,,100.0
,,,,,,100.0
,,,,,,100.0
,,,,,,100.0
,,,,,,100.0
,,,,,,100.0
,,,,,,100.0
,,,,,,100.0
,,,,,,100.0
,,,,,,100.0
,,,,,,100.0
,,,,,,100.0
,,,,,,100.0
,,,,,,100.0
,,,,,,100.0
,,,,,,100.0
,,,,,,100.0
,,,,,,100.0
,,,,,,100.0
,,,,,,100.0
,,,,,,100.0
,,,,,,100.0
,,,,,,100.0
,,,,,,100.0
,,,,,,100.0
,,,,,,100.0
,,,,,,100.0
,,,,,,100.0
,,,,,,100.0
,,,,,,100.0
,,,,,,100.0
,,,,,,100.0
,,,,,,100.0
,,,,,,100.0
,,,,,,100.0
,,,,,,100.0
,,,,,,100.0
,,,,,,100.0
,,,,,,100.0
,,,,,,100.0
,,,,,,100.0
,,,,,,100.0
,,,,,,100.0
,,,,,,100.0
,,,,,,100.0
,,,,,,100.0
,,,,,,100.0
,,,,,,100.0
,,,,,,100.0
,,,,,,100.0
,,,,,,100.0
,,,,,,100.0
,,,,,,100.0
,,,,,,100.0
,,,,,,100.0
,,,,,,100.0
,,,,,,100.0
,,,,,,100.0
,,,,,,100.0
,,,,,,100.0
,,,,,,100.0
,,,,,,100.0
,,,,,,100.0
,,,,,,100.0
,,,,,,100.0
,,,,,,100.0
,,,,,,100.0
,,,,,,100.0
,,,,,,100.0
,,,,,,100.0
,,,,,,100.0
,,,,,,100.0
,,,,,,100.0
,,,,,,100.0
,,,,,,100.0
,,,,,,100.0
,,,,,,100.0
,,,,,,100.0
,,,,,,100.0
,,,,,,100.0
,,,,,,100.0
,,,,,,100.0
,,,,,,100.0
,,,,,,100.0
,,,,,,100.0
,,,,,,100.0
,,,,,,100.0
,,,,,,100.0
,,,,,,100.0
,,,,,,100.0
,,,,,,100.0
,,,,,,100.0
,,,,,,100.0
,,,,,,100.0
,,,,,,100.0
,,,,,,100.0
,,,,,,100.0
,,,,,,100.0
,,,,,,100.0
,,,,,,100.0
,,,,,,100.0
,,,,,,100.0
,,,,,,100.0
,,,,,,100.0
,,,,,,100.0
,,,,,,100.0
,,,,,,100.0
,,,,,,100.0
,,,,,,100.0
,,,,,,100.0
,,,,,,100.0
,,,,,,100.0
,,,,,,100.0
,,,,,,100.0
,,,,,,100.0
,,,,,,100.0
,,,,,,100.0
,,,,,,100.0
,,,,,,100.0
,,,,,,100.0
,,,,,,100.0
,,,,,,100.0
,,,,,,100.0
,,,,,,100.0
,,,,,,100.0
,,,,,,100.0
,,,,,,100.0
,,,,,,100.0
,,,,,,100.0
,,,,,,100.0
,,,,,,100.0
,,,,,,100.0
,,,,,,100.0
,,,,,,100.0
,,,,,,100.0
,,,,,,100.0
,,,,,,100.0
,,,,,,100.0
,,,,,,100.0
,,,,,,100.0
,,,,,,100.0
,,,,,,100.0
,,,,,,100.0
,,,,,,100.0
,,,,,,100.0
,,,,,,100.0
,,,,,,100.0
,,,,,,100.0
,,,,,,100.0
,,,,,,100.0
,,,,,,100.0
,,,,,,100.0
,,,,,,100.0
,,,,,,100.0
,,,,,,100.0
,,,,,,100.0
,,,,,,100.0
,,,,,,100.0
,,,,,,100.0
,,,,,,100.0
,,,,,,100.0
,,,,,,100.0
,,,,,,100.0
,,,,,,100.0
,,,,,,100.0
,,,,,,100.0
,,,,,,100.0
,,,,,,100.0
,,,,,,100.0
,,,,,,100.0
,,,,,,100.0
,,,,,,100.0
,,,,,,100.0
,,,,,,100.0
,,,,,,100.0
,,,,,,100.0
,,,,,,100.0
,,,,,,100.0
,,,,,,100.0
,,,,,,100.0
,,,,,,100.0
,,,,,,100.0
,,,,,,100.0
,,,,,,100.0
,,,,,,100.0
,,,,,,100.0
,,,,,,100.0
,,,,,,100.0
,,,,,,100.0
,,,,,,100.0
,,,,,,100.0
,,,,,,100.0
,,,,,,100.0
,,,,,,100.0
,,,,,,100.0
,,,,,,100.0
,,,,,,100.0
,,,,,,100.0
,,,,,,100.0
,,,,,,100.0
,,,,,,100.0
,,,,,,100.0
,,,,,,100.0
,,,,,,100.0
,,,,,,100.0
,,,,,,100.0
,,,,,,100.0
,,,,,,100.0
,,,,,,100.0
,,,,,,100.0
,,,,,,100.0
,,,,,,100.0
,,,,,,100.0
,,,,,,100.0
,,,,,,100.0
,,,,,,100.0
,,,,,,100.0
,,,,,,100.0
,,,,,,100.0
,,,,,,100.0
,,,,,,100.0
,,,,,,100.0
,,,,,,100.0
,,,,,,100.0
,,,,,,100.0
,,,,,,100.0
,,,,,,100.0
,,,,,,100.0
,,,,,,100.0
,,,,,,100.0
,,,,,,100.0
,,,,,,100.0
,,,,,,100.0
,,,,,,100.0
,,,,,,100.0
,,,,,,100.0
,,,,,,100.0
,,,,,,100.0
,,,,,,100.0
,,,,,,100.0
,,,,,,100.0
,,,,,,100.0
,,,,,,100.0
,,,,,,100.0
,,,,,,100.0
,,,,,,100.0
,,,,,,100.0
,,,,,,100.0
,,,,,,100.0
,,,,,,100.0
,,,,,,100.0
,,,,,,100.0
,,,,,,100.0
,,,,,,100.0
,,,,,,100.0
,,,,,,100.0
,,,,,,100.0
,,,,,,100.0
,,,,,,100.0
,,,,,,100.0
,,,,,,100.0
,,,,,,100.0
,,,,,,100.0
,,,,,,100.0
,,,,,,100.0
,,,,,,100.0
,,,,,,100.0
,,,,,,100.0
,,,,,,100.0
,,,,,,100.0
,,,,,,100.0
,,,,,,100.0
,,,,,,100.0
,,,,,,100.0
,,,,,,100.0
,,,,,,100.0
,,,,,,100.0
,,,,,,100.0
,,,,,,100.0
,,,,,,100.0
,,,,,,100.0
,,,,,,100.0
,,,,,,100.0
,,,,,,100.0
,,,,,,100.0
,,,,,,100.0
,,,,,,100.0
,,,,,,100.0
,,,,,,100.0
,,,,,,100.0
,,,,,,100.0
,,,,,,100.0
,,,,,,100.0
,,,,,,100.0
,,,,,,100.0
,,,,,,100.0
,,,,,,100.0
,,,,,,100.0
,,,,,,100.0
,,,,,,100.0
,,,,,,100.0
,,,,,,100.0
,,,,,,100.0
,,,,,,100.0
,,,,,,100.0
,,,,,,100.0
,,,,,,100.0
,,,,,,100.0
,,,,,,100.0
,,,,,,100.0
,,,,,,100.0
,,,,,,100.0
,,,,,,100.0
,,,,,,100.0
,,,,,,100.0
,,,,,,100.0
,,,,,,100.0
,,,,,,100.0
,,,,,,100.0
,,,,,,100.0
,,,,,,100.0
,,,,,,100.0
,,,,,,100.0
,,,,,,100.0
,,,,,,100.0
,,,,,,100.0
,,,,,,100.0
,,,,,,100.0
,,,,,,100.0
,,,,,,100.0
,,,,,,100.0
,,,,,,100.0
,,,,,,100.0
,,,,,,100.0
,,,,,,100.0
,,,,,,100.0
,,,,,,100.0
,,,,,,100.0
,,,,,,100.0
,,,,,,100.0
,,,,,,100.0
,,,,,,100.0
,,,,,,100.0
,,,,,,100.0
,,,,,,100.0
,,,,,,100.0
,,,,,,100.0
,,,,,,100.0
,,,,,,100.0
,,,,,,100.0
,,,,,,100.0
,,,,,,100.0
,,,,,,100.0
,,,,,,100.0
,,,,,,100.0
,,,,,,100.0
,,,,,,100.0
,,,,,,100.0
,,,,,,100.0
,,,,,,100.0
,,,,,,100.0
,,,,,,100.0
,,,,,,100.0
,,,,,,100.0
,,,,,,100.0
,,,,,,100.0
,,,,,,100.0
,,,,,,100.0
,,,,,,100.0
,,,,,,100.0
,,,,,,100.0
,,,,,,100.0
,,,,,,100.0
,,,,,,100.0
,,,,,,100.0
,,,,,,100.0
,,,,,,100.0
,,,,,,100.0
,,,,,,100.0
,,,,,,100.0
,,,,,,100.0
,,,,,,100.0
,,,,,,100.0
,,,,,,100.0
,,,,,,100.0
,,,,,,100.0
,,,,,,100.0
,,,,,,100.0
,,,,,,100.0
,,,,,,100.0
,,,,,,100.0
,,,,,,100.0
,,,,,,100.0
,,,,,,100.0
,,,,,,100.0
,,,,,,100.0
,,,,,,100.0
,,,,,,100.0
,,,,,,100.0
,,,,,,100.0
,,,,,,100.0
,,,,,,100.0
,,,,,,100.0
,,,,,,100.0
,,,,,,100.0
,,,,,,100.0
,,,,,,100.0
,,,,,,100.0
,,,,,,100.0
,,,,,,100.0
,,,,,,100.0
,,,,,,100.0
,,,,,,100.0
,,,,,,100.0
,,,,,,100.0
,,,,,,100.0
,,,,,,100.0
,,,,,,100.0
,,,,,,100.0
,,,,,,100.0
,,,,,,100.0
,,,,,,100.0
,,,,,,100.0
,,,,,,100.0
,,,,,,100.0
,,,,,,100.0
,,,,,,100.0
,,,,,,100.0
,,,,,,100.0
,,,,,,100.0
,,,,,,100.0
,,,,,,100.0
,,,,,,100.0
,,,,,,100.0
,,,,,,100.0
,,,,,,100.0
,,,,,,100.0
,,,,,,100.0
,,,,,,100.0
,,,,,,100.0
,,,,,,100.0
,,,,,,100.0
,,,,,,100.0
,,,,,,100.0
,,,,,,100.0
,,,,,,100.0
,,,,,,100.0
,,,,,,100.0
,,,,,,100.0
,,,,,,100.0
,,,,,,100.0
,,,,,,100.0
,,,,,,100.0
,,,,,,100.0
,,,,,,100.0
,,,,,,100.0
,,,,,,100.0
,,,,,,100.0
,,,,,,100.0
,,,,,,100.0
,,,,,,100.0
,,,,,,100.0
,,,,,,100.0
,,,,,,100.0
,,,,,,100.0
,,,,,,100.0
,,,,,,100.0
,,,,,,100.0
,,,,,,100.0
,,,,,,100.0
,,,,,,100.0
,,,,,,100.0
,,,,,,100.0
,,,,,,100.0
,,,,,,100.0
,,,,,,100.0
,,,,,,100.0
,,,,,,100.0
,,,,,,100.0
,,,,,,100.0
,,,,,,100.0
,,,,,,100.0
,,,,,,100.0
,,,,,,100.0
,,,,,,100.0
,,,,,,100.0
,,,,,,100.0
,,,,,,100.0
,,,,,,100.0
,,,,,,100.0
,,,,,,100.0
,,,,,,100.0
,,,,,,100.0
,,,,,,100.0
,,,,,,100.0
,,,,,,100.0
,,,,,,100.0
,,,,,,100.0
,,,,,,100.0
,,,,,,100.0
,,,,,,100.0
,,,,,,100.0
,,,,,,100.0
,,,,,,100.0
,,,,,,100.0
,,,,,,100.0
,,,,,,100.0
,,,,,,100.0
,,,,,,100.0
,,,,,,100.0
,,,,,,100.0
,,,,,,100.0
,,,,,,100.0
,,,,,,100.0
,,,,,,100.0
,,,,,,100.0
,,,,,,100.0
,,,,,,100.0
,,,,,,100.0
,,,,,,100.0
,,,,,,100.0
,,,,,,100.0
,,,,,,100.0
,,,,,,100.0
,,,,,,100.0
,,,,,,100.0
,,,,,,100.0
,,,,,,100.0
,,,,,,100.0
,,,,,,100.0
,,,,,,100.0
,,,,,,100.0
,,,,,,100.0
,,,,,,100.0
,,,,,,100.0
,,,,,,100.0
,,,,,,100.0
,,,,,,100.0
,,,,,,100.0
,,,,,,100.0
,,,,,,100.0
,,,,,,100.0
,,,,,,100.0
,,,,,,100.0
,,,,,,100.0
,,,,,,100.0
,,,,,,100.0
,,,,,,100.0
,,,,,,100.0
,,,,,,100.0
,,,,,,100.0
,,,,,,100.0
,,,,,,100.0
,,,,,,100.0
,,,,,,100.0
,,,,,,100.0
,,,,,,100.0
,,,,,,100.0
,,,,,,100.0
,,,,,,100.0
,,,,,,100.0
,,,,,,100.0
,,,,,,100.0
,,,,,,100.0
,,,,,,100.0
,,,,,,100.0
,,,,,,100.0
,,,,,,100.0
,,,,,,100.0
,,,,,,100.0
,,,,,,100.0
,,,,,,100.0
,,,,,,100.0
,,,,,,100.0
,,,,,,100.0
,,,,,,100.0
,,,,,,100.0
,,,,,,100.0
,,,,,,100.0
,,,,,,100.0
,,,,,,100.0
,,,,,,100.0
,,,,,,100.0
,,,,,,100.0
,,,,,,100.0
,,,,,,100.0
,,,,,,100.0
,,,,,,100.0
,,,,,,100.0
,,,,,,100.0
,,,,,,100.0
,,,,,,100.0
,,,,,,100.0
,,,,,,100.0
,,,,,,100.0
,,,,,,100.0
,,,,,,100.0
,,,,,,100.0
,,,,,,100.0
,,,,,,100.0
,,,,,,100.0
,,,,,,100.0
,,,,,,100.0
,,,,,,100.0
,,,,,,100.0
,,,,,,100.0
,,,,,,100.0
,,,,,,100.0
,,,,,,100.0
,,,,,,100.0
,,,,,,100.0
,,,,,,100.0
,,,,,,100.0
,,,,,,100.0
,,,,,,100.0
,,,,,,100.0
,,,,,,100.0
,,,,,,100.0
,,,,,,100.0
,,,,,,100.0
,,,,,,100.0
,,,,,,100.0
,,,,,,100.0
,,,,,,100.0
,,,,,,100.0
,,,,,,100.0
,,,,,,100.0
,,,,,,100.0
,,,,,,100.0
,,,,,,100.0
,,,,,,100.0
,,,,,,100.0
,,,,,,100.0
,,,,,,100.0
,,,,,,100.0
,,,,,,100.0
,,,,,,100.0
,,,,,,100.0
,,,,,,100.0
,,,,,,100.0
,,,,,,100.0
,,,,,,100.0
,,,,,,100.0
,,,,,,100.0
,,,,,,100.0
,,,,,,100.0
,,,,,,100.0
,,,,,,100.0
,,,,,,100.0
,,,,,,100.0
,,,,,,100.0
,,,,,,100.0
,,,,,,100.0
,,,,,,100.0
,,,,,,100.0
,,,,,,100.0
,,,,,,100.0
,,,,,,100.0
,,,,,,100.0
,,,,,,100.0
,,,,,,100.0
,,,,,,100.0
,,,,,,100.0
,,,,,,100.0
,,,,,,100.0
,,,,,,100.0
,,,,,,100.0
,,,,,,100.0
,,,,,,100.0
,,,,,,100.0
,,,,,,100.0
,,,,,,100.0
,,,,,,100.0
,,,,,,100.0
,,,,,,100.0
,,,,,,100.0
,,,,,,100.0
,,,,,,100.0
,,,,,,100.0
,,,,,,100.0
,,,,,,100.0
,,,,,,100.0
,,,,,,100.0
,,,,,,100.0
,,,,,,100.0
,,,,,,100.0
,,,,,,100.0
,,,,,,100.0
,,,,,,100.0
,,,,,,100.0
,,,,,,100.0
,,,,,,100.0
,,,,,,100.0
,,,,,,100.0
,,,,,,100.0
,,,,,,100.0
,,,,,,100.0
,,,,,,100.0
,,,,,,100.0
,,,,,,100.0
,,,,,,100.0
,,,,,,100.0
,,,,,,100.0
,,,,,,100.0
,,,,,,100.0
,,,,,,100.0
,,,,,,100.0
,,,,,,100.0
,,,,,,100.0
,,,,,,100.0
,,,,,,100.0
,,,,,,100.0
,,,,,,100.0
,,,,,,100.0
,,,,,,100.0
,,,,,,100.0
,,,,,,100.0
,,,,,,100.0
,,,,,,100.0
,,,,,,100.0
,,,,,,100.0
,,,,,,100.0
,,,,,,100.0
,,,,,,100.0
,,,,,,100.0
,,,,,,100.0
,,,,,,100.0
,,,,,,100.0
,,,,,,100.0
,,,,,,100.0
,,,,,,100.0
,,,,,,100.0
,,,,,,100.0
,,,,,,100.0
,,,,,,100.0
,,,,,,100.0
,,,,,,100.0
,,,,,,100.0
,,,,,,100.0
,,,,,,100.0
,,,,,,100.0
,,,,,,100.0
,,,,,,100.0
,,,,,,100.0
,,,,,,100.0
,,,,,,100.0
,,,,,,100.0
,,,,,,100.0
,,,,,,100.0
,,,,,,100.0
,,,,,,100.0
,,,,,,100.0
,,,,,,100.0
,,,,,,100.0
,,,,,,100.0
,,,,,,100.0
,,,,,,100.0
,,,,,,100.0
,,,,,,100.0
,,,,,,100.0
,,,,,,100.0
,,,,,,100.0
,,,,,,100.0
,,,,,,100.0
,,,,,,100.0
,,,,,,100.0
,,,,,,100.0
,,,,,,100.0
,,,,,,100.0
,,,,,,100.0
,,,,,,100.0
,,,,,,100.0
,,,,,,100.0
,,,,,,100.0
,,,,,,100.0
,,,,,,100.0
,,,,,,100.0
,,,,,,100.0
,,,,,,100.0
,,,,,,100.0
,,,,,,100.0
,,,,,,100.0
,,,,,,100.0
,,,,,,100.0
,,,,,,100.0
,,,,,,100.0
,,,,,,100.0
,,,,,,100.0
,,,,,,100.0
,,,,,,100.0
,,,,,,100.0
,,,,,,100.0
,,,,,,100.0
,,,,,,100.0
,,,,,,100.0
,,,,,,100.0
,,,,,,100.0
,,,,,,100.0
,,,,,,100.0
,,,,,,100.0
,,,,,,100.0
,,,,,,100.0
,,,,,,100.0
,,,,,,100.0
,,,,,,100.0
,,,,,,100.0
,,,,,,100.0
,,,,,,100.0
,,,,,,100.0
,,,,,,100.0
,,,,,,100.0
,,,,,,100.0
,,,,,,100.0
,,,,,,100.0
,,,,,,100.0
,,,,,,100.0
,,,,,,100.0
,,,,,,100.0
,,,,,,100.0
,,,,,,100.0
,,,,,,100.0
,,,,,,100.0
,,,,,,100.0
,,,,,,100.0
,,,,,,100.0
,,,,,,100.0
,,,,,,100.0
,,,,,,100.0
,,,,,,100.0
,,,,,,100.0
,,,,,,100.0
,,,,,,100.0
,,,,,,100.0
,,,,,,100.0
,,,,,,100.0
,,,,,,100.0
,,,,,,100.0
,,,,,,100.0
,,,,,,100.0
,,,,,,100.0
,,,,,,100.0
,,,,,,100.0
,,,,,,100.0
,,,,,,100.0
,,,,,,100.0
,,,,,,100.0
,,,,,,100.0
,,,,,,100.0
,,,,,,100.0
,,,,,,100.0
,,,,,,100.0
,,,,,,100.0
,,,,,,100.0
,,,,,,100.0
,,,,,,100.0
,,,,,,100.0
,,,,,,100.0
,,,,,,100.0
,,,,,,100.0
,,,,,,100.0
,,,,,,100.0
,,,,,,100.0
,,,,,,100.0
,,,,,,100.0
,,,,,,100.0
,,,,,,100.0
,,,,,,100.0
,,,,,,100.0
,,,,,,100.0
,,,,,,100.0
,,,,,,100.0
,,,,,,100.0
,,,,,,100.0
,,,,,,100.0
,,,,,,100.0
,,,,,,100.0
,,,,,,100.0
,,,,,,100.0
,,,,,,100.0
,,,,,,100.0
,,,,,,100.0
,,,,,,100.0
,,,,,,100.0
,,,,,,100.0
,,,,,,100.0
,,,,,,100.0
,,,,,,100.0
,,,,,,100.0
,,,,,,100.0
,,,,,,100.0
,,,,,,100.0
,,,,,,100.0
,,,,,,100.0
,,,,,,100.0
,,,,,,100.0
,,,,,,100.0
,,,,,,100.0
,,,,,,100.0
,,,,,,100.0
,,,,,,100.0
,,,,,,100.0
,,,,,,100.0
,,,,,,100.0
,,,,,,100.0
,,,,,,100.0
,,,,,,100.0
,,,,,,100.0
,,,,,,100.0
,,,,,,100.0
,,,,,,100.0
,,,,,,100.0
,,,,,,100.0
,,,,,,100.0
,,,,,,100.0
,,,,,,100.0
,,,,,,100.0
,,,,,,100.0
,,,,,,100.0
,,,,,,100.0
,,,,,,100.0
,,,,,,100.0
,,,,,,100.0
,,,,,,100.0
,,,,,,100.0
,,,,,,100.0
,,,,,,100.0
,,,,,,100.0
,,,,,,100.0
,,,,,,100.0
,,,,,,100.0
,,,,,,100.0
,,,,,,100.0
,,,,,,100.0
,,,,,,100.0
,,,,,,100.0
,,,,,,100.0
,,,,,,100.0
,,,,,,100.0
,,,,,,100.0
,,,,,,100.0
,,,,,,100.0
,,,,,,100.0
,,,,,,100.0
,,,,,,100.0
,,,,,,100.0
,,,,,,100.0
,,,,,,100.0
,,,,,,100.0
,,,,,,100.0
,,,,,,100.0
,,,,,,100.0
,,,,,,100.0
,,,,,,100.0
,,,,,,100.0
,,,,,,100.0
,,,,,,100.0
,,,,,,100.0
,,,,,,100.0
,,,,,,100.0
,,,,,,100.0
,,,,,,100.0
,,,,,,100.0
,,,,,,100.0
,,,,,,100.0
,,,,,,100.0
,,,,,,100.0
,,,,,,100.0
,,,,,,100.0
,,,,,,100.0
,,,,,,100.0
,,,,,,100.0
,,,,,,100.0
,,,,,,100.0
,,,,,,100.0
,,,,,,100.0
,,,,,,100.0
,,,,,,100.0
,,,,,,100.0
,,,,,,100.0
,,,,,,100.0
,,,,,,100.0
,,,,,,100.0
,,,,,,100.0
,,,,,,100.0
,,,,,,100.0
,,,,,,100.0
,,,,,,100.0
,,,,,,100.0
,,,,,,100.0
,,,,,,100.0
,,,,,,100.0
,,,,,,100.0
,,,,,,100.0
,,,,,,100.0
,,,,,,100.0
,,,,,,100.0
,,,,,,100.0
,,,,,,100.0
,,,,,,100.0
,,,,,,100.0
,,,,,,100.0
,,,,,,100.0
,,,,,,100.0
,,,,,,100.0
,,,,,,100.0
,,,,,,100.0
,,,,,,100.0
,,,,,,100.0
,,,,,,100.0
,,,,,,100.0
,,,,,,100.0
,,,,,,100.0
,,,,,,100.0
,,,,,,100.0
,,,,,,100.0
,,,,,,100.0
,,,,,,100.0
,,,,,,100.0
,,,,,,100.0
,,,,,,100.0
,,,,,,100.0
,,,,,,100.0
,,,,,,100.0
,,,,,,100.0
,,,,,,100.0
,,,,,,100.0
,,,,,,100.0
,,,,,,100.0
,,,,,,100.0
,,,,,,100.0
,,,,,,100.0
,,,,,,100.0
,,,,,,100.0
,,,,,,100.0
,,,,,,100.0
,,,,,,100.0
,,,,,,100.0
,,,,,,100.0
,,,,,,100.0
,,,,,,100.0
,,,,,,100.0
,,,,,,100.0
,,,,,,100.0
,,,,,,100.0
,,,,,,100.0
,,,,,,100.0
,,,,,,100.0
,,,,,,100.0
,,,,,,100.0
,,,,,,100.0
,,,,,,100.0
,,,,,,100.0
,,,,,,100.0
,,,,,,100.0
,,,,,,100.0
,,,,,,100.0
,,,,,,100.0
,,,,,,100.0
,,,,,,100.0
,,,,,,100.0
,,,,,,100.0
,,,,,,100.0
,,,,,,100.0
,,,,,,100.0
,,,,,,100.0
,,,,,,100.0
,,,,,,100.0
,,,,,,100.0
,,,,,,100.0
,,,,,,100.0
,,,,,,100.0
,,,,,,100.0
,,,,,,100.0
,,,,,,100.0
,,,,,,100.0
,,,,,,100.0
,,,,,,100.0
,,,,,,100.0
,,,,,,100.0
,,,,,,100.0
,,,,,,100.0
,,,,,,100.0
,,,,,,100.0
,,,,,,100.0
,,,,,,100.0
,,,,,,100.0
,,,,,,100.0
,,,,,,100.0
,,,,,,100.0
,,,,,,100.0
,,,,,,100.0
,,,,,,100.0
,,,,,,100.0
,,,,,,100.0
,,,,,,100.0
,,,,,,100.0
,,,,,,100.0
,,,,,,100.0
,,,,,,100.0
,,,,,,100.0
,,,,,,100.0
,,,,,,100.0
,,,,,,100.0
,,,,,,100.0
,,,,,,100.0
,,,,,,100.0
,,,,,,100.0
,,,,,,100.0
,,,,,,100.0
,,,,,,100.0
,,,,,,100.0
,,,,,,100.0
,,,,,,100.0
,,,,,,100.0
,,,,,,100.0
,,,,,,100.0
,,,,,,100.0
,,,,,,100.0
,,,,,,100.0
,,,,,,100.0
,,,,,,100.0
,,,,,,100.0
,,,,,,100.0
,,,,,,100.0
,,,,,,100.0
,,,,,,100.0
,,,,,,100.0
,,,,,,100.0
,,,,,,100.0
,,,,,,100.0
,,,,,,100.0
,,,,,,100.0
,,,,,,100.0
,,,,,,100.0
,,,,,,100.0
,,,,,,100.0
,,,,,,100.0
,,,,,,100.0
,,,,,,100.0
,,,,,,100.0
,,,,,,100.0
,,,,,,100.0
,,,,,,100.0
,,,,,,100.0
,,,,,,100.0
,,,,,,100.0
,,,,,,100.0
,,,,,,100.0
,,,,,,100.0
,,,,,,100.0
,,,,,,100.0
,,,,,,100.0
,,,,,,100.0
,,,,,,100.0
,,,,,,100.0
,,,,,,100.0
,,,,,,100.0
,,,,,,100.0
,,,,,,100.0
,,,,,,100.0
,,,,,,100.0
,,,,,,100.0
,,,,,,100.0
,,,,,,100.0
,,,,,,100.0
,,,,,,100.0
,,,,,,100.0
,,,,,,100.0
,,,,,,100.0
,,,,,,100.0
,,,,,,100.0
,,,,,,100.0
,,,,,,100.0
,,,,,,100.0
,,,,,,100.0
,,,,,,100.0
,,,,,,100.0
,,,,,,100.0
,,,,,,100.0
,,,,,,100.0
,,,,,,100.0
,,,,,,100.0
,,,,,,100.0
,,,,,,100.0
,,,,,,100.0
,,,,,,100.0
,,,,,,100.0
,,,,,,100.0
,,,,,,100.0
,,,,,,100.0
,,,,,,100.0
,,,,,,100.0
,,,,,,100.0
,,,,,,100.0
,,,,,,100.0
,,,,,,100.0
,,,,,,100.0
,,,,,,100.0
,,,,,,100.0
,,,,,,100.0
,,,,,,100.0
,,,,,,100.0
,,,,,,100.0
,,,,,,100.0
,,,,,,100.0
,,,,,,100.0
,,,,,,100.0
,,,,,,100.0
,,,,,,100.0
,,,,,,100.0
,,,,,,100.0
,,,,,,100.0
,,,,,,100.0
,,,,,,100.0
,,,,,,100.0
,,,,,,100.0
,,,,,,100.0
,,,,,,100.0
,,,,,,100.0
,,,,,,100.0
,,,,,,100.0
,,,,,,100.0
,,,,,,100.0
,,,,,,100.0
,,,,,,100.0
,,,,,,100.0
,,,,,,100.0
,,,,,,100.0
,,,,,,100.0
,,,,,,100.0
,,,,,,100.0
,,,,,,100.0
,,,,,,100.0
,,,,,,100.0
,,,,,,100.0
,,,,,,100.0
,,,,,,100.0
,,,,,,100.0
,,,,,,100.0
,,,,,,100.0
,,,,,,100.0
,,,,,,100.0
,,,,,,100.0
,,,,,,100.0
,,,,,,100.0
,,,,,,100.0
,,,,,,100.0
,,,,,,100.0
,,,,,,100.0
,,,,,,100.0
,,,,,,100.0
,,,,,,100.0
,,,,,,100.0
,,,,,,100.0
,,,,,,100.0
,,,,,,100.0
,,,,,,100.0
,,,,,,100.0
,,,,,,100.0
,,,,,,100.0
,,,,,,100.0
,,,,,,100.0
,,,,,,100.0
,,,,,,100.0
,,,,,,100.0
,,,,,,100.0
,,,,,,100.0
,,,,,,100.0
,,,,,,100.0
,,,,,,100.0
,,,,,,100.0
,,,,,,100.0
,,,,,,100.0
,,,,,,100.0
,,,,,,100.0
,,,,,,100.0
,,,,,,100.0
,,,,,,100.0
,,,,,,100.0
,,,,,,100.0
,,,,,,100.0
,,,,,,100.0
,,,,,,100.0
,,,,,,100.0
,,,,,,100.0
,,,,,,100.0
,,,,,,100.0
,,,,,,100.0
,,,,,,100.0
,,,,,,100.0
,,,,,,100.0
,,,,,,100.0
,,,,,,100.0
,,,,,,100.0
,,,,,,100.0
,,,,,,100.0
,,,,,,100.0
,,,,,,100.0
,,,,,,100.0
,,,,,,100.0
,,,,,,100.0
,,,,,,100.0
,,,,,,100.0
,,,,,,100.0
,,,,,,100.0
,,,,,,100.0
,,,,,,100.0
,,,,,,100.0
,,,,,,100.0
,,,,,,100.0
,,,,,,100.0
,,,,,,100.0
,,,,,,100.0
,,,,,,100.0
,,,,,,100.0
,,,,,,100.0
,,,,,,100.0
,,,,,,100.0
,,,,,,100.0
,,,,,,100.0
,,,,,,100.0
,,,,,,100.0
,,,,,,100.0
,,,,,,100.0
,,,,,,100.0
,,,,,,100.0
,,,,,,100.0
,,,,,,100.0
,,,,,,100.0
,,,,,,100.0
,,,,,,100.0
,,,,,,100.0
,,,,,,100.0
,,,,,,100.0
,,,,,,100.0
,,,,,,100.0
,,,,,,100.0
,,,,,,100.0
,,,,,,100.0
,,,,,,100.0
,,,,,,100.0
,,,,,,100.0
,,,,,,100.0
,,,,,,100.0
,,,,,,100.0
,,,,,,100.0
,,,,,,100.0
,,,,,,100.0
,,,,,,100.0
,,,,,,100.0
,,,,,,100.0
,,,,,,100.0
,,,,,,100.0
,,,,,,100.0
,,,,,,100.0
,,,,,,100.0
,,,,,,100.0
,,,,,,100.0
,,,,,,100.0
,,,,,,100.0
,,,,,,100.0
,,,,,,100.0
,,,,,,100.0
,,,,,,100.0
,,,,,,100.0
,,,,,,100.0
,,,,,,100.0
,,,,,,100.0
,,,,,,100.0
,,,,,,100.0
,,,,,,100.0
,,,,,,100.0
,,,,,,100.0
,,,,,,100.0
,,,,,,100.0
,,,,,,100.0
,,,,,,100.0
,,,,,,100.0
,,,,,,100.0
,,,,,,100.0
,,,,,,100.0
,,,,,,100.0
,,,,,,100.0
,,,,,,100.0
,,,,,,100.0
,,,,,,100.0
,,,,,,100.0
,,,,,,100.0
,,,,,,100.0
,,,,,,100.0
,,,,,,100.0
,,,,,,100.0
,,,,,,100.0
,,,,,,100.0
,,,,,,100.0
,,,,,,100.0
,,,,,,100.0
,,,,,,100.0
,,,,,,100.0
,,,,,,100.0
,,,,,,100.0
,,,,,,100.0
,,,,,,100.0
,,,,,,100.0
,,,,,,100.0
,,,,,,100.0
,,,,,,100.0
,,,,,,100.0
,,,,,,100.0
,,,,,,100.0
,,,,,,100.0
,,,,,,100.0
,,,,,,100.0
,,,,,,100.0
,,,,,,100.0
,,,,,,100.0
,,,,,,100.0
,,,,,,100.0
,,,,,,100.0
,,,,,,100.0
,,,,,,100.0
,,,,,,100.0
,,,,,,100.0
,,,,,,100.0
,,,,,,100.0
,,,,,,100.0
,,,,,,100.0
,,,,,,100.0
,,,,,,100.0
,,,,,,100.0
,,,,,,100.0
,,,,,,100.0
,,,,,,100.0
,,,,,,100.0
,,,,,,100.0
,,,,,,100.0
,,,,,,100.0
,,,,,,100.0
,,,,,,100.0
,,,,,,100.0
,,,,,,100.0
,,,,,,100.0
,,,,,,100.0
,,,,,,100.0
,,,,,,100.0
,,,,,,100.0
,,,,,,100.0
,,,,,,100.0
,,,,,,100.0
,,,,,,100.0
,,,,,,100.0
,,,,,,100.0
,,,,,,100.0
,,,,,,100.0
,,,,,,100.0
,,,,,,100.0
,,,,,,100.0
,,,,,,100.0
,,,,,,100.0
,,,,,,100.0
,,,,,,100.0
,,,,,,100.0
,,,,,,100.0
,,,,,,100.0
,,,,,,100.0
,,,,,,100.0
,,,,,,100.0
,,,,,,100.0
,,,,,,100.0
,,,,,,100.0
,,,,,,100.0
,,,,,,100.0
,,,,,,100.0
,,,,,,100.0
,,,,,,100.0
,,,,,,100.0
,,,,,,100.0
,,,,,,100.0
,,,,,,100.0
,,,,,,100.0
,,,,,,100.0
,,,,,,100.0
,,,,,,100.0
,,,,,,100.0
,,,,,,100.0
,,,,,,100.0
,,,,,,100.0
,,,,,,100.0
,,,,,,100.0
,,,,,,100.0
,,,,,,100.0
,,,,,,100.0
,,,,,,100.0
,,,,,,100.0
,,,,,,100.0
,,,,,,100.0
,,,,,,100.0
,,,,,,100.0
,,,,,,100.0
,,,,,,100.0
,,,,,,100.0
,,,,,,100.0
,,,,,,100.0
,,,,,,100.0
,,,,,,100.0
,,,,,,100.0
,,,,,,100.0
,,,,,,100.0
,,,,,,100.0
,,,,,,100.0
,,,,,,100.0
,,,,,,100.0
,,,,,,100.0
,,,,,,100.0
,,,,,,100.0
,,,,,,100.0
,,,,,,100.0
,,,,,,100.0
,,,,,,100.0
,,,,,,100.0
,,,,,,100.0
,,,,,,100.0
,,,,,,100.0
,,,,,,100.0
,,,,,,100.0
,,,,,,100.0
,,,,,,100.0
,,,,,,100.0
,,,,,,100.0
,,,,,,100.0
,,,,,,100.0
,,,,,,100.0
,,,,,,100.0
,,,,,,100.0
,,,,,,100.0
,,,,,,100.0
,,,,,,100.0
,,,,,,100.0
,,,,,,100.0
,,,,,,100.0
,,,,,,100.0
,,,,,,100.0
,,,,,,100.0
,,,,,,100.0
,,,,,,100.0
,,,,,,100.0
,,,,,,100.0
,,,,,,100.0
,,,,,,100.0
,,,,,,100.0
,,,,,,100.0
,,,,,,100.0
,,,,,,100.0
,,,,,,100.0
,,,,,,100.0
,,,,,,100.0
,,,,,,100.0
,,,,,,100.0
,,,,,,100.0
,,,,,,100.0
,,,,,,100.0
,,,,,,100.0
,,,,,,100.0
,,,,,,100.0
,,,,,,100.0
,,,,,,100.0
,,,,,,100.0
,,,,,,100.0
,,,,,,100.0
,,,,,,100.0
,,,,,,100.0
,,,,,,100.0
,,,,,,100.0
,,,,,,100.0
,,,,,,100.0
,,,,,,100.0
,,,,,,100.0
,,,,,,100.0
,,,,,,100.0
,,,,,,100.0
,,,,,,100.0
,,,,,,100.0
,,,,,,100.0
,,,,,,100.0
,,,,,,100.0
,,,,,,100.0
,,,,,,100.0
,,,,,,100.0
,,,,,,100.0
,,,,,,100.0
,,,,,,100.0
,,,,,,100.0
,,,,,,100.0
,,,,,,100.0
,,,,,,100.0
,,,,,,100.0
,,,,,,100.0
,,,,,,100.0
,,,,,,100.0
,,,,,,100.0
,,,,,,100.0
,,,,,,100.0
,,,,,,100.0
,,,,,,100.0
,,,,,,100.0
,,,,,,100.0
,,,,,,100.0
,,,,,,100.0
,,,,,,100.0
,,,,,,100.0
,,,,,,100.0
,,,,,,100.0
,,,,,,100.0
,,,,,,100.0
,,,,,,100.0
,,,,,,100.0
,,,,,,100.0
,,,,,,100.0
,,,,,,100.0
,,,,,,100.0
,,,,,,100.0
,,,,,,100.0
,,,,,,100.0
,,,,,,100.0
,,,,,,100.0
,,,,,,100.0
,,,,,,100.0
,,,,,,100.0
,,,,,,100.0
,,,,,,100.0
,,,,,,100.0
,,,,,,100.0
,,,,,,100.0
,,,,,,100.0
,,,,,,100.0
,,,,,,100.0
,,,,,,100.0
,,,,,,100.0
,,,,,,100.0
,,,,,,100.0
,,,,,,100.0
,,,,,,100.0
,,,,,,100.0
,,,,,,100.0
,,,,,,100.0
,,,,,,100.0
,,,,,,100.0
,,,,,,100.0
,,,,,,100.0
,,,,,,100.0
,,,,,,100.0
,,,,,,100.0
,,,,,,100.0
,,,,,,100.0
,,,,,,100.0
,,,,,,100.0
,,,,,,100.0
,,,,,,100.0
,,,,,,100.0
,,,,,,100.0
,,,,,,100.0
,,,,,,100.0
,,,,,,100.0
,,,,,,100.0
,,,,,,100.0
,,,,,,100.0
,,,,,,100.0
,,,,,,100.0
,,,,,,100.0
,,,,,,100.0
,,,,,,100.0
,,,,,,100.0
,,,,,,100.0
,,,,,,100.0
,,,,,,100.0
,,,,,,100.0
,,,,,,100.0
,,,,,,100.0
,,,,,,100.0
,,,,,,100.0
,,,,,,100.0
,,,,,,100.0
,,,,,,100.0
,,,,,,100.0
,,,,,,100.0
,,,,,,100.0
,,,,,,100.0
,,,,,,100.0
,,,,,,100.0
,,,,,,100.0
,,,,,,100.0
,,,,,,100.0
,,,,,,100.0
,,,,,,100.0
,,,,,,100.0
,,,,,,100.0
,,,,,,100.0
,,,,,,100.0
,,,,,,100.0
,,,,,,100.0
,,,,,,100.0
,,,,,,100.0
,,,,,,100.0
,,,,,,100.0
,,,,,,100.0
,,,,,,100.0
,,,,,,100.0
,,,,,,100.0
,,,,,,100.0
,,,,,,100.0
,,,,,,100.0
,,,,,,100.0
,,,,,,100.0
,,,,,,100.0
,,,,,,100.0
,,,,,,100.0
,,,,,,100.0
,,,,,,100.0
,,,,,,100.0
,,,,,,100.0
,,,,,,100.0
,,,,,,100.0
,,,,,,100.0
,,,,,,100.0
,,,,,,100.0
,,,,,,100.0
,,,,,,100.0
,,,,,,100.0
,,,,,,100.0
,,,,,,100.0
,,,,,,100.0
,,,,,,100.0
,,,,,,100.0
,,,,,,100.0
,,,,,,100.0
,,,,,,100.0
,,,,,,100.0
,,,,,,100.0
,,,,,,100.0
,,,,,,100.0
,,,,,,100.0
,,,,,,100.0
,,,,,,100.0
,,,,,,100.0
,,,,,,100.0
,,,,,,100.0
,,,,,,100.0
,,,,,,100.0
,,,,,,100.0
,,,,,,100.0
,,,,,,100.0
,,,,,,100.0
,,,,,,100.0
,,,,,,100.0
,,,,,,100.0
,,,,,,100.0
,,,,,,100.0
,,,,,,100.0
,,,,,,100.0
,,,,,,100.0
,,,,,,100.0
,,,,,,100.0
,,,,,,100.0
,,,,,,100.0
,,,,,,100.0
,,,,,,100.0
,,,,,,100.0
,,,,,,100.0
,,,,,,100.0
,,,,,,100.0
,,,,,,100.0
,,,,,,100.0
,,,,,,100.0
,,,,,,100.0
,,,,,,100.0
,,,,,,100.0
,,,,,,100.0
,,,,,,100.0
,,,,,,100.0
,,,,,,100.0
,,,,,,100.0
,,,,,,100.0
,,,,,,100.0
,,,,,,100.0
,,,,,,100.0
,,,,,,100.0
,,,,,,100.0
,,,,,,100.0
,,,,,,100.0
,,,,,,100.0
,,,,,,100.0
,,,,,,100.0
,,,,,,100.0
,,,,,,100.0
,,,,,,100.0
,,,,,,100.0
,,,,,,100.0
,,,,,,100.0
,,,,,,100.0
,,,,,,100.0
,,,,,,100.0
,,,,,,100.0
,,,,,,100.0
,,,,,,100.0
,,,,,,100.0
,,,,,,100.0
,,,,,,100.0
,,,,,,100.0
,,,,,,100.0
,,,,,,100.0
,,,,,,100.0
,,,,,,100.0
,,,,,,100.0
,,,,,,100.0
,,,,,,100.0
,,,,,,100.0
,,,,,,100.0
,,,,,,100.0
,,,,,,100.0
,,,,,,100.0
,,,,,,100.0
,,,,,,100.0
,,,,,,100.0
,,,,,,100.0
,,,,,,100.0
,,,,,,100.0
,,,,,,100.0
,,,,,,100.0
,,,,,,100.0
,,,,,,100.0
,,,,,,100.0
,,,,,,100.0
,,,,,,100.0
,,,,,,100.0
,,,,,,100.0
,,,,,,100.0
,,,,,,100.0
,,,,,,100.0
,,,,,,100.0
,,,,,,100.0
,,,,,,100.0
,,,,,,100.0
,,,,,,100.0
,,,,,,100.0
,,,,,,100.0
,,,,,,100.0
,,,,,,100.0
,,,,,,100.0
,,,,,,100.0
,,,,,,100.0
,,,,,,100.0
,,,,,,100.0
,,,,,,100.0
,,,,,,100.0
,,,,,,100.0
,,,,,,100.0
,,,,,,100.0
,,,,,,100.0
,,,,,,100.0
,,,,,,100.0
,,,,,,100.0
,,,,,,100.0
,,,,,,100.0
,,,,,,100.0
,,,,,,100.0
,,,,,,100.0
,,,,,,100.0
,,,,,,100.0
,,,,,,100.0
,,,,,,100.0
,,,,,,100.0
,,,,,,100.0
,,,,,,100.0
,,,,,,100.0
,,,,,,100.0
,,,,,,100.0
,,,,,,100.0
,,,,,,100.0
,,,,,,100.0
,,,,,,100.0
,,,,,,100.0
,,,,,,100.0
,,,,,,100.0
,,,,,,100.0
,,,,,,100.0
,,,,,,100.0
,,,,,,100.0
,,,,,,100.0
,,,,,,100.0
,,,,,,100.0
,,,,,,100.0
,,,,,,100.0
,,,,,,100.0
,,,,,,100.0
,,,,,,100.0
,,,,,,100.0
,,,,,,100.0
,,,,,,100.0
,,,,,,100.0
,,,,,,100.0
,,,,,,100.0
,,,,,,100.0
,,,,,,100.0
,,,,,,100.0
,,,,,,100.0
,,,,,,100.0
,,,,,,100.0
,,,,,,100.0
,,,,,,100.0
,,,,,,100.0
,,,,,,100.0
,,,,,,100.0
,,,,,,100.0
,,,,,,100.0
,,,,,,100.0
,,,,,,100.0
,,,,,,100.0
,,,,,,100.0
,,,,,,100.0
,,,,,,100.0
,,,,,,100.0
,,,,,,100.0
,,,,,,100.0
,,,,,,100.0
,,,,,,100.0
,,,,,,100.0
,,,,,,100.0
,,,,,,100.0
,,,,,,100.0
,,,,,,100.0
,,,,,,100.0
,,,,,,100.0
,,,,,,100.0
,,,,,,100.0
,,,,,,100.0
,,,,,,100.0
,,,,,,100.0
,,,,,,100.0
,,,,,,100.0
,,,,,,100.0
,,,,,,100.0
,,,,,,100.0
,,,,,,100.0
,,,,,,100.0
,,,,,,100.0
,,,,,,100.0
,,,,,,100.0
,,,,,,100.0
,,,,,,100.0
,,,,,,100.0
,,,,,,100.0
,,,,,,100.0
,,,,,,100.0
,,,,,,100.0
,,,,,,100.0
,,,,,,100.0
,,,,,,100.0
,,,,,,100.0
,,,,,,100.0
,,,,,,100.0
,,,,,,100.0
,,,,,,100.0
,,,,,,100.0
,,,,,,100.0
,,,,,,100.0
,,,,,,100.0
,,,,,,100.0
,,,,,,100.0
,,,,,,100.0
,,,,,,100.0
,,,,,,100.0
,,,,,,100.0
,,,,,,100.0
,,,,,,100.0
,,,,,,100.0
,,,,,,100.0
,,,,,,100.0
,,,,,,100.0
,,,,,,100.0
,,,,,,100.0
,,,,,,100.0
,,,,,,100.0
,,,,,,100.0
,,,,,,100.0
,,,,,,100.0
,,,,,,100.0
,,,,,,100.0
,,,,,,100.0
,,,,,,100.0
,,,,,,100.0
,,,,,,100.0
,,,,,,100.0
,,,,,,100.0
,,,,,,100.0
,,,,,,100.0
,,,,,,100.0
,,,,,,100.0
,,,,,,100.0
,,,,,,100.0
,,,,,,100.0
,,,,,,100.0
,,,,,,100.0
,,,,,,100.0
,,,,,,100.0
,,,,,,100.0
,,,,,,100.0
,,,,,,100.0
,,,,,,100.0
,,,,,,100.0
,,,,,,100.0
,,,,,,100.0
,,,,,,100.0
,,,,,,100.0
,,,,,,100.0
,,,,,,100.0
,,,,,,100.0
,,,,,,100.0
,,,,,,100.0
,,,,,,100.0
,,,,,,100.0
,,,,,,100.0
,,,,,,100.0
,,,,,,100.0
,,,,,,100.0
,,,,,,100.0
,,,,,,100.0
,,,,,,100.0
,,,,,,100.0
,,,,,,100.0
,,,,,,100.0
,,,,,,100.0
,,,,,,100.0
,,,,,,100.0
,,,,,,100.0
,,,,,,100.0
,,,,,,100.0
,,,,,,100.0
,,,,,,100.0
,,,,,,100.0
,,,,,,100.0
,,,,,,100.0
,,,,,,100.0
,,,,,,100.0
,,,,,,100.0
,,,,,,100.0
,,,,,,100.0
,,,,,,100.0
,,,,,,100.0
,,,,,,100.0
,,,,,,100.0
,,,,,,100.0
,,,,,,100.0
,,,,,,100.0
,,,,,,100.0
,,,,,,100.0
,,,,,,100.0
,,,,,,100.0
,,,,,,100.0
,,,,,,100.0
,,,,,,100.0
,,,,,,100.0
,,,,,,100.0
,,,,,,100.0
,,,,,,100.0
,,,,,,100.0
,,,,,,100.0
,,,,,,100.0
,,,,,,100.0
,,,,,,100.0
,,,,,,100.0
,,,,,,100.0
,,,,,,100.0
,,,,,,100.0
,,,,,,100.0
,,,,,,100.0
,,,,,,100.0
,,,,,,100.0
,,,,,,100.0
,,,,,,100.0
,,,,,,100.0
,,,,,,100.0
,,,,,,100.0
,,,,,,100.0
,,,,,,100.0
,,,,,,100.0
,,,,,,100.0
,,,,,,100.0
,,,,,,100.0
,,,,,,100.0
,,,,,,100.0
,,,,,,100.0
,,,,,,100.0
,,,,,,100.0
,,,,,,100.0
,,,,,,100.0
,,,,,,100.0
,,,,,,100.0
,,,,,,100.0
,,,,,,100.0
,,,,,,100.0
,,,,,,100.0
,,,,,,100.0
,,,,,,100.0
,,,,,,100.0
,,,,,,100.0
,,,,,,100.0
,,,,,,100.0
,,,,,,100.0
,,,,,,100.0
,,,,,,100.0
,,,,,,100.0
,,,,,,100.0
,,,,,,100.0
,,,,,,100.0
,,,,,,100.0
,,,,,,100.0
,,,,,,100.0
,,,,,,100.0
,,,,,,100.0
,,,,,,100.0
,,,,,,100.0
,,,,,,100.0
,,,,,,100.0
,,,,,,100.0
,,,,,,100.0
,,,,,,100.0
,,,,,,100.0
,,,,,,100.0
,,,,,,100.0
,,,,,,100.0
,,,,,,100.0
,,,,,,100.0
,,,,,,100.0
,,,,,,100.0
,,,,,,100.0
,,,,,,100.0
,,,,,,100.0
,,,,,,100.0
,,,,,,100.0
,,,,,,100.0
,,,,,,100.0
,,,,,,100.0
,,,,,,100.0
,,,,,,100.0
,,,,,,100.0
,,,,,,100.0
,,,,,,100.0
,,,,,,100.0
,,,,,,100.0
,,,,,,100.0
,,,,,,100.0
,,,,,,100.0
,,,,,,100.0
,,,,,,100.0
,,,,,,100.0
,,,,,,100.0
,,,,,,100.0
,,,,,,100.0
,,,,,,100.0
,,,,,,100.0
,,,,,,100.0
,,,,,,100.0
,,,,,,100.0
,,,,,,100.0
,,,,,,100.0
,,,,,,100.0
,,,,,,100.0
,,,,,,100.0
,,,,,,100.0
,,,,,,100.0
,,,,,,100.0
,,,,,,100.0
,,,,,,100.0
,,,,,,100.0
,,,,,,100.0
,,,,,,100.0
,,,,,,100.0
,,,,,,100.0
,,,,,,100.0
,,,,,,100.0
,,,,,,100.0
,,,,,,100.0
,,,,,,100.0
,,,,,,100.0
,,,,,,100.0
,,,,,,100.0
,,,,,,100.0
,,,,,,100.0
,,,,,,100.0
,,,,,,100.0
,,,,,,100.0
,,,,,,100.0
,,,,,,100.0
,,,,,,100.0
,,,,,,100.0
,,,,,,100.0
,,,,,,100.0
,,,,,,100.0
,,,,,,100.0
,,,,,,100.0
,,,,,,100.0
,,,,,,100.0
,,,,,,100.0
,,,,,,100.0
,,,,,,100.0
,,,,,,100.0
,,,,,,100.0
,,,,,,100.0
,,,,,,100.0
,,,,,,100.0
,,,,,,100.0
,,,,,,100.0
,,,,,,100.0
,,,,,,100.0
,,,,,,100.0
,,,,,,100.0
,,,,,,100.0
,,,,,,100.0
,,,,,,100.0
,,,,,,100.0
,,,,,,100.0
,,,,,,100.0
,,,,,,100.0
,,,,,,100.0
,,,,,,100.0
,,,,,,100.0
,,,,,,100.0
,,,,,,100.0
,,,,,,100.0
,,,,,,100.0
,,,,,,100.0
,,,,,,100.0
,,,,,,100.0
,,,,,,100.0
,,,,,,100.0
,,,,,,100.0
,,,,,,100.0
,,,,,,100.0
,,,,,,100.0
,,,,,,100.0
,,,,,,100.0
,,,,,,100.0
,,,,,,100.0
,,,,,,100.0
,,,,,,100.0
,,,,,,100.0
,,,,,,100.0
,,,,,,100.0
,,,,,,100.0
,,,,,,100.0
,,,,,,100.0
,,,,,,100.0
,,,,,,100.0
,,,,,,100.0
,,,,,,100.0
,,,,,,100.0
,,,,,,100.0
,,,,,,100.0
,,,,,,100.0
,,,,,,100.0
,,,,,,100.0
,,,,,,100.0
,,,,,,100.0
,,,,,,100.0
,,,,,,100.0
,,,,,,100.0
,,,,,,100.0
,,,,,,100.0
,,,,,,100.0
,,,,,,100.0
,,,,,,100.0
,,,,,,100.0
,,,,,,100.0
,,,,,,100.0
,,,,,,100.0
,,,,,,100.0
,,,,,,100.0
,,,,,,100.0
,,,,,,100.0
,,,,,,100.0
,,,,,,100.0
,,,,,,100.0
,,,,,,100.0
,,,,,,100.0
,,,,,,100.0
,,,,,,100.0
,,,,,,100.0
,,,,,,100.0
,,,,,,100.0
,,,,,,100.0
,,,,,,100.0
,,,,,,100.0
,,,,,,100.0
,,,,,,100.0
,,,,,,100.0
,,,,,,100.0
,,,,,,100.0
,,,,,,100.0
,,,,,,100.0
,,,,,,100.0
,,,,,,100.0
,,,,,,100.0
,,,,,,100.0
,,,,,,100.0
,,,,,,100.0
,,,,,,100.0
,,,,,,100.0
,,,,,,100.0
,,,,,,100.0
,,,,,,100.0
,,,,,,100.0
,,,,,,100.0
,,,,,,100.0
,,,,,,100.0
,,,,,,100.0
,,,,,,100.0
,,,,,,100.0
,,,,,,100.0
,,,,,,100.0
,,,,,,100.0
,,,,,,100.0
,,,,,,100.0
,,,,,,100.0
,,,,,,100.0
,,,,,,100.0
,,,,,,100.0
,,,,,,100.0
,,,,,,100.0
,,,,,,100.0
,,,,,,100.0
,,,,,,100.0
,,,,,,100.0
,,,,,,100.0
,,,,,,100.0
,,,,,,100.0
,,,,,,100.0
,,,,,,100.0
,,,,,,100.0
,,,,,,100.0
,,,,,,100.0
,,,,,,100.0
,,,,,,100.0
,,,,,,100.0
,,,,,,100.0
,,,,,,100.0
,,,,,,100.0
,,,,,,100.0
,,,,,,100.0
,,,,,,100.0
,,,,,,100.0
,,,,,,100.0
,,,,,,100.0
,,,,,,100.0
,,,,,,100.0
,,,,,,100.0
,,,,,,100.0
,,,,,,100.0
,,,,,,100.0
,,,,,,100.0
,,,,,,100.0
,,,,,,100.0
,,,,,,100.0
,,,,,,100.0
,,,,,,100.0
,,,,,,100.0
,,,,,,100.0
,,,,,,100.0
,,,,,,100.0
,,,,,,100.0
,,,,,,100.0
,,,,,,100.0
,,,,,,100.0
,,,,,,100.0
,,,,,,100.0
,,,,,,100.0
,,,,,,100.0
,,,,,,100.0
,,,,,,100.0
,,,,,,100.0
,,,,,,100.0
,,,,,,100.0
,,,,,,100.0
,,,,,,100.0
,,,,,,100.0
,,,,,,100.0
,,,,,,100.0
,,,,,,100.0
,,,,,,100.0
,,,,,,100.0
,,,,,,100.0
,,,,,,100.0
,,,,,,100.0
,,,,,,100.0
,,,,,,100.0
,,,,,,100.0
,,,,,,100.0
,,,,,,100.0
,,,,,,100.0
,,,,,,100.0
,,,,,,100.0
,,,,,,100.0
,,,,,,100.0
,,,,,,100.0
,,,,,,100.0
,,,,,,100.0
,,,,,,100.0
,,,,,,100.0
,,,,,,100.0
,,,,,,100.0
,,,,,,100.0
,,,,,,100.0
,,,,,,100.0
,,,,,,100.0
,,,,,,100.0
,,,,,,100.0
,,,,,,100.0
,,,,,,100.0
,,,,,,100.0
,,,,,,100.0
,,,,,,100.0
,,,,,,100.0
,,,,,,100.0
,,,,,,100.0
,,,,,,100.0
,,,,,,100.0
,,,,,,100.0
,,,,,,100.0
,,,,,,100.0
,,,,,,100.0
,,,,,,100.0
,,,,,,100.0
,,,,,,100.0
,,,,,,100.0
,,,,,,100.0
,,,,,,100.0
,,,,,,100.0
,,,,,,100.0
,,,,,,100.0
,,,,,,100.0
,,,,,,100.0
,,,,,,100.0
,,,,,,100.0
,,,,,,100.0
,,,,,,100.0
,,,,,,100.0
,,,,,,100.0
,,,,,,100.0
,,,,,,100.0
,,,,,,100.0
,,,,,,100.0
,,,,,,100.0
,,,,,,100.0
,,,,,,100.0
,,,,,,100.0
,,,,,,100.0
,,,,,,100.0
,,,,,,100.0
,,,,,,100.0
,,,,,,100.0
,,,,,,100.0
,,,,,,100.0
,,,,,,100.0
,,,,,,100.0
,,,,,,100.0
,,,,,,100.0
,,,,,,100.0
,,,,,,100.0
,,,,,,100.0
,,,,,,100.0
,,,,,,100.0
,,,,,,100.0
,,,,,,100.0
,,,,,,100.0
,,,,,,100.0
,,,,,,100.0
,,,,,,100.0
,,,,,,100.0
,,,,,,100.0
,,,,,,100.0
,,,,,,100.0
,,,,,,100.0
,,,,,,100.0
,,,,,,100.0
,,,,,,100.0
,,,,,,100.0
,,,,,,100.0
,,,,,,100.0
,,,,,,100.0
,,,,,,100.0
,,,,,,100.0
,,,,,,100.0
,,,,,,100.0
,,,,,,100.0
,,,,,,100.0
,,,,,,100.0
,,,,,,100.0
,,,,,,100.0
,,,,,,100.0
,,,,,,100.0
,,,,,,100.0
,,,,,,100.0
,,,,,,100.0
,,,,,,100.0
,,,,,,100.0
,,,,,,100.0
,,,,,,100.0
,,,,,,100.0
,,,,,,100.0
,,,,,,100.0
,,,,,,100.0
,,,,,,100.0
,,,,,,100.0
,,,,,,100.0
,,,,,,100.0
,,,,,,100.0
,,,,,,100.0
,,,,,,100.0
,,,,,,100.0
,,,,,,100.0
,,,,,,100.0
,,,,,,100.0
,,,,,,100.0
,,,,,,100.0
,,,,,,100.0
,,,,,,100.0
,,,,,,100.0
,,,,,,100.0
,,,,,,100.0
,,,,,,100.0
,,,,,,100.0
,,,,,,100.0
,,,,,,100.0
,,,,,,100.0
,,,,,,100.0
,,,,,,100.0
,,,,,,100.0
,,,,,,100.0
,,,,,,100.0
,,,,,,100.0
,,,,,,100.0
,,,,,,100.0
,,,,,,100.0
,,,,,,100.0
,,,,,,100.0
,,,,,,100.0
,,,,,,100.0
,,,,,,100.0
,,,,,,100.0
,,,,,,100.0
,,,,,,100.0
,,,,,,100.0
,,,,,,100.0
,,,,,,100.0
,,,,,,100.0
,,,,,,100.0
,,,,,,100.0
,,,,,,100.0
,,,,,,100.0
,,,,,,100.0
,,,,,,100.0
,,,,,,100.0
,,,,,,100.0
,,,,,,100.0
,,,,,,100.0
,,,,,,100.0
,,,,,,100.0
,,,,,,100.0
,,,,,,100.0
,,,,,,100.0
,,,,,,100.0
,,,,,,100.0
,,,,,,100.0
,,,,,,100.0
,,,,,,100.0
,,,,,,100.0
,,,,,,100.0
,,,,,,100.0
,,,,,,100.0
,,,,,,100.0
,,,,,,100.0
,,,,,,100.0
,,,,,,100.0
,,,,,,100.0
,,,,,,100.0
,,,,,,100.0
,,,,,,100.0
,,,,,,100.0
,,,,,,100.0
,,,,,,100.0
,,,,,,100.0
,,,,,,100.0
,,,,,,100.0
,,,,,,100.0
,,,,,,100.0
,,,,,,100.0
,,,,,,100.0
,,,,,,100.0
,,,,,,100.0
,,,,,,100.0
,,,,,,100.0
,,,,,,100.0
,,,,,,100.0
,,,,,,100.0
,,,,,,100.0
,,,,,,100.0
,,,,,,100.0
,,,,,,100.0
,,,,,,100.0
,,,,,,100.0
,,,,,,100.0
,,,,,,100.0
,,,,,,100.0
,,,,,,100.0
,,,,,,100.0
,,,,,,100.0
,,,,,,100.0
,,,,,,100.0
,,,,,,100.0
,,,,,,100.0
,,,,,,100.0
,,,,,,100.0
,,,,,,100.0
,,,,,,100.0
,,,,,,100.0
,,,,,,100.0
,,,,,,100.0
,,,,,,100.0
,,,,,,100.0
,,,,,,100.0
,,,,,,100.0
,,,,,,100.0
,,,,,,100.0
,,,,,,100.0
,,,,,,100.0
,,,,,,100.0
,,,,,,100.0
,,,,,,100.0
,,,,,,100.0
,,,,,,100.0
,,,,,,100.0
,,,,,,100.0
,,,,,,100.0
,,,,,,100.0
,,,,,,100.0
,,,,,,100.0
,,,,,,100.0
,,,,,,100.0
,,,,,,100.0
,,,,,,100.0
,,,,,,100.0
,,,,,,100.0
,,,,,,100.0
,,,,,,100.0
,,,,,,100.0
,,,,,,100.0
,,,,,,100.0
,,,,,,100.0
,,,,,,100.0
,,,,,,100.0
,,,,,,100.0
,,,,,,100.0
,,,,,,100.0
,,,,,,100.0
,,,,,,100.0
,,,,,,100.0
,,,,,,100.0
,,,,,,100.0
,,,,,,100.0
,,,,,,100.0
,,,,,,100.0
,,,,,,100.0
,,,,,,100.0
,,,,,,100.0
,,,,,,100.0
,,,,,,100.0
,,,,,,100.0
,,,,,,100.0
,,,,,,100.0
,,,,,,100.0
,,,,,,100.0
,,,,,,100.0
,,,,,,100.0
,,,,,,100.0
,,,,,,100.0
,,,,,,100.0
,,,,,,100.0
,,,,,,100.0
,,,,,,100.0
,,,,,,100.0
,,,,,,100.0
,,,,,,100.0
,,,,,,100.0
,,,,,,100.0
,,,,,,100.0
,,,,,,100.0
,,,,,,100.0
,,,,,,100.0
,,,,,,100.0
,,,,,,100.0
,,,,,,100.0
,,,,,,100.0
,,,,,,100.0
,,,,,,100.0
,,,,,,100.0
,,,,,,100.0
,,,,,,100.0
,,,,,,100.0
,,,,,,100.0
,,,,,,100.0
,,,,,,100.0
,,,,,,100.0
,,,,,,100.0
,,,,,,100.0
,,,,,,100.0
,,,,,,100.0
,,,,,,100.0
,,,,,,100.0
,,,,,,100.0
,,,,,,100.0
,,,,,,100.0
,,,,,,100.0
,,,,,,100.0
,,,,,,100.0
,,,,,,100.0
,,,,,,100.0
,,,,,,100.0
,,,,,,100.0
,,,,,,100.0
,,,,,,100.0
,,,,,,100.0
,,,,,,100.0
,,,,,,100.0
,,,,,,100.0
,,,,,,100.0
,,,,,,100.0
,,,,,,100.0
,,,,,,100.0
,,,,,,100.0
,,,,,,100.0
,,,,,,100.0
,,,,,,100.0
,,,,,,100.0
,,,,,,100.0
,,,,,,100.0
,,,,,,100.0
,,,,,,100.0
,,,,,,100.0
,,,,,,100.0
,,,,,,100.0
,,,,,,100.0
,,,,,,100.0
,,,,,,100.0
,,,,,,100.0
,,,,,,100.0
,,,,,,100.0
,,,,,,100.0
,,,,,,100.0
,,,,,,100.0
,,,,,,100.0
,,,,,,100.0
,,,,,,100.0
,,,,,,100.0
,,,,,,100.0
,,,,,,100.0
,,,,,,100.0
,,,,,,100.0
,,,,,,100.0
,,,,,,100.0
,,,,,,100.0
,,,,,,100.0
,,,,,,100.0
,,,,,,100.0
,,,,,,100.0
,,,,,,100.0
,,,,,,100.0
,,,,,,100.0
,,,,,,100.0
,,,,,,100.0
,,,,,,100.0
,,,,,,100.0
,,,,,,100.0
,,,,,,100.0
,,,,,,100.0
,,,,,,100.0
,,,,,,100.0
,,,,,,100.0
,,,,,,100.0
,,,,,,100.0
,,,,,,100.0
,,,,,,100.0
,,,,,,100.0
,,,,,,100.0
,,,,,,100.0
,,,,,,100.0
,,,,,,100.0
,,,,,,100.0
,,,,,,100.0
,,,,,,100.0
,,,,,,100.0
,,,,,,100.0
,,,,,,100.0
,,,,,,100.0
,,,,,,100.0
,,,,,,100.0
,,,,,,100.0
,,,,,,100.0
,,,,,,100.0
,,,,,,100.0
,,,,,,100.0
,,,,,,100.0
,,,,,,100.0
,,,,,,100.0
,,,,,,100.0
,,,,,,100.0
,,,,,,100.0
,,,,,,100.0
,,,,,,100.0
,,,,,,100.0
,,,,,,100.0
,,,,,,100.0
,,,,,,100.0
,,,,,,100.0
,,,,,,100.0
,,,,,,100.0
,,,,,,100.0
,,,,,,100.0
,,,,,,100.0
,,,,,,100.0
,,,,,,100.0
,,,,,,100.0
,,,,,,100.0
,,,,,,100.0
,,,,,,100.0
,,,,,,100.0
,,,,,,100.0
,,,,,,100.0
,,,,,,100.0
,,,,,,100.0
,,,,,,100.0
,,,,,,100.0
,,,,,,100.0
,,,,,,100.0
,,,,,,100.0
,,,,,,100.0
,,,,,,100.0
,,,,,,100.0
,,,,,,100.0
,,,,,,100.0
,,,,,,100.0
,,,,,,100.0
,,,,,,100.0
,,,,,,100.0
,,,,,,100.0
,,,,,,100.0
,,,,,,100.0
,,,,,,100.0
,,,,,,100.0
,,,,,,100.0
,,,,,,100.0
,,,,,,100.0
,,,,,,100.0
,,,,,,100.0
,,,,,,100.0
,,,,,,100.0
,,,,,,100.0
,,,,,,100.0
,,,,,,100.0
,,,,,,100.0
,,,,,,100.0
,,,,,,100.0
,,,,,,100.0
,,,,,,100.0
,,,,,,100.0
,,,,,,100.0
,,,,,,100.0
,,,,,,100.0
,,,,,,100.0
,,,,,,100.0
,,,,,,100.0
,,,,,,100.0
,,,,,,100.0
,,,,,,100.0
,,,,,,100.0
,,,,,,100.0
,,,,,,100.0
,,,,,,100.0
,,,,,,100.0
,,,,,,100.0
,,,,,,100.0
,,,,,,100.0
,,,,,,100.0
,,,,,,100.0
,,,,,,100.0
,,,,,,100.0
,,,,,,100.0
,,,,,,100.0
,,,,,,100.0
,,,,,,100.0
,,,,,,100.0
,,,,,,100.0
,,,,,,100.0
,,,,,,100.0
,,,,,,100.0
,,,,,,100.0
,,,,,,100.0
,,,,,,100.0
,,,,,,100.0
,,,,,,100.0
,,,,,,100.0
,,,,,,100.0
,,,,,,100.0
,,,,,,100.0
,,,,,,100.0
,,,,,,100.0
,,,,,,100.0
,,,,,,100.0
,,,,,,100.0
,,,,,,100.0
,,,,,,100.0
,,,,,,100.0
,,,,,,100.0
,,,,,,100.0
,,,,,,100.0
,,,,,,100.0
,,,,,,100.0
,,,,,,100.0
,,,,,,100.0
,,,,,,100.0
,,,,,,100.0
,,,,,,100.0
,,,,,,100.0
,,,,,,100.0
,,,,,,100.0
,,,,,,100.0
,,,,,,100.0
,,,,,,100.0
,,,,,,100.0
,,,,,,100.0
,,,,,,100.0
,,,,,,100.0
,,,,,,100.0
,,,,,,100.0
,,,,,,100.0
,,,,,,100.0
,,,,,,100.0
,,,,,,100.0
,,,,,,100.0
,,,,,,100.0
,,,,,,100.0
,,,,,,100.0
,,,,,,100.0
,,,,,,100.0
,,,,,,100.0
,,,,,,100.0
,,,,,,100.0
,,,,,,100.0
,,,,,,100.0
,,,,,,100.0
,,,,,,100.0
,,,,,,100.0
,,,,,,100.0
,,,,,,100.0
,,,,,,100.0
,,,,,,100.0
,,,,,,100.0
,,,,,,100.0
,,,,,,100.0
,,,,,,100.0
,,,,,,100.0
,,,,,,100.0
,,,,,,100.0
,,,,,,100.0
,,,,,,100.0
,,,,,,100.0
,,,,,,100.0
,,,,,,100.0
,,,,,,100.0
,,,,,,100.0
,,,,,,100.0
,,,,,,100.0
,,,,,,100.0
,,,,,,100.0
,,,,,,100.0
,,,,,,100.0
,,,,,,100.0
,,,,,,100.0
,,,,,,100.0
,,,,,,100.0
,,,,,,100.0
,,,,,,100.0
,,,,,,100.0
,,,,,,100.0
,,,,,,100.0
,,,,,,100.0
,,,,,,100.0
,,,,,,100.0
,,,,,,100.0
,,,,,,100.0
,,,,,,100.0
,,,,,,100.0
,,,,,,100.0
,,,,,,100.0
,,,,,,100.0
,,,,,,100.0
,,,,,,100.0
,,,,,,100.0
,,,,,,100.0
,,,,,,100.0
,,,,,,100.0
,,,,,,100.0
,,,,,,100.0
,,,,,,100.0
,,,,,,100.0
,,,,,,100.0
,,,,,,100.0
,,,,,,100.0
,,,,,,100.0
,,,,,,100.0
,,,,,,100.0
,,,,,,100.0
,,,,,,100.0
,,,,,,100.0
,,,,,,100.0
,,,,,,100.0
,,,,,,100.0
,,,,,,100.0
,,,,,,100.0
,,,,,,100.0
,,,,,,100.0
,,,,,,100.0
,,,,,,100.0
,,,,,,100.0
,,,,,,100.0
,,,,,,100.0
,,,,,,100.0
,,,,,,100.0
,,,,,,100.0
,,,,,,100.0
,,,,,,100.0
,,,,,,100.0
,,,,,,100.0
,,,,,,100.0
,,,,,,100.0
,,,,,,100.0
,,,,,,100.0
,,,,,,100.0
,,,,,,100.0
,,,,,,100.0
,,,,,,100.0
,,,,,,100.0
,,,,,,100.0
,,,,,,100.0
,,,,,,100.0
,,,,,,100.0
,,,,,,100.0
,,,,,,100.0
,,,,,,100.0
,,,,,,100.0
,,,,,,100.0
,,,,,,100.0
,,,,,,100.0
,,,,,,100.0
,,,,,,100.0
,,,,,,100.0
,,,,,,100.0
,,,,,,100.0
,,,,,,100.0
,,,,,,100.0
,,,,,,100.0
,,,,,,100.0
,,,,,,100.0
,,,,,,100.0
,,,,,,100.0
,,,,,,100.0
,,,,,,100.0
,,,,,,100.0
,,,,,,100.0
,,,,,,100.0
,,,,,,100.0
,,,,,,100.0
,,,,,,100.0
,,,,,,100.0
,,,,,,100.0
,,,,,,100.0
,,,,,,100.0
,,,,,,100.0
,,,,,,100.0
,,,,,,100.0
,,,,,,100.0
,,,,,,100.0
,,,,,,100.0
,,,,,,100.0
,,,,,,100.0
,,,,,,100.0
,,,,,,100.0
,,,,,,100.0
,,,,,,100.0
,,,,,,100.0
,,,,,,100.0
,,,,,,100.0
,,,,,,100.0
,,,,,,100.0
,,,,,,100.0
,,,,,,100.0
,,,,,,100.0
,,,,,,100.0
,,,,,,100.0
,,,,,,100.0
,,,,,,100.0
,,,,,,100.0
,,,,,,100.0
,,,,,,100.0
,,,,,,100.0
,,,,,,100.0
,,,,,,100.0
,,,,,,100.0
,,,,,,100.0
,,,,,,100.0
,,,,,,100.0
,,,,,,100.0
,,,,,,100.0
,,,,,,100.0
,,,,,,100.0
,,,,,,100.0
,,,,,,100.0
,,,,,,100.0
,,,,,,100.0
,,,,,,100.0
,,,,,,100.0
,,,,,,100.0
,,,,,,100.0
,,,,,,100.0
,,,,,,100.0
,,,,,,100.0
,,,,,,100.0
,,,,,,100.0
,,,,,,100.0
,,,,,,100.0
,,,,,,100.0
,,,,,,100.0
,,,,,,100.0
,,,,,,100.0
,,,,,,100.0
,,,,,,100.0
,,,,,,100.0
,,,,,,100.0
,,,,,,100.0
,,,,,,100.0
,,,,,,100.0
,,,,,,100.0
,,,,,,100.0
,,,,,,100.0
,,,,,,100.0
,,,,,,100.0
,,,,,,100.0
,,,,,,100.0
,,,,,,100.0
,,,,,,100.0
,,,,,,100.0
,,,,,,100.0
,,,,,,100.0
,,,,,,100.0
,,,,,,100.0
,,,,,,100.0
,,,,,,100.0
,,,,,,100.0
,,,,,,100.0
,,,,,,100.0
,,,,,,100.0
,,,,,,100.0
,,,,,,100.0
,,,,,,100.0
,,,,,,100.0
,,,,,,100.0
,,,,,,100.0
,,,,,,100.0
,,,,,,100.0
,,,,,,100.0
,,,,,,100.0
,,,,,,100.0
,,,,,,100.0
,,,,,,100.0
,,,,,,100.0
,,,,,,100.0
,,,,,,100.0
,,,,,,100.0
,,,,,,100.0
,,,,,,100.0
,,,,,,100.0
,,,,,,100.0
,,,,,,100.0
,,,,,,100.0
,,,,,,100.0
,,,,,,100.0
,,,,,,100.0
,,,,,,100.0
,,,,,,100.0
,,,,,,100.0
,,,,,,100.0
,,,,,,100.0
,,,,,,100.0
,,,,,,100.0
,,,,,,100.0
,,,,,,100.0
,,,,,,100.0
,,,,,,100.0
,,,,,,100.0
,,,,,,100.0
,,,,,,100.0
,,,,,,100.0
,,,,,,100.0
,,,,,,100.0
,,,,,,100.0
,,,,,,100.0
,,,,,,100.0
,,,,,,100.0
,,,,,,100.0
,,,,,,100.0
,,,,,,100.0
,,,,,,100.0
,,,,,,100.0
,,,,,,100.0
,,,,,,100.0
,,,,,,100.0
,,,,,,100.0
,,,,,,100.0
,,,,,,100.0
,,,,,,100.0
,,,,,,100.0
,,,,,,100.0
,,,,,,100.0
,,,,,,100.0
,,,,,,100.0
,,,,,,100.0
,,,,,,100.0
,,,,,,100.0
,,,,,,100.0
,,,,,,100.0
,,,,,,100.0
,,,,,,100.0
,,,,,,100.0
,,,,,,100.0
,,,,,,100.0
,,,,,,100.0
,,,,,,100.0
,,,,,,100.0
,,,,,,100.0
,,,,,,100.0
,,,,,,100.0
,,,,,,100.0
,,,,,,100.0
,,,,,,100.0
,,,,,,100.0
,,,,,,100.0
,,,,,,100.0
,,,,,,100.0
,,,,,,100.0
,,,,,,100.0
,,,,,,100.0
,,,,,,100.0
,,,,,,100.0
,,,,,,100.0
,,,,,,100.0
,,,,,,100.0
,,,,,,100.0
,,,,,,100.0
,,,,,,100.0
,,,,,,100.0
,,,,,,100.0
,,,,,,100.0
,,,,,,100.0
,,,,,,100.0
,,,,,,100.0
,,,,,,100.0
,,,,,,100.0
,,,,,,100.0
,,,,,,100.0
,,,,,,100.0
,,,,,,100.0
,,,,,,100.0
,,,,,,100.0
,,,,,,100.0
,,,,,,100.0
,,,,,,100.0
,,,,,,100.0
,,,,,,100.0
,,,,,,100.0
,,,,,,100.0
,,,,,,100.0
,,,,,,100.0
,,,,,,100.0
,,,,,,100.0
,,,,,,100.0
,,,,,,100.0
,,,,,,100.0
,,,,,,100.0
,,,,,,100.0
,,,,,,100.0
,,,,,,100.0
,,,,,,100.0
,,,,,,100.0
,,,,,,100.0
,,,,,,100.0
,,,,,,100.0
,,,,,,100.0
,,,,,,100.0
,,,,,,100.0
,,,,,,100.0
,,,,,,100.0
,,,,,,100.0
,,,,,,100.0
,,,,,,100.0
,,,,,,100.0
,,,,,,100.0
,,,,,,100.0
,,,,,,100.0
,,,,,,100.0
,,,,,,100.0
,,,,,,100.0
,,,,,,100.0
,,,,,,100.0
,,,,,,100.0
,,,,,,100.0
,,,,,,100.0
,,,,,,100.0
,,,,,,100.0
,,,,,,100.0
,,,,,,100.0
,,,,,,100.0
,,,,,,100.0
,,,,,,100.0
,,,,,,100.0
,,,,,,100.0
,,,,,,100.0
,,,,,,100.0
,,,,,,100.0
,,,,,,100.0
,,,,,,100.0
,,,,,,100.0
,,,,,,100.0
,,,,,,100.0
,,,,,,100.0
,,,,,,100.0
,,,,,,100.0
,,,,,,100.0
,,,,,,100.0
,,,,,,100.0
,,,,,,100.0
,,,,,,100.0
,,,,,,100.0
,,,,,,100.0
,,,,,,100.0
,,,,,,100.0
,,,,,,100.0
,,,,,,100.0
,,,,,,100.0
,,,,,,100.0
,,,,,,100.0
,,,,,,100.0
,,,,,,100.0
,,,,,,100.0
,,,,,,100.0
,,,,,,100.0
,,,,,,100.0
,,,,,,100.0
,,,,,,100.0
,,,,,,100.0
,,,,,,100.0
,,,,,,100.0
,,,,,,100.0
,,,,,,100.0
,,,,,,100.0
,,,,,,100.0
,,,,,,100.0
,,,,,,100.0
,,,,,,100.0
,,,,,,100.0
,,,,,,100.0
,,,,,,100.0
,,,,,,100.0
,,,,,,100.0
,,,,,,100.0
,,,,,,100.0
,,,,,,100.0
,,,,,,100.0
,,,,,,100.0
,,,,,,100.0
,,,,,,100.0
,,,,,,100.0
,,,,,,100.0
,,,,,,100.0
,,,,,,100.0
,,,,,,100.0
,,,,,,100.0
,,,,,,100.0
,,,,,,100.0
,,,,,,100.0
,,,,,,100.0
,,,,,,100.0
,,,,,,100.0
,,,,,,100.0
,,,,,,100.0
,,,,,,100.0
,,,,,,100.0
,,,,,,100.0
,,,,,,100.0
,,,,,,100.0
,,,,,,100.0
,,,,,,100.0
,,,,,,100.0
,,,,,,100.0
,,,,,,100.0
,,,,,,100.0
,,,,,,100.0
,,,,,,100.0
,,,,,,100.0
,,,,,,100.0
,,,,,,100.0
,,,,,,100.0
,,,,,,100.0
,,,,,,100.0
,,,,,,100.0
,,,,,,100.0
,,,,,,100.0
,,,,,,100.0
,,,,,,100.0
,,,,,,100.0
,,,,,,100.0
,,,,,,100.0
,,,,,,100.0
,,,,,,100.0
,,,,,,100.0
,,,,,,100.0
,,,,,,100.0
,,,,,,100.0
,,,,,,100.0
,,,,,,100.0
,,,,,,100.0
,,,,,,100.0
,,,,,,100.0
,,,,,,100.0
,,,,,,100.0
,,,,,,100.0
,,,,,,100.0
,,,,,,100.0
,,,,,,100.0
,,,,,,100.0
,,,,,,100.0
,,,,,,100.0
,,,,,,100.0
,,,,,,100.0
,,,,,,100.0
,,,,,,100.0
,,,,,,100.0
,,,,,,100.0
,,,,,,100.0
,,,,,,100.0
,,,,,,100.0
,,,,,,100.0
,,,,,,100.0
,,,,,,100.0
,,,,,,100.0
,,,,,,100.0
,,,,,,100.0
,,,,,,100.0
,,,,,,100.0
,,,,,,100.0
,,,,,,100.0
,,,,,,100.0
,,,,,,100.0
,,,,,,100.0
,,,,,,100.0
,,,,,,100.0
,,,,,,100.0
,,,,,,100.0
,,,,,,100.0
,,,,,,100.0
,,,,,,100.0
,,,,,,100.0
,,,,,,100.0
,,,,,,100.0
,,,,,,100.0
,,,,,,100.0
,,,,,,100.0
,,,,,,100.0
,,,,,,100.0
,,,,,,100.0
,,,,,,100.0
,,,,,,100.0
,,,,,,100.0
,,,,,,100.0
,,,,,,100.0
,,,,,,100.0
,,,,,,100.0
,,,,,,100.0
,,,,,,100.0
,,,,,,100.0
,,,,,,100.0
,,,,,,100.0
,,,,,,100.0
,,,,,,100.0
,,,,,,100.0
,,,,,,100.0
,,,,,,100.0
,,,,,,100.0
,,,,,,100.0
,,,,,,100.0
,,,,,,100.0
,,,,,,100.0
,,,,,,100.0
,,,,,,100.0
,,,,,,100.0
,,,,,,100.0
,,,,,,100.0
,,,,,,100.0
,,,,,,100.0
,,,,,,100.0
,,,,,,100.0
,,,,,,100.0
,,,,,,100.0
,,,,,,100.0
,,,,,,100.0
,,,,,,100.0
,,,,,,100.0
,,,,,,100.0
,,,,,,100.0
,,,,,,100.0
,,,,,,100.0
,,,,,,100.0
,,,,,,100.0
,,,,,,100.0
,,,,,,100.0
,,,,,,100.0
,,,,,,100.0
,,,,,,100.0
,,,,,,100.0
,,,,,,100.0
,,,,,,100.0
,,,,,,100.0
,,,,,,100.0
,,,,,,100.0
,,,,,,100.0
,,,,,,100.0
,,,,,,100.0
,,,,,,100.0
,,,,,,100.0
,,,,,,100.0
,,,,,,100.0
,,,,,,100.0
,,,,,,100.0
,,,,,,100.0
,,,,,,100.0
,,,,,,100.0
,,,,,,100.0
,,,,,,100.0
,,,,,,100.0
,,,,,,100.0
,,,,,,100.0
,,,,,,100.0
,,,,,,100.0
,,,,,,100.0
,,,,,,100.0
,,,,,,100.0
,,,,,,100.0
,,,,,,100.0
,,,,,,100.0
,,,,,,100.0
,,,,,,100.0
,,,,,,100.0
,,,,,,100.0
,,,,,,100.0
,,,,,,100.0
,,,,,,100.0
,,,,,,100.0
,,,,,,100.0
,,,,,,100.0
,,,,,,100.0
,,,,,,100.0
,,,,,,100.0
,,,,,,100.0
,,,,,,100.0
,,,,,,100.0
,,,,,,100.0
,,,,,,100.0
,,,,,,100.0
,,,,,,100.0
,,,,,,100.0
,,,,,,100.0
,,,,,,100.0
,,,,,,100.0
,,,,,,100.0
,,,,,,100.0
,,,,,,100.0
,,,,,,100.0
,,,,,,100.0
,,,,,,100.0
,,,,,,100.0
,,,,,,100.0
,,,,,,100.0
,,,,,,100.0
,,,,,,100.0
,,,,,,100.0
,,,,,,100.0
,,,,,,100.0
,,,,,,100.0
,,,,,,100.0
,,,,,,100.0
,,,,,,100.0
,,,,,,100.0
,,,,,,100.0
,,,,,,100.0
,,,,,,100.0
,,,,,,100.0
,,,,,,100.0
,,,,,,100.0
,,,,,,100.0
,,,,,,100.0
,,,,,,100.0
,,,,,,100.0
,,,,,,100.0
,,,,,,100.0
,,,,,,100.0
,,,,,,100.0
,,,,,,100.0
,,,,,,100.0
,,,,,,100.0
,,,,,,100.0
,,,,,,100.0
,,,,,,100.0
,,,,,,100.0
,,,,,,100.0
,,,,,,100.0
,,,,,,100.0
,,,,,,100.0
,,,,,,100.0
,,,,,,100.0
,,,,,,100.0
,,,,,,100.0
,,,,,,100.0
,,,,,,100.0
,,,,,,100.0
,,,,,,100.0
,,,,,,100.0
,,,,,,100.0
,,,,,,100.0
,,,,,,100.0
,,,,,,100.0
,,,,,,100.0
,,,,,,100.0
,,,,,,100.0
,,,,,,100.0
,,,,,,100.0
,,,,,,100.0
,,,,,,100.0
,,,,,,100.0
,,,,,,100.0
,,,,,,100.0
,,,,,,100.0
,,,,,,100.0
,,,,,,100.0
,,,,,,100.0
,,,,,,100.0
,,,,,,100.0
,,,,,,100.0
,,,,,,100.0
,,,,,,100.0
,,,,,,100.0
,,,,,,100.0
,,,,,,100.0
,,,,,,100.0
,,,,,,100.0
,,,,,,100.0
,,,,,,100.0
,,,,,,100.0
,,,,,,100.0
,,,,,,100.0
,,,,,,100.0
,,,,,,100.0
,,,,,,100.0
,,,,,,100.0
,,,,,,100.0
,,,,,,100.0
,,,,,,100.0
,,,,,,100.0
,,,,,,100.0
,,,,,,100.0
,,,,,,100.0
,,,,,,100.0
,,,,,,100.0
,,,,,,100.0
,,,,,,100.0
,,,,,,100.0
,,,,,,100.0
,,,,,,100.0
,,,,,,100.0
,,,,,,100.0
,,,,,,100.0
,,,,,,100.0
,,,,,,100.0
,,,,,,100.0
,,,,,,100.0
,,,,,,100.0
,,,,,,100.0
,,,,,,100.0
,,,,,,100.0
,,,,,,100.0
,,,,,,100.0
,,,,,,100.0
,,,,,,100.0
,,,,,,100.0
,,,,,,100.0
,,,,,,100.0
,,,,,,100.0
,,,,,,100.0
,,,,,,100.0
,,,,,,100.0
,,,,,,100.0
,,,,,,100.0
,,,,,,100.0
,,,,,,100.0
,,,,,,100.0
,,,,,,100.0
,,,,,,100.0
,,,,,,100.0
,,,,,,100.0
,,,,,,100.0
,,,,,,100.0
,,,,,,100.0
,,,,,,100.0
,,,,,,100.0
,,,,,,100.0
,,,,,,100.0
,,,,,,100.0
,,,,,,100.0
,,,,,,100.0
,,,,,,100.0
,,,,,,100.0
,,,,,,100.0
,,,,,,100.0
,,,,,,100.0
,,,,,,100.0
,,,,,,100.0
,,,,,,100.0
,,,,,,100.0
,,,,,,100.0
,,,,,,100.0
,,,,,,100.0
,,,,,,100.0
,,,,,,100.0
,,,,,,100.0
,,,,,,100.0
,,,,,,100.0
,,,,,,100.0
,,,,,,100.0
,,,,,,100.0
,,,,,,100.0
,,,,,,100.0
,,,,,,100.0
,,,,,,100.0
,,,,,,100.0
,,,,,,100.0
,,,,,,100.0
,,,,,,100.0
,,,,,,100.0
,,,,,,100.0
,,,,,,100.0
,,,,,,100.0
,,,,,,100.0
,,,,,,100.0
,,,,,,100.0
,,,,,,100.0
,,,,,,100.0
,,,,,,100.0
,,,,,,100.0
,,,,,,100.0
,,,,,,100.0
,,,,,,100.0
,,,,,,100.0
,,,,,,100.0
,,,,,,100.0
,,,,,,100.0
,,,,,,100.0
,,,,,,100.0
,,,,,,100.0
,,,,,,100.0
,,,,,,100.0
,,,,,,100.0
,,,,,,100.0
,,,,,,100.0
,,,,,,100.0
,,,,,,100.0
,,,,,,100.0
,,,,,,100.0
,,,,,,100.0
,,,,,,100.0
,,,,,,100.0
,,,,,,100.0
,,,,,,100.0
,,,,,,100.0
,,,,,,100.0
,,,,,,100.0
,,,,,,100.0
,,,,,,100.0
,,,,,,100.0
,,,,,,100.0
,,,,,,100.0
,,,,,,100.0
,,,,,,100.0
,,,,,,100.0
,,,,,,100.0
,,,,,,100.0
,,,,,,100.0
,,,,,,100.0
,,,,,,100.0
,,,,,,100.0
,,,,,,100.0
,,,,,,100.0
,,,,,,100.0
,,,,,,100.0
,,,,,,100.0
,,,,,,100.0
,,,,,,100.0
,,,,,,100.0
,,,,,,100.0
,,,,,,100.0
,,,,,,100.0
,,,,,,100.0
,,,,,,100.0
,,,,,,100.0
,,,,,,100.0
,,,,,,100.0
,,,,,,100.0
,,,,,,100.0
,,,,,,100.0
,,,,,,100.0
,,,,,,100.0
,,,,,,100.0
,,,,,,100.0
,,,,,,100.0
,,,,,,100.0
,,,,,,100.0
,,,,,,100.0
,,,,,,100.0
,,,,,,100.0
,,,,,,100.0
,,,,,,100.0
,,,,,,100.0
,,,,,,100.0
,,,,,,100.0
,,,,,,100.0
,,,,,,100.0
,,,,,,100.0
,,,,,,100.0
,,,,,,100.0
,,,,,,100.0
,,,,,,100.0
,,,,,,100.0
,,,,,,100.0
,,,,,,100.0
,,,,,,100.0
,,,,,,100.0
,,,,,,100.0
,,,,,,100.0
,,,,,,100.0
,,,,,,100.0
,,,,,,100.0
,,,,,,100.0
,,,,,,100.0
,,,,,,100.0
,,,,,,100.0
,,,,,,100.0
,,,,,,100.0
,,,,,,100.0
,,,,,,100.0
,,,,,,100.0
,,,,,,100.0
,,,,,,100.0
,,,,,,100.0
,,,,,,100.0
,,,,,,100.0
,,,,,,100.0
,,,,,,100.0
,,,,,,100.0
,,,,,,100.0
,,,,,,100.0
,,,,,,100.0
,,,,,,100.0
,,,,,,100.0
,,,,,,100.0
,,,,,,100.0
,,,,,,100.0
,,,,,,100.0
,,,,,,100.0
,,,,,,100.0
,,,,,,100.0
,,,,,,100.0
,,,,,,100.0
,,,,,,100.0
,,,,,,100.0
,,,,,,100.0
,,,,,,100.0
,,,,,,100.0
,,,,,,100.0
,,,,,,100.0
,,,,,,100.0
,,,,,,100.0
,,,,,,100.0
,,,,,,100.0
,,,,,,100.0
,,,,,,100.0
,,,,,,100.0
,,,,,,100.0
,,,,,,100.0
,,,,,,100.0
,,,,,,100.0
,,,,,,100.0
,,,,,,100.0
,,,,,,100.0
,,,,,,100.0
,,,,,,100.0
,,,,,,100.0
,,,,,,100.0
,,,,,,100.0
,,,,,,100.0
,,,,,,100.0
,,,,,,100.0
,,,,,,100.0
,,,,,,100.0
,,,,,,100.0
,,,,,,100.0
,,,,,,100.0
,,,,,,100.0
,,,,,,100.0
,,,,,,100.0
,,,,,,100.0
,,,,,,100.0
,,,,,,100.0
,,,,,,100.0
,,,,,,100.0
,,,,,,100.0
,,,,,,100.0
,,,,,,100.0
,,,,,,100.0
,,,,,,100.0
,,,,,,100.0
,,,,,,100.0
,,,,,,100.0
,,,,,,100.0
,,,,,,100.0
,,,,,,100.0
,,,,,,100.0
,,,,,,100.0
,,,,,,100.0
,,,,,,100.0
,,,,,,100.0
,,,,,,100.0
,,,,,,100.0
,,,,,,100.0
,,,,,,100.0
,,,,,,100.0
,,,,,,100.0
,,,,,,100.0
,,,,,,100.0
,,,,,,100.0
,,,,,,100.0
,,,,,,100.0
,,,,,,100.0
,,,,,,100.0
,,,,,,100.0
,,,,,,100.0
,,,,,,100.0
,,,,,,100.0
,,,,,,100.0
,,,,,,100.0
,,,,,,100.0
,,,,,,100.0
,,,,,,100.0
,,,,,,100.0
,,,,,,100.0
,,,,,,100.0
,,,,,,100.0
,,,,,,100.0
,,,,,,100.0
,,,,,,100.0
,,,,,,100.0
,,,,,,100.0
,,,,,,100.0
,,,,,,100.0
,,,,,,100.0
,,,,,,100.0
,,,,,,100.0
,,,,,,100.0
,,,,,,100.0
,,,,,,100.0
,,,,,,100.0
,,,,,,100.0
,,,,,,100.0
,,,,,,100.0
,,,,,,100.0
,,,,,,100.0
,,,,,,100.0
,,,,,,100.0
,,,,,,100.0
,,,,,,100.0
,,,,,,100.0
,,,,,,100.0
,,,,,,100.0
,,,,,,100.0
,,,,,,100.0
,,,,,,100.0
,,,,,,100.0
,,,,,,100.0
,,,,,,100.0
,,,,,,100.0
,,,,,,100.0
,,,,,,100.0
,,,,,,100.0
,,,,,,100.0
,,,,,,100.0
,,,,,,100.0
,,,,,,100.0
,,,,,,100.0
,,,,,,100.0
,,,,,,100.0
,,,,,,100.0
,,,,,,100.0
,,,,,,100.0
,,,,,,100.0
,,,,,,100.0
,,,,,,100.0
,,,,,,100.0
,,,,,,100.0
,,,,,,100.0
,,,,,,100.0
,,,,,,100.0
,,,,,,100.0
,,,,,,100.0
,,,,,,100.0
,,,,,,100.0
,,,,,,100.0
,,,,,,100.0
,,,,,,100.0
,,,,,,100.0
,,,,,,100.0
,,,,,,100.0
,,,,,,100.0
,,,,,,100.0
,,,,,,100.0
,,,,,,100.0
,,,,,,100.0
,,,,,,100.0
,,,,,,100.0
,,,,,,100.0
,,,,,,100.0
,,,,,,100.0
,,,,,,100.0
,,,,,,100.0
,,,,,,100.0
,,,,,,100.0
,,,,,,100.0
,,,,,,100.0
,,,,,,100.0
,,,,,,100.0
,,,,,,100.0
,,,,,,100.0
,,,,,,100.0
,,,,,,100.0
,,,,,,100.0
,,,,,,100.0
,,,,,,100.0
,,,,,,100.0
,,,,,,100.0
,,,,,,100.0
,,,,,,100.0
,,,,,,100.0
,,,,,,100.0
,,,,,,100.0
,,,,,,100.0
,,,,,,100.0
,,,,,,100.0
,,,,,,100.0
,,,,,,100.0
,,,,,,100.0
,,,,,,100.0
,,,,,,100.0
,,,,,,100.0
,,,,,,100.0
,,,,,,100.0
,,,,,,100.0
,,,,,,100.0
,,,,,,100.0
,,,,,,100.0
,,,,,,100.0
,,,,,,100.0
,,,,,,100.0
,,,,,,100.0
,,,,,,100.0
,,,,,,100.0
,,,,,,100.0
,,,,,,100.0
,,,,,,100.0
,,,,,,100.0
,,,,,,100.0
,,,,,,100.0
,,,,,,100.0
,,,,,,100.0
,,,,,,100.0
,,,,,,100.0
,,,,,,100.0
,,,,,,100.0
,,,,,,100.0
,,,,,,100.0
,,,,,,100.0
,,,,,,100.0
,,,,,,100.0
,,,,,,100.0
,,,,,,100.0
,,,,,,100.0
,,,,,,100.0
,,,,,,100.0
,,,,,,100.0
,,,,,,100.0
,,,,,,100.0
,,,,,,100.0
,,,,,,100.0
,,,,,,100.0
,,,,,,100.0
,,,,,,100.0
,,,,,,100.0
,,,,,,100.0
,,,,,,100.0
,,,,,,100.0
,,,,,,100.0
,,,,,,100.0
,,,,,,100.0
,,,,,,100.0
,,,,,,100.0
,,,,,,100.0
,,,,,,100.0
,,,,,,100.0
,,,,,,100.0
,,,,,,100.0
,,,,,,100.0
,,,,,,100.0
,,,,,,100.0
,,,,,,100.0
,,,,,,100.0
,,,,,,100.0
,,,,,,100.0
,,,,,,100.0
,,,,,,100.0
,,,,,,100.0
,,,,,,100.0
,,,,,,100.0
,,,,,,100.0
,,,,,,100.0
,,,,,,100.0
,,,,,,100.0
,,,,,,100.0
,,,,,,100.0
,,,,,,100.0
,,,,,,100.0
,,,,,,100.0
,,,,,,100.0
,,,,,,100.0
,,,,,,100.0
,,,,,,100.0
,,,,,,100.0
,,,,,,100.0
,,,,,,100.0
,,,,,,100.0
,,,,,,100.0
,,,,,,100.0
,,,,,,100.0
,,,,,,100.0
,,,,,,100.0
,,,,,,100.0
,,,,,,100.0
,,,,,,100.0
,,,,,,100.0
,,,,,,100.0
,,,,,,100.0
,,,,,,100.0
,,,,,,100.0
,,,,,,100.0
,,,,,,100.0
,,,,,,100.0
,,,,,,100.0
,,,,,,100.0
,,,,,,100.0
,,,,,,100.0
,,,,,,100.0
,,,,,,100.0
,,,,,,100.0
,,,,,,100.0
,,,,,,100.0
,,,,,,100.0
,,,,,,100.0
,,,,,,100.0
,,,,,,100.0
,,,,,,100.0
,,,,,,100.0
,,,,,,100.0
,,,,,,100.0
,,,,,,100.0
,,,,,,100.0
,,,,,,100.0
,,,,,,100.0
,,,,,,100.0
,,,,,,100.0
,,,,,,100.0
,,,,,,100.0
,,,,,,100.0
,,,,,,100.0
,,,,,,100.0
,,,,,,100.0
,,,,,,100.0
,,,,,,100.0
,,,,,,100.0
,,,,,,100.0
,,,,,,100.0
,,,,,,100.0
,,,,,,100.0
,,,,,,100.0
,,,,,,100.0
,,,,,,100.0
,,,,,,100.0
,,,,,,100.0
,,,,,,100.0
,,,,,,100.0
,,,,,,100.0
,,,,,,100.0
,,,,,,100.0
,,,,,,100.0
,,,,,,100.0
,,,,,,100.0
,,,,,,100.0
,,,,,,100.0
,,,,,,100.0
,,,,,,100.0
,,,,,,100.0
,,,,,,100.0
,,,,,,100.0
,,,,,,100.0
,,,,,,100.0
,,,,,,100.0
,,,,,,100.0
,,,,,,100.0
,,,,,,100.0
,,,,,,100.0
,,,,,,100.0
,,,,,,100.0
,,,,,,100.0
,,,,,,100.0
,,,,,,100.0
,,,,,,100.0
,,,,,,100.0
,,,,,,100.0
,,,,,,100.0
,,,,,,100.0
,,,,,,100.0
,,,,,,100.0
,,,,,,100.0
,,,,,,100.0
,,,,,,100.0
,,,,,,100.0
,,,,,,100.0
,,,,,,100.0
,,,,,,100.0
,,,,,,100.0
,,,,,,100.0
,,,,,,100.0
,,,,,,100.0
,,,,,,100.0
,,,,,,100.0
,,,,,,100.0
,,,,,,100.0
,,,,,,100.0
,,,,,,100.0
,,,,,,100.0
,,,,,,100.0
,,,,,,100.0
,,,,,,100.0
,,,,,,100.0
,,,,,,100.0
,,,,,,100.0
,,,,,,100.0
,,,,,,100.0
,,,,,,100.0
,,,,,,100.0
,,,,,,100.0
,,,,,,100.0
,,,,,,100.0
,,,,,,100.0
,,,,,,100.0
,,,,,,100.0
,,,,,,100.0
,,,,,,100.0
,,,,,,100.0
,,,,,,100.0
,,,,,,100.0
,,,,,,100.0
,,,,,,100.0
,,,,,,100.0
,,,,,,100.0
,,,,,,100.0
,,,,,,100.0
,,,,,,100.0
,,,,,,100.0
,,,,,,100.0
,,,,,,100.0
,,,,,,100.0
,,,,,,100.0
,,,,,,100.0
,,,,,,100.0
,,,,,,100.0
,,,,,,100.0
,,,,,,100.0
,,,,,,100.0
,,,,,,100.0
,,,,,,100.0
,,,,,,100.0
,,,,,,100.0
,,,,,,100.0
,,,,,,100.0
,,,,,,100.0
,,,,,,100.0
,,,,,,100.0
,,,,,,100.0
,,,,,,100.0
,,,,,,100.0
,,,,,,100.0
,,,,,,100.0
,,,,,,100.0
,,,,,,100.0
,,,,,,100.0
,,,,,,100.0
,,,,,,100.0
,,,,,,100.0
,,,,,,100.0
,,,,,,100.0
,,,,,,100.0
,,,,,,100.0
,,,,,,100.0
,,,,,,100.0
,,,,,,100.0
,,,,,,100.0
,,,,,,100.0
,,,,,,100.0
,,,,,,100.0
,,,,,,100.0
,,,,,,100.0
,,,,,,100.0
,,,,,,100.0
,,,,,,100.0
,,,,,,100.0
,,,,,,100.0
,,,,,,100.0
,,,,,,100.0
,,,,,,100.0
,,,,,,100.0
,,,,,,100.0
,,,,,,100.0
,,,,,,100.0
,,,,,,100.0
,,,,,,100.0
,,,,,,100.0
,,,,,,100.0
,,,,,,100.0
,,,,,,100.0
,,,,,,100.0
,,,,,,100.0
,,,,,,100.0
,,,,,,100.0
,,,,,,100.0
,,,,,,100.0
,,,,,,100.0
,,,,,,100.0
,,,,,,100.0
,,,,,,100.0
,,,,,,100.0
,,,,,,100.0
,,,,,,100.0
,,,,,,100.0
,,,,,,100.0
,,,,,,100.0
,,,,,,100.0
,,,,,,100.0
,,,,,,100.0
,,,,,,100.0
,,,,,,100.0
,,,,,,100.0
,,,,,,100.0
,,,,,,100.0
,,,,,,100.0
,,,,,,100.0
,,,,,,100.0
,,,,,,100.0
,,,,,,100.0
,,,,,,100.0
,,,,,,100.0
,,,,,,100.0
,,,,,,100.0
,,,,,,100.0
,,,,,,100.0
,,,,,,100.0
,,,,,,100.0
,,,,,,100.0
,,,,,,100.0
,,,,,,100.0
,,,,,,100.0
,,,,,,100.0
,,,,,,100.0
,,,,,,100.0
,,,,,,100.0
,,,,,,100.0
,,,,,,100.0
,,,,,,100.0
,,,,,,100.0
,,,,,,100.0
,,,,,,100.0
,,,,,,100.0
,,,,,,100.0
,,,,,,100.0
,,,,,,100.0
,,,,,,100.0
,,,,,,100.0
,,,,,,100.0
,,,,,,100.0
,,,,,,100.0
,,,,,,100.0
,,,,,,100.0
,,,,,,100.0
,,,,,,100.0
,,,,,,100.0
,,,,,,100.0
,,,,,,100.0
,,,,,,100.0
,,,,,,100.0
,,,,,,100.0
,,,,,,100.0
,,,,,,100.0
,,,,,,100.0
,,,,,,100.0
,,,,,,100.0
,,,,,,100.0
,,,,,,100.0
,,,,,,100.0
,,,,,,100.0
,,,,,,100.0
,,,,,,100.0
,,,,,,100.0
,,,,,,100.0
,,,,,,100.0
,,,,,,100.0
,,,,,,100.0
,,,,,,100.0
,,,,,,100.0
,,,,,,100.0
,,,,,,100.0
,,,,,,100.0
,,,,,,100.0
,,,,,,100.0
,,,,,,100.0
,,,,,,100.0
,,,,,,100.0
,,,,,,100.0
,,,,,,100.0
,,,,,,100.0
,,,,,,100.0
,,,,,,100.0
,,,,,,100.0
,,,,,,100.0
,,,,,,100.0
,,,,,,100.0
,,,,,,100.0
,,,,,,100.0
,,,,,,100.0
,,,,,,100.0
,,,,,,100.0
,,,,,,100.0
,,,,,,100.0
,,,,,,100.0
,,,,,,100.0
,,,,,,100.0
,,,,,,100.0
,,,,,,100.0
,,,,,,100.0
,,,,,,100.0
,,,,,,100.0
,,,,,,100.0
,,,,,,100.0
,,,,,,100.0
,,,,,,100.0
,,,,,,100.0
,,,,,,100.0
,,,,,,100.0
,,,,,,100.0
,,,,,,100.0
,,,,,,100.0
,,,,,,100.0
,,,,,,100.0
,,,,,,100.0
,,,,,,100.0
,,,,,,100.0
,,,,,,100.0
,,,,,,100.0
,,,,,,100.0
,,,,,,100.0
,,,,,,100.0
,,,,,,100.0
,,,,,,100.0
,,,,,,100.0
,,,,,,100.0
,,,,,,100.0
,,,,,,100.0
,,,,,,100.0
,,,,,,100.0
,,,,,,100.0
,,,,,,100.0
,,,,,,100.0
,,,,,,100.0
,,,,,,100.0
,,,,,,100.0
,,,,,,100.0
,,,,,,100.0
,,,,,,100.0
,,,,,,100.0
,,,,,,100.0
,,,,,,100.0
,,,,,,100.0
,,,,,,100.0
,,,,,,100.0
,,,,,,100.0
,,,,,,100.0
,,,,,,100.0
,,,,,,100.0
,,,,,,100.0
,,,,,,100.0
,,,,,,100.0
,,,,,,100.0
,,,,,,100.0
,,,,,,100.0
,,,,,,100.0
,,,,,,100.0
,,,,,,100.0
,,,,,,100.0
,,,,,,100.0
,,,,,,100.0
,,,,,,100.0
,,,,,,100.0
,,,,,,100.0
,,,,,,100.0
,,,,,,100.0
,,,,,,100.0
,,,,,,100.0
,,,,,,100.0
,,,,,,100.0
,,,,,,100.0
,,,,,,100.0
,,,,,,100.0
,,,,,,100.0
,,,,,,100.0
,,,,,,100.0
,,,,,,100.0
,,,,,,100.0
,,,,,,100.0
,,,,,,100.0
,,,,,,100.0
,,,,,,100.0
,,,,,,100.0
,,,,,,100.0
,,,,,,100.0
,,,,,,100.0
,,,,,,100.0
,,,,,,100.0
,,,,,,100.0
,,,,,,100.0
,,,,,,100.0
,,,,,,100.0
,,,,,,100.0
,,,,,,100.0
,,,,,,100.0
,,,,,,100.0
,,,,,,100.0
,,,,,,100.0
,,,,,,100.0
,,,,,,100.0
,,,,,,100.0
,,,,,,100.0
,,,,,,100.0
,,,,,,100.0
,,,,,,100.0
,,,,,,100.0
,,,,,,100.0
,,,,,,100.0
,,,,,,100.0
,,,,,,100.0
,,,,,,100.0
,,,,,,100.0
,,,,,,100.0
,,,,,,100.0
,,,,,,100.0
,,,,,,100.0
,,,,,,100.0
,,,,,,100.0
,,,,,,100.0
,,,,,,100.0
,,,,,,100.0
,,,,,,100.0
,,,,,,100.0
,,,,,,100.0
,,,,,,100.0
,,,,,,100.0
,,,,,,100.0
,,,,,,100.0
,,,,,,100.0
,,,,,,100.0
,,,,,,100.0
,,,,,,100.0
,,,,,,100.0
,,,,,,100.0
,,,,,,100.0
,,,,,,100.0
,,,,,,100.0
,,,,,,100.0
,,,,,,100.0
,,,,,,100.0
,,,,,,100.0
,,,,,,100.0
,,,,,,100.0
,,,,,,100.0
,,,,,,100.0
,,,,,,100.0
,,,,,,100.0
,,,,,,100.0
,,,,,,100.0
,,,,,,100.0
,,,,,,100.0
,,,,,,100.0
,,,,,,100.0
,,,,,,100.0
,,,,,,100.0
,,,,,,100.0
,,,,,,100.0
,,,,,,100.0
,,,,,,100.0
,,,,,,100.0
,,,,,,100.0
,,,,,,100.0
,,,,,,100.0
,,,,,,100.0
,,,,,,100.0
,,,,,,100.0
,,,,,,100.0
,,,,,,100.0
,,,,,,100.0
,,,,,,100.0
,,,,,,100.0
,,,,,,100.0
,,,,,,100.0
,,,,,,100.0
,,,,,,100.0
,,,,,,100.0
,,,,,,100.0
,,,,,,100.0
,,,,,,100.0
,,,,,,100.0
,,,,,,100.0
,,,,,,100.0
,,,,,,100.0
,,,,,,100.0
,,,,,,100.0
,,,,,,100.0
,,,,,,100.0
,,,,,,100.0
,,,,,,100.0
,,,,,,100.0
,,,,,,100.0
,,,,,,100.0
,,,,,,100.0
,,,,,,100.0
,,,,,,100.0
,,,,,,100.0
,,,,,,100.0
,,,,,,100.0
,,,,,,100.0
,,,,,,100.0
,,,,,,100.0
,,,,,,100.0
,,,,,,100.0
,,,,,,100.0
,,,,,,100.0
,,,,,,100.0
,,,,,,100.0
,,,,,,100.0
,,,,,,100.0
,,,,,,100.0
,,,,,,100.0
,,,,,,100.0
,,,,,,100.0
,,,,,,100.0
,,,,,,100.0
,,,,,,100.0
,,,,,,100.0
,,,,,,100.0
,,,,,,100.0
,,,,,,100.0
,,,,,,100.0
,,,,,,100.0
,,,,,,100.0
,,,,,,100.0
,,,,,,100.0
,,,,,,100.0
,,,,,,100.0
,,,,,,100.0
,,,,,,100.0
,,,,,,100.0
,,,,,,100.0
,,,,,,100.0
,,,,,,100.0
,,,,,,100.0
,,,,,,100.0
,,,,,,100.0
,,,,,,100.0
,,,,,,100.0
,,,,,,100.0
,,,,,,100.0
,,,,,,100.0
,,,,,,100.0
,,,,,,100.0
,,,,,,100.0
,,,,,,100.0
,,,,,,100.0
,,,,,,100.0
,,,,,,100.0
,,,,,,100.0
,,,,,,100.0
,,,,,,100.0
,,,,,,100.0
,,,,,,100.0
,,,,,,100.0
,,,,,,100.0
,,,,,,100.0
,,,,,,100.0
,,,,,,100.0
,,,,,,100.0
,,,,,,100.0
,,,,,,100.0
,,,,,,100.0
,,,,,,100.0
,,,,,,100.0
,,,,,,100.0
,,,,,,100.0
,,,,,,100.0
,,,,,,100.0
,,,,,,100.0
,,,,,,100.0
,,,,,,100.0
,,,,,,100.0
,,,,,,100.0
,,,,,,100.0
,,,,,,100.0
,,,,,,100.0
,,,,,,100.0
,,,,,,100.0
,,,,,,100.0
,,,,,,100.0
,,,,,,100.0
,,,,,,100.0
,,,,,,100.0
,,,,,,100.0
,,,,,,100.0
,,,,,,100.0
,,,,,,100.0
,,,,,,100.0
,,,,,,100.0
,,,,,,100.0
,,,,,,100.0
,,,,,,100.0
,,,,,,100.0
,,,,,,100.0
,,,,,,100.0
,,,,,,100.0
,,,,,,100.0
,,,,,,100.0
,,,,,,100.0
,,,,,,100.0
,,,,,,100.0
,,,,,,100.0
,,,,,,100.0
,,,,,,100.0
,,,,,,100.0
,,,,,,100.0
,,,,,,100.0
,,,,,,100.0
,,,,,,100.0
,,,,,,100.0
,,,,,,100.0
,,,,,,100.0
,,,,,,100.0
,,,,,,100.0
,,,,,,100.0
,,,,,,100.0
,,,,,,100.0
,,,,,,100.0
,,,,,,100.0
,,,,,,100.0
,,,,,,100.0
,,,,,,100.0
,,,,,,100.0
,,,,,,100.0
,,,,,,100.0
,,,,,,100.0
,,,,,,100.0
,,,,,,100.0
,,,,,,100.0
,,,,,,100.0
,,,,,,100.0
,,,,,,100.0
,,,,,,100.0
,,,,,,100.0
,,,,,,100.0
,,,,,,100.0
,,,,,,100.0
,,,,,,100.0
,,,,,,100.0
,,,,,,100.0
,,,,,,100.0
,,,,,,100.0
,,,,,,100.0
,,,,,,100.0
,,,,,,100.0
,,,,,,100.0
,,,,,,100.0
,,,,,,100.0
,,,,,,100.0
,,,,,,100.0
,,,,,,100.0
,,,,,,100.0
,,,,,,100.0
,,,,,,100.0
,,,,,,100.0
,,,,,,100.0
,,,,,,100.0
,,,,,,100.0
,,,,,,100.0
,,,,,,100.0
,,,,,,100.0
,,,,,,100.0
,,,,,,100.0
,,,,,,100.0
,,,,,,100.0
,,,,,,100.0
,,,,,,100.0
,,,,,,100.0
,,,,,,100.0
,,,,,,100.0
,,,,,,100.0
,,,,,,100.0
,,,,,,100.0
,,,,,,100.0
,,,,,,100.0
,,,,,,100.0
,,,,,,100.0
,,,,,,100.0
,,,,,,100.0
,,,,,,100.0
,,,,,,100.0
,,,,,,100.0
,,,,,,100.0
,,,,,,100.0
,,,,,,100.0
,,,,,,100.0
,,,,,,100.0
,,,,,,100.0
,,,,,,100.0
,,,,,,100.0
,,,,,,100.0
,,,,,,100.0
,,,,,,100.0
,,,,,,100.0
,,,,,,100.0
,,,,,,100.0
,,,,,,100.0
,,,,,,100.0
,,,,,,100.0
,,,,,,100.0
,,,,,,100.0
,,,,,,100.0
,,,,,,100.0
,,,,,,100.0
,,,,,,100.0
,,,,,,100.0
,,,,,,100.0
,,,,,,100.0
,,,,,,100.0
,,,,,,100.0
,,,,,,100.0
,,,,,,100.0
,,,,,,100.0
,,,,,,100.0
,,,,,,100.0
,,,,,,100.0
,,,,,,100.0
,,,,,,100.0
,,,,,,100.0
,,,,,,100.0
,,,,,,100.0
,,,,,,100.0
,,,,,,100.0
,,,,,,100.0
,,,,,,100.0
,,,,,,100.0
,,,,,,100.0
,,,,,,100.0
,,,,,,100.0
,,,,,,100.0
,,,,,,100.0
,,,,,,100.0
,,,,,,100.0
,,,,,,100.0
,,,,,,100.0
,,,,,,100.0
,,,,,,100.0
,,,,,,100.0
,,,,,,100.0
,,,,,,100.0
,,,,,,100.0
,,,,,,100.0
,,,,,,100.0
,,,,,,100.0
,,,,,,100.0
,,,,,,100.0
,,,,,,100.0
,,,,,,100.0
,,,,,,100.0
,,,,,,100.0
,,,,,,100.0
,,,,,,100.0
,,,,,,100.0
,,,,,,100.0
,,,,,,100.0
,,,,,,100.0
,,,,,,100.0
,,,,,,100.0
,,,,,,100.0
,,,,,,100.0
,,,,,,100.0
,,,,,,100.0
,,,,,,100.0
,,,,,,100.0
,,,,,,100.0
,,,,,,100.0
,,,,,,100.0
,,,,,,100.0
,,,,,,100.0
,,,,,,100.0
,,,,,,100.0
,,,,,,100.0
,,,,,,100.0
,,,,,,100.0
,,,,,,100.0
,,,,,,100.0
,,,,,,100.0
,,,,,,100.0
,,,,,,100.0
,,,,,,100.0
,,,,,,100.0
,,,,,,100.0
,,,,,,100.0
,,,,,,100.0
,,,,,,100.0
,,,,,,100.0
,,,,,,100.0
,,,,,,100.0
,,,,,,100.0
,,,,,,100.0
,,,,,,100.0
,,,,,,100.0
,,,,,,100.0
,,,,,,100.0
,,,,,,100.0
,,,,,,100.0
,,,,,,100.0
,,,,,,100.0
,,,,,,100.0
,,,,,,100.0
,,,,,,100.0
,,,,,,100.0
,,,,,,100.0
,,,,,,100.0
,,,,,,100.0
,,,,,,100.0
,,,,,,100.0
,,,,,,100.0
,,,,,,100.0
,,,,,,100.0
,,,,,,100.0
,,,,,,100.0
,,,,,,100.0
,,,,,,100.0
,,,,,,100.0
,,,,,,100.0
,,,,,,100.0
,,,,,,100.0
,,,,,,100.0
,,,,,,100.0
,,,,,,100.0
,,,,,,100.0
,,,,,,100.0
,,,,,,100.0
,,,,,,100.0
,,,,,,100.0
,,,,,,100.0
,,,,,,100.0
,,,,,,100.0
,,,,,,100.0
,,,,,,100.0
,,,,,,100.0
,,,,,,100.0
,,,,,,100.0
,,,,,,100.0
,,,,,,100.0
,,,,,,100.0
,,,,,,100.0
,,,,,,100.0
,,,,,,100.0
,,,,,,100.0
,,,,,,100.0
,,,,,,100.0
,,,,,,100.0
,,,,,,100.0
,,,,,,100.0
,,,,,,100.0
,,,,,,100.0
,,,,,,100.0
,,,,,,100.0
,,,,,,100.0
,,,,,,100.0
,,,,,,100.0
,,,,,,100.0
,,,,,,100.0
,,,,,,100.0
,,,,,,100.0
,,,,,,100.0
,,,,,,100.0
,,,,,,100.0
,,,,,,100.0
,,,,,,100.0
,,,,,,100.0
,,,,,,100.0
,,,,,,100.0
,,,,,,100.0
,,,,,,100.0
,,,,,,100.0
,,,,,,100.0
,,,,,,100.0
,,,,,,100.0
,,,,,,100.0
,,,,,,100.0
,,,,,,100.0
,,,,,,100.0
,,,,,,100.0
,,,,,,100.0
,,,,,,100.0
,,,,,,100.0
,,,,,,100.0
,,,,,,100.0
,,,,,,100.0
,,,,,,100.0
,,,,,,100.0
,,,,,,100.0
,,,,,,100.0
,,,,,,100.0
,,,,,,100.0
,,,,,,100.0
,,,,,,100.0
,,,,,,100.0
,,,,,,100.0
,,,,,,100.0
,,,,,,100.0
,,,,,,100.0
,,,,,,100.0
,,,,,,100.0
,,,,,,100.0
,,,,,,100.0
,,,,,,100.0
,,,,,,100.0
,,,,,,100.0
,,,,,,100.0
,,,,,,100.0
,,,,,,100.0
,,,,,,100.0
,,,,,,100.0
,,,,,,100.0
,,,,,,100.0
,,,,,,100.0
,,,,,,100.0
,,,,,,100.0
,,,,,,100.0
,,,,,,100.0
,,,,,,100.0
,,,,,,100.0
,,,,,,100.0
,,,,,,100.0
,,,,,,100.0
,,,,,,100.0
,,,,,,100.0
,,,,,,100.0
,,,,,,100.0
,,,,,,100.0
,,,,,,100.0
,,,,,,100.0
,,,,,,100.0
,,,,,,100.0
,,,,,,100.0
,,,,,,100.0
,,,,,,100.0
,,,,,,100.0
,,,,,,100.0
,,,,,,100.0
,,,,,,100.0
,,,,,,100.0
,,,,,,100.0
,,,,,,100.0
,,,,,,100.0
,,,,,,100.0
,,,,,,100.0
,,,,,,100.0
,,,,,,100.0
,,,,,,100.0
,,,,,,100.0
,,,,,,100.0
,,,,,,100.0
,,,,,,100.0
,,,,,,100.0
,,,,,,100.0
,,,,,,100.0
,,,,,,100.0
,,,,,,100.0
,,,,,,100.0
,,,,,,100.0
,,,,,,100.0
,,,,,,100.0
,,,,,,100.0
,,,,,,100.0
,,,,,,100.0
,,,,,,100.0
,,,,,,100.0
,,,,,,100.0
,,,,,,100.0
,,,,,,100.0
,,,,,,100.0
,,,,,,100.0
,,,,,,100.0
,,,,,,100.0
,,,,,,100.0
,,,,,,100.0
,,,,,,100.0
,,,,,,100.0
,,,,,,100.0
,,,,,,100.0
,,,,,,100.0
,,,,,,100.0
,,,,,,100.0
,,,,,,100.0
,,,,,,100.0
,,,,,,100.0
,,,,,,100.0
,,,,,,100.0
,,,,,,100.0
,,,,,,100.0
,,,,,,100.0
,,,,,,100.0
,,,,,,100.0
,,,,,,100.0
,,,,,,100.0
,,,,,,100.0
,,,,,,100.0
,,,,,,100.0
,,,,,,100.0
,,,,,,100.0
,,,,,,100.0
,,,,,,100.0
,,,,,,100.0
,,,,,,100.0
,,,,,,100.0
,,,,,,100.0
,,,,,,100.0
,,,,,,100.0
,,,,,,100.0
,,,,,,100.0
,,,,,,100.0
,,,,,,100.0
,,,,,,100.0
,,,,,,100.0
,,,,,,100.0
,,,,,,100.0
,,,,,,100.0
,,,,,,100.0
,,,,,,100.0
,,,,,,100.0
,,,,,,100.0
,,,,,,100.0
,,,,,,100.0
,,,,,,100.0
,,,,,,100.0
,,,,,,100.0
,,,,,,100.0
,,,,,,100.0
,,,,,,100.0
,,,,,,100.0
,,,,,,100.0
,,,,,,100.0
,,,,,,100.0
,,,,,,100.0
,,,,,,100.0
,,,,,,100.0
,,,,,,100.0
,,,,,,100.0
,,,,,,100.0
,,,,,,100.0
,,,,,,100.0
,,,,,,100.0
,,,,,,100.0
,,,,,,100.0
,,,,,,100.0
,,,,,,100.0
,,,,,,100.0
,,,,,,100.0
,,,,,,100.0
,,,,,,100.0
,,,,,,100.0
,,,,,,100.0
,,,,,,100.0
,,,,,,100.0
,,,,,,100.0
,,,,,,100.0
,,,,,,100.0
,,,,,,100.0
,,,,,,100.0
,,,,,,100.0
,,,,,,100.0
,,,,,,100.0
,,,,,,100.0
,,,,,,100.0
,,,,,,100.0
,,,,,,100.0
,,,,,,100.0
,,,,,,100.0
,,,,,,100.0
,,,,,,100.0
,,,,,,100.0
,,,,,,100.0
,,,,,,100.0
,,,,,,100.0
,,,,,,100.0
,,,,,,100.0
,,,,,,100.0
,,,,,,100.0
,,,,,,100.0
,,,,,,100.0
,,,,,,100.0
,,,,,,100.0
,,,,,,100.0
,,,,,,100.0
,,,,,,100.0
,,,,,,100.0
,,,,,,100.0
,,,,,,100.0
,,,,,,100.0
,,,,,,100.0
,,,,,,100.0
,,,,,,100.0
,,,,,,100.0
,,,,,,100.0
,,,,,,100.0
,,,,,,100.0
,,,,,,100.0
,,,,,,100.0
,,,,,,100.0
,,,,,,100.0
,,,,,,100.0
,,,,,,100.0
,,,,,,100.0
,,,,,,100.0
,,,,,,100.0
,,,,,,100.0
,,,,,,100.0
,,,,,,100.0
,,,,,,100.0
,,,,,,100.0
,,,,,,100.0
,,,,,,100.0
,,,,,,100.0
,,,,,,100.0
,,,,,,100.0
,,,,,,100.0
,,,,,,100.0
,,,,,,100.0
,,,,,,100.0
,,,,,,100.0
,,,,,,100.0
,,,,,,100.0
,,,,,,100.0
,,,,,,100.0
,,,,,,100.0
,,,,,,100.0
,,,,,,100.0
,,,,,,100.0
,,,,,,100.0
,,,,,,100.0
,,,,,,100.0
,,,,,,100.0
,,,,,,100.0
,,,,,,100.0
,,,,,,100.0
,,,,,,100.0
,,,,,,100.0
,,,,,,100.0
,,,,,,100.0
,,,,,,100.0
,,,,,,100.0
,,,,,,100.0
,,,,,,100.0
,,,,,,100.0
,,,,,,100.0
,,,,,,100.0
,,,,,,100.0
,,,,,,100.0
,,,,,,100.0
,,,,,,100.0
,,,,,,100.0
,,,,,,100.0
,,,,,,100.0
,,,,,,100.0
,,,,,,100.0
,,,,,,100.0
,,,,,,100.0
,,,,,,100.0
,,,,,,100.0
,,,,,,100.0
,,,,,,100.0
,,,,,,100.0
,,,,,,100.0
,,,,,,100.0
,,,,,,100.0
,,,,,,100.0
,,,,,,100.0
,,,,,,100.0
,,,,,,100.0
,,,,,,100.0
,,,,,,100.0
,,,,,,100.0
,,,,,,100.0
,,,,,,100.0
,,,,,,100.0
,,,,,,100.0
,,,,,,100.0
,,,,,,100.0
,,,,,,100.0
,,,,,,100.0
,,,,,,100.0
,,,,,,100.0
,,,,,,100.0
,,,,,,100.0
,,,,,,100.0
,,,,,,100.0
,,,,,,100.0
,,,,,,100.0
,,,,,,100.0
,,,,,,100.0
,,,,,,100.0
,,,,,,100.0
,,,,,,100.0
,,,,,,100.0
,,,,,,100.0
,,,,,,100.0
,,,,,,100.0
,,,,,,100.0
,,,,,,100.0
,,,,,,100.0
,,,,,,100.0
,,,,,,100.0
,,,,,,100.0
,,,,,,100.0
,,,,,,100.0
,,,,,,100.0
,,,,,,100.0
,,,,,,100.0
,,,,,,100.0
,,,,,,100.0
,,,,,,100.0
,,,,,,100.0
,,,,,,100.0
,,,,,,100.0
,,,,,,100.0
,,,,,,100.0
,,,,,,100.0
,,,,,,100.0
,,,,,,100.0
,,,,,,100.0
,,,,,,100.0
,,,,,,100.0
,,,,,,100.0
,,,,,,100.0
,,,,,,100.0
,,,,,,100.0
,,,,,,100.0
,,,,,,100.0
,,,,,,100.0
,,,,,,100.0
,,,,,,100.0
,,,,,,100.0
,,,,,,100.0
,,,,,,100.0
,,,,,,100.0
,,,,,,100.0
,,,,,,100.0
,,,,,,100.0
,,,,,,100.0
,,,,,,100.0
,,,,,,100.0
,,,,,,100.0
,,,,,,100.0
,,,,,,100.0
,,,,,,100.0
,,,,,,100.0
,,,,,,100.0
,,,,,,100.0
,,,,,,100.0
,,,,,,100.0
,,,,,,100.0
,,,,,,100.0
,,,,,,100.0
,,,,,,100.0
,,,,,,100.0
,,,,,,100.0
,,,,,,100.0
,,,,,,100.0
,,,,,,100.0
,,,,,,100.0
,,,,,,100.0
,,,,,,100.0
,,,,,,100.0
,,,,,,100.0
,,,,,,100.0
,,,,,,100.0
,,,,,,100.0
,,,,,,100.0
,,,,,,100.0
,,,,,,100.0
,,,,,,100.0
,,,,,,100.0
,,,,,,100.0
,,,,,,100.0
,,,,,,100.0
,,,,,,100.0
,,,,,,100.0
,,,,,,100.0
,,,,,,100.0
,,,,,,100.0
,,,,,,100.0
,,,,,,100.0
,,,,,,100.0
,,,,,,100.0
,,,,,,100.0
,,,,,,100.0
,,,,,,100.0
,,,,,,100.0
,,,,,,100.0
,,,,,,100.0
,,,,,,100.0
,,,,,,100.0
,,,,,,100.0
,,,,,,100.0
,,,,,,100.0
,,,,,,100.0
,,,,,,100.0
,,,,,,100.0
,,,,,,100.0
,,,,,,100.0
,,,,,,100.0
,,,,,,100.0
,,,,,,100.0
,,,,,,100.0
,,,,,,100.0
,,,,,,100.0
,,,,,,100.0
,,,,,,100.0
,,,,,,100.0
,,,,,,100.0
,,,,,,100.0
,,,,,,100.0
,,,,,,100.0
,,,,,,100.0
,,,,,,100.0
,,,,,,100.0
,,,,,,100.0
,,,,,,100.0
,,,,,,100.0
,,,,,,100.0
,,,,,,100.0
,,,,,,100.0
,,,,,,100.0
,,,,,,100.0
,,,,,,100.0
,,,,,,100.0
,,,,,,100.0
,,,,,,100.0
,,,,,,100.0
,,,,,,100.0
,,,,,,100.0
,,,,,,100.0
,,,,,,100.0
,,,,,,100.0
,,,,,,100.0
,,,,,,100.0
,,,,,,100.0
,,,,,,100.0
,,,,,,100.0
,,,,,,100.0
,,,,,,100.0
,,,,,,100.0
,,,,,,100.0
,,,,,,100.0
,,,,,,100.0
,,,,,,100.0
,,,,,,100.0
,,,,,,100.0
,,,,,,100.0
,,,,,,100.0
,,,,,,100.0
,,,,,,100.0
,,,,,,100.0
,,,,,,100.0
,,,,,,100.0
,,,,,,100.0
,,,,,,100.0
,,,,,,100.0
,,,,,,100.0
,,,,,,100.0
,,,,,,100.0
,,,,,,100.0
,,,,,,100.0
,,,,,,100.0
,,,,,,100.0
,,,,,,100.0
,,,,,,100.0
,,,,,,100.0
,,,,,,100.0
,,,,,,100.0
,,,,,,100.0
,,,,,,100.0
,,,,,,100.0
,,,,,,100.0
,,,,,,100.0
,,,,,,100.0
,,,,,,100.0
,,,,,,100.0
,,,,,,100.0
,,,,,,100.0
,,,,,,100.0
,,,,,,100.0
,,,,,,100.0
,,,,,,100.0
,,,,,,100.0
,,,,,,100.0
,,,,,,100.0
,,,,,,100.0
,,,,,,100.0
,,,,,,100.0
,,,,,,100.0
,,,,,,100.0
,,,,,,100.0
,,,,,,100.0
,,,,,,100.0
,,,,,,100.0
,,,,,,100.0
,,,,,,100.0
,,,,,,100.0
,,,,,,100.0
,,,,,,100.0
,,,,,,100.0
,,,,,,100.0
,,,,,,100.0
,,,,,,100.0
,,,,,,100.0
,,,,,,100.0
,,,,,,100.0
,,,,,,100.0
,,,,,,100.0
,,,,,,100.0
,,,,,,100.0
,,,,,,100.0
,,,,,,100.0
,,,,,,100.0
,,,,,,100.0
,,,,,,100.0
,,,,,,100.0
,,,,,,100.0
,,,,,,100.0
,,,,,,100.0
,,,,,,100.0
,,,,,,100.0
,,,,,,100.0
,,,,,,100.0
,,,,,,100.0
,,,,,,100.0
,,,,,,100.0
,,,,,,100.0
,,,,,,100.0
,,,,,,100.0
,,,,,,100.0
,,,,,,100.0
,,,,,,100.0
,,,,,,100.0
,,,,,,100.0
,,,,,,100.0
,,,,,,100.0
,,,,,,100.0
,,,,,,100.0
,,,,,,100.0
,,,,,,100.0
,,,,,,100.0
,,,,,,100.0
,,,,,,100.0
,,,,,,100.0
,,,,,,100.0
,,,,,,100.0
,,,,,,100.0
,,,,,,100.0
,,,,,,100.0
,,,,,,100.0
,,,,,,100.0
,,,,,,100.0
,,,,,,100.0
,,,,,,100.0
,,,,,,100.0
,,,,,,100.0
,,,,,,100.0
,,,,,,100.0
,,,,,,100.0
,,,,,,100.0
,,,,,,100.0
,,,,,,100.0
,,,,,,100.0
,,,,,,100.0
,,,,,,100.0
,,,,,,100.0
,,,,,,100.0
,,,,,,100.0
,,,,,,100.0
,,,,,,100.0
,,,,,,100.0
,,,,,,100.0
,,,,,,100.0
,,,,,,100.0
,,,,,,100.0
,,,,,,100.0
,,,,,,100.0
,,,,,,100.0
,,,,,,100.0
,,,,,,100.0
,,,,,,100.0
,,,,,,100.0
,,,,,,100.0
,,,,,,100.0
,,,,,,100.0
,,,,,,100.0
,,,,,,100.0
,,,,,,100.0
,,,,,,100.0
,,,,,,100.0
,,,,,,100.0
,,,,,,100.0
,,,,,,100.0
,,,,,,100.0
,,,,,,100.0
,,,,,,100.0
,,,,,,100.0
,,,,,,100.0
,,,,,,100.0
,,,,,,100.0
,,,,,,100.0
,,,,,,100.0
,,,,,,100.0
,,,,,,100.0
,,,,,,100.0
,,,,,,100.0
,,,,,,100.0
,,,,,,100.0
,,,,,,100.0
,,,,,,100.0
,,,,,,100.0
,,,,,,100.0
,,,,,,100.0
,,,,,,100.0
,,,,,,100.0
,,,,,,100.0
,,,,,,100.0
,,,,,,100.0
,,,,,,100.0
,,,,,,100.0
,,,,,,100.0
,,,,,,100.0
,,,,,,100.0
,,,,,,100.0
,,,,,,100.0
,,,,,,100.0
,,,,,,100.0
,,,,,,100.0
,,,,,,100.0
,,,,,,100.0
,,,,,,100.0
,,,,,,100.0
,,,,,,100.0
,,,,,,100.0
,,,,,,100.0
,,,,,,100.0
,,,,,,100.0
,,,,,,100.0
,,,,,,100.0
,,,,,,100.0
,,,,,,100.0
,,,,,,100.0
,,,,,,100.0
,,,,,,100.0
,,,,,,100.0
,,,,,,100.0
,,,,,,100.0
,,,,,,100.0
,,,,,,100.0
,,,,,,100.0
,,,,,,100.0
,,,,,,100.0
,,,,,,100.0
,,,,,,100.0
,,,,,,100.0
,,,,,,100.0
,,,,,,100.0
,,,,,,100.0
,,,,,,100.0
,,,,,,100.0
,,,,,,100.0
,,,,,,100.0
,,,,,,100.0
,,,,,,100.0
,,,,,,100.0
,,,,,,100.0
,,,,,,100.0
,,,,,,100.0
,,,,,,100.0
,,,,,,100.0
,,,,,,100.0
,,,,,,100.0
,,,,,,100.0
,,,,,,100.0
,,,,,,100.0
,,,,,,100.0
,,,,,,100.0
,,,,,,100.0
,,,,,,100.0
,,,,,,100.0
,,,,,,100.0
,,,,,,100.0
,,,,,,100.0
,,,,,,100.0
,,,,,,100.0
,,,,,,100.0
,,,,,,100.0
,,,,,,100.0
,,,,,,100.0
,,,,,,100.0
,,,,,,100.0
,,,,,,100.0
,,,,,,100.0
,,,,,,100.0
,,,,,,100.0
,,,,,,100.0
,,,,,,100.0
,,,,,,100.0
,,,,,,100.0
,,,,,,100.0
,,,,,,100.0
,,,,,,100.0
,,,,,,100.0
,,,,,,100.0
,,,,,,100.0
,,,,,,100.0
,,,,,,100.0
,,,,,,100.0
,,,,,,100.0
,,,,,,100.0
,,,,,,100.0
,,,,,,100.0
,,,,,,100.0
,,,,,,100.0
,,,,,,100.0
,,,,,,100.0
,,,,,,100.0
,,,,,,100.0
,,,,,,100.0
,,,,,,100.0
,,,,,,100.0
,,,,,,100.0
,,,,,,100.0
,,,,,,100.0
,,,,,,100.0
,,,,,,100.0
,,,,,,100.0
,,,,,,100.0
,,,,,,100.0
,,,,,,100.0
,,,,,,100.0
,,,,,,100.0
,,,,,,100.0
,,,,,,100.0
,,,,,,100.0
,,,,,,100.0
,,,,,,100.0
,,,,,,100.0
,,,,,,100.0
,,,,,,100.0
,,,,,,100.0
,,,,,,100.0
,,,,,,100.0
,,,,,,100.0
,,,,,,100.0
,,,,,,100.0
,,,,,,100.0
,,,,,,100.0
,,,,,,100.0
,,,,,,100.0
,,,,,,100.0
,,,,,,100.0
,,,,,,100.0
,,,,,,100.0
,,,,,,100.0
,,,,,,100.0
,,,,,,100.0
,,,,,,100.0
,,,,,,100.0
,,,,,,100.0
,,,,,,100.0
,,,,,,100.0
,,,,,,100.0
,,,,,,100.0
,,,,,,100.0
,,,,,,100.0
,,,,,,100.0
,,,,,,100.0
,,,,,,100.0
,,,,,,100.0
,,,,,,100.0
,,,,,,100.0
,,,,,,100.0
,,,,,,100.0
,,,,,,100.0
,,,,,,100.0
,,,,,,100.0
,,,,,,100.0
,,,,,,100.0
,,,,,,100.0
,,,,,,100.0
,,,,,,100.0
,,,,,,100.0
,,,,,,100.0
,,,,,,100.0
,,,,,,100.0
,,,,,,100.0
,,,,,,100.0
,,,,,,100.0
,,,,,,100.0
,,,,,,100.0
,,,,,,100.0
,,,,,,100.0
,,,,,,100.0
,,,,,,100.0
,,,,,,100.0
,,,,,,100.0
,,,,,,100.0
,,,,,,100.0
,,,,,,100.0
,,,,,,100.0
,,,,,,100.0
,,,,,,100.0
,,,,,,100.0
,,,,,,100.0
,,,,,,100.0
,,,,,,100.0
,,,,,,100.0
,,,,,,100.0
,,,,,,100.0
,,,,,,100.0
,,,,,,100.0
,,,,,,100.0
,,,,,,100.0
,,,,,,100.0
,,,,,,100.0
,,,,,,100.0
,,,,,,100.0
,,,,,,100.0
,,,,,,100.0
,,,,,,100.0
,,,,,,100.0
,,,,,,100.0
,,,,,,100.0
,,,,,,100.0
,,,,,,100.0
,,,,,,100.0
,,,,,,100.0
,,,,,,100.0
,,,,,,100.0
,,,,,,100.0
,,,,,,100.0
,,,,,,100.0
,,,,,,100.0
,,,,,,100.0
,,,,,,100.0
,,,,,,100.0
,,,,,,100.0
,,,,,,100.0
,,,,,,100.0
,,,,,,100.0
,,,,,,100.0
,,,,,,100.0
,,,,,,100.0
,,,,,,100.0
,,,,,,100.0
,,,,,,100.0
,,,,,,100.0
,,,,,,100.0
,,,,,,100.0
,,,,,,100.0
,,,,,,100.0
,,,,,,100.0
,,,,,,100.0
,,,,,,100.0
,,,,,,100.0
,,,,,,100.0
,,,,,,100.0
,,,,,,100.0
,,,,,,100.0
,,,,,,100.0
,,,,,,100.0
,,,,,,100.0
,,,,,,100.0
,,,,,,100.0
,,,,,,100.0
,,,,,,100.0
,,,,,,100.0
,,,,,,100.0
,,,,,,100.0
,,,,,,100.0
,,,,,,100.0
,,,,,,100.0
,,,,,,100.0
,,,,,,100.0
,,,,,,100.0
,,,,,,100.0
,,,,,,100.0
,,,,,,100.0
,,,,,,100.0
,,,,,,100.0
,,,,,,100.0
,,,,,,100.0
,,,,,,100.0
,,,,,,100.0
,,,,,,100.0
,,,,,,100.0
,,,,,,100.0
,,,,,,100.0
,,,,,,100.0
,,,,,,100.0
,,,,,,100.0
,,,,,,100.0
,,,,,,100.0
,,,,,,100.0
,,,,,,100.0
,,,,,,100.0
,,,,,,100.0
,,,,,,100.0
,,,,,,100.0
,,,,,,100.0
,,,,,,100.0
,,,,,,100.0
,,,,,,100.0
,,,,,,100.0
,,,,,,100.0
,,,,,,100.0
,,,,,,100.0
,,,,,,100.0
,,,,,,100.0
,,,,,,100.0
,,,,,,100.0
,,,,,,100.0
,,,,,,100.0
,,,,,,100.0
,,,,,,100.0
,,,,,,100.0
,,,,,,100.0
,,,,,,100.0
,,,,,,100.0
,,,,,,100.0
,,,,,,100.0
,,,,,,100.0
,,,,,,100.0
,,,,,,100.0
,,,,,,100.0
,,,,,,100.0
,,,,,,100.0
,,,,,,100.0
,,,,,,100.0
,,,,,,100.0
,,,,,,100.0
,,,,,,100.0
,,,,,,100.0
,,,,,,100.0
,,,,,,100.0
,,,,,,100.0
,,,,,,100.0
,,,,,,100.0
,,,,,,100.0
,,,,,,100.0
,,,,,,100.0
,,,,,,100.0
,,,,,,100.0
,,,,,,100.0
,,,,,,100.0
,,,,,,100.0
,,,,,,100.0
,,,,,,100.0
,,,,,,100.0
,,,,,,100.0
,,,,,,100.0
,,,,,,100.0
,,,,,,100.0
,,,,,,100.0
,,,,,,100.0
,,,,,,100.0
,,,,,,100.0
,,,,,,100.0
,,,,,,100.0
,,,,,,100.0
,,,,,,100.0
,,,,,,100.0
,,,,,,100.0
,,,,,,100.0
,,,,,,100.0
,,,,,,100.0
,,,,,,100.0
,,,,,,100.0
,,,,,,100.0
,,,,,,100.0
,,,,,,100.0
,,,,,,100.0
,,,,,,100.0
,,,,,,100.0
,,,,,,100.0
,,,,,,100.0
,,,,,,100.0
,,,,,,100.0
,,,,,,100.0
,,,,,,100.0
,,,,,,100.0
,,,,,,100.0
,,,,,,100.0
,,,,,,100.0
,,,,,,100.0
,,,,,,100.0
,,,,,,100.0
,,,,,,100.0
,,,,,,100.0
,,,,,,100.0
,,,,,,100.0
,,,,,,100.0
,,,,,,100.0
,,,,,,100.0
,,,,,,100.0
,,,,,,100.0
,,,,,,100.0
,,,,,,100.0
,,,,,,100.0
,,,,,,100.0
,,,,,,100.0
,,,,,,100.0
,,,,,,100.0
,,,,,,100.0
,,,,,,100.0
,,,,,,100.0
,,,,,,100.0
,,,,,,100.0
,,,,,,100.0
,,,,,,100.0
,,,,,,100.0
,,,,,,100.0
,,,,,,100.0
,,,,,,100.0
,,,,,,100.0
,,,,,,100.0
,,,,,,100.0
,,,,,,100.0
,,,,,,100.0
,,,,,,100.0
,,,,,,100.0
,,,,,,100.0
,,,,,,100.0
,,,,,,100.0
,,,,,,100.0
,,,,,,100.0
,,,,,,100.0
,,,,,,100.0
,,,,,,100.0
,,,,,,100.0
,,,,,,100.0
,,,,,,100.0
,,,,,,100.0
,,,,,,100.0
,,,,,,100.0
,,,,,,100.0
,,,,,,100.0
,,,,,,100.0
,,,,,,100.0
,,,,,,100.0
,,,,,,100.0
,,,,,,100.0
,,,,,,100.0
,,,,,,100.0
,,,,,,100.0
,,,,,,100.0
,,,,,,100.0
,,,,,,100.0
,,,,,,100.0
,,,,,,100.0
,,,,,,100.0
,,,,,,100.0
,,,,,,100.0
,,,,,,100.0
,,,,,,100.0
,,,,,,100.0
,,,,,,100.0
,,,,,,100.0
,,,,,,100.0
,,,,,,100.0
,,,,,,100.0
,,,,,,100.0
,,,,,,100.0
,,,,,,100.0
,,,,,,100.0
,,,,,,100.0
,,,,,,100.0
,,,,,,100.0
,,,,,,100.0
,,,,,,100.0
,,,,,,100.0
,,,,,,100.0
,,,,,,100.0
,,,,,,100.0
,,,,,,100.0
,,,,,,100.0
,,,,,,100.0
,,,,,,100.0
,,,,,,100.0
,,,,,,100.0
,,,,,,100.0
,,,,,,100.0
,,,,,,100.0
,,,,,,100.0
,,,,,,100.0
,,,,,,100.0
,,,,,,100.0
,,,,,,100.0
,,,,,,100.0
,,,,,,100.0
,,,,,,100.0
,,,,,,100.0
,,,,,,100.0
,,,,,,100.0
,,,,,,100.0
,,,,,,100.0
,,,,,,100.0
,,,,,,100.0
,,,,,,100.0
,,,,,,100.0
,,,,,,100.0
,,,,,,100.0
,,,,,,100.0
,,,,,,100.0
,,,,,,100.0
,,,,,,100.0
,,,,,,100.0
,,,,,,100.0
,,,,,,100.0
,,,,,,100.0
,,,,,,100.0
,,,,,,100.0
,,,,,,100.0
,,,,,,100.0
,,,,,,100.0
,,,,,,100.0
,,,,,,100.0
,,,,,,100.0
,,,,,,100.0
,,,,,,100.0
,,,,,,100.0
,,,,,,100.0
,,,,,,100.0
,,,,,,100.0
,,,,,,100.0
,,,,,,100.0
,,,,,,100.0
,,,,,,100.0
,,,,,,100.0
,,,,,,100.0
,,,,,,100.0
,,,,,,100.0
,,,,,,100.0
,,,,,,100.0
,,,,,,100.0
,,,,,,100.0
,,,,,,100.0
,,,,,,100.0
,,,,,,100.0
,,,,,,100.0
,,,,,,100.0
,,,,,,100.0
,,,,,,100.0
,,,,,,100.0
,,,,,,100.0
,,,,,,100.0
,,,,,,100.0
,,,,,,100.0
,,,,,,100.0
,,,,,,100.0
,,,,,,100.0
,,,,,,100.0
,,,,,,100.0
,,,,,,100.0
,,,,,,100.0
,,,,,,100.0
,,,,,,100.0
,,,,,,100.0
,,,,,,100.0
,,,,,,100.0
,,,,,,100.0
,,,,,,100.0
,,,,,,100.0
,,,,,,100.0
,,,,,,100.0
,,,,,,100.0
,,,,,,100.0
,,,,,,100.0
,,,,,,100.0
,,,,,,100.0
,,,,,,100.0
,,,,,,100.0
,,,,,,100.0
,,,,,,100.0
,,,,,,100.0
,,,,,,100.0
,,,,,,100.0
,,,,,,100.0
,,,,,,100.0
,,,,,,100.0
,,,,,,100.0
,,,,,,100.0
,,,,,,100.0
,,,,,,100.0
,,,,,,100.0
,,,,,,100.0
,,,,,,100.0
,,,,,,100.0
,,,,,,100.0
,,,,,,100.0
,,,,,,100.0
,,,,,,100.0
,,,,,,100.0
,,,,,,100.0
,,,,,,100.0
,,,,,,100.0
,,,,,,100.0
,,,,,,100.0
,,,,,,100.0
,,,,,,100.0
,,,,,,100.0
,,,,,,100.0
,,,,,,100.0
,,,,,,100.0
,,,,,,100.0
,,,,,,100.0
,,,,,,100.0
,,,,,,100.0
,,,,,,100.0
,,,,,,100.0
,,,,,,100.0
,,,,,,100.0
,,,,,,100.0
,,,,,,100.0
,,,,,,100.0
,,,,,,100.0
,,,,,,100.0
,,,,,,100.0
,,,,,,100.0
,,,,,,100.0
,,,,,,100.0
,,,,,,100.0
,,,,,,100.0
,,,,,,100.0
,,,,,,100.0
,,,,,,100.0
,,,,,,100.0
,,,,,,100.0
,,,,,,100.0
,,,,,,100.0
,,,,,,100.0
,,,,,,100.0
,,,,,,100.0
,,,,,,100.0
,,,,,,100.0
,,,,,,100.0
,,,,,,100.0
,,,,,,100.0
,,,,,,100.0
,,,,,,100.0
,,,,,,100.0
,,,,,,100.0
,,,,,,100.0
,,,,,,100.0
,,,,,,100.0
,,,,,,100.0
,,,,,,100.0
,,,,,,100.0
,,,,,,100.0
,,,,,,100.0
,,,,,,100.0
,,,,,,100.0
,,,,,,100.0
,,,,,,100.0
,,,,,,100.0
,,,,,,100.0
,,,,,,100.0
,,,,,,100.0
,,,,,,100.0
,,,,,,100.0
,,,,,,100.0
,,,,,,100.0
,,,,,,100.0
,,,,,,100.0
,,,,,,100.0
,,,,,,100.0
,,,,,,100.0
,,,,,,100.0
,,,,,,100.0
,,,,,,100.0
,,,,,,100.0
,,,,,,100.0
,,,,,,100.0
,,,,,,100.0
,,,,,,100.0
,,,,,,100.0
,,,,,,100.0
,,,,,,100.0
,,,,,,100.0
,,,,,,100.0
,,,,,,100.0
,,,,,,100.0
,,,,,,100.0
,,,,,,100.0
,,,,,,100.0
,,,,,,100.0
,,,,,,100.0
,,,,,,100.0
,,,,,,100.0
,,,,,,100.0
,,,,,,100.0
,,,,,,100.0
,,,,,,100.0
,,,,,,100.0
,,,,,,100.0
,,,,,,100.0
,,,,,,100.0
,,,,,,100.0
,,,,,,100.0
,,,,,,100.0
,,,,,,100.0
,,,,,,100.0
,,,,,,100.0
,,,,,,100.0
,,,,,,100.0
,,,,,,100.0
,,,,,,100.0
,,,,,,100.0
,,,,,,100.0
,,,,,,100.0
,,,,,,100.0
,,,,,,100.0
,,,,,,100.0
,,,,,,100.0
,,,,,,100.0
,,,,,,100.0
,,,,,,100.0
,,,,,,100.0
,,,,,,100.0
,,,,,,100.0
,,,,,,100.0
,,,,,,100.0
,,,,,,100.0
,,,,,,100.0
,,,,,,100.0
,,,,,,100.0
,,,,,,100.0
,,,,,,100.0
,,,,,,100.0
,,,,,,100.0
,,,,,,100.0
,,,,,,100.0
,,,,,,100.0
,,,,,,100.0
,,,,,,100.0
,,,,,,100.0
,,,,,,100.0
,,,,,,100.0
,,,,,,100.0
,,,,,,100.0
,,,,,,100.0
,,,,,,100.0
,,,,,,100.0
,,,,,,100.0
,,,,,,100.0
,,,,,,100.0
,,,,,,100.0
,,,,,,100.0
,,,,,,100.0
,,,,,,100.0
,,,,,,100.0
,,,,,,100.0
,,,,,,100.0
,,,,,,100.0
,,,,,,100.0
,,,,,,100.0
,,,,,,100.0
,,,,,,100.0
,,,,,,100.0
,,,,,,100.0
,,,,,,100.0
,,,,,,100.0
,,,,,,100.0
,,,,,,100.0
,,,,,,100.0
,,,,,,100.0
,,,,,,100.0
,,,,,,100.0
,,,,,,100.0
,,,,,,100.0
,,,,,,100.0
,,,,,,100.0
,,,,,,100.0
,,,,,,100.0
,,,,,,100.0
,,,,,,100.0
,,,,,,100.0
,,,,,,100.0
,,,,,,100.0
,,,,,,100.0
,,,,,,100.0
,,,,,,100.0
,,,,,,100.0
,,,,,,100.0
,,,,,,100.0
,,,,,,100.0
,,,,,,100.0
,,,,,,100.0
,,,,,,100.0
,,,,,,100.0
,,,,,,100.0
,,,,,,100.0
,,,,,,100.0
,,,,,,100.0
,,,,,,100.0
,,,,,,100.0
,,,,,,100.0
,,,,,,100.0
,,,,,,100.0
,,,,,,100.0
,,,,,,100.0
,,,,,,100.0
,,,,,,100.0
,,,,,,100.0
,,,,,,100.0
,,,,,,100.0
,,,,,,100.0
,,,,,,100.0
,,,,,,100.0
,,,,,,100.0
,,,,,,100.0
,,,,,,100.0
,,,,,,100.0
,,,,,,100.0
,,,,,,100.0
,,,,,,100.0
,,,,,,100.0
,,,,,,100.0
,,,,,,100.0
,,,,,,100.0
,,,,,,100.0
,,,,,,100.0
,,,,,,100.0
,,,,,,100.0
,,,,,,100.0
,,,,,,100.0
,,,,,,100.0
,,,,,,100.0
,,,,,,100.0
,,,,,,100.0
,,,,,,100.0
,,,,,,100.0
,,,,,,100.0
,,,,,,100.0
,,,,,,100.0
,,,,,,100.0
,,,,,,100.0
,,,,,,100.0
,,,,,,100.0
,,,,,,100.0
,,,,,,100.0
,,,,,,100.0
,,,,,,100.0
,,,,,,100.0
,,,,,,100.0
,,,,,,100.0
,,,,,,100.0
,,,,,,100.0
,,,,,,100.0
,,,,,,100.0
,,,,,,100.0
,,,,,,100.0
,,,,,,100.0
,,,,,,100.0
,,,,,,100.0
,,,,,,100.0
,,,,,,100.0
,,,,,,100.0
,,,,,,100.0
,,,,,,100.0
,,,,,,100.0
,,,,,,100.0
,,,,,,100.0
,,,,,,100.0
,,,,,,100.0
,,,,,,100.0
,,,,,,100.0
,,,,,,100.0
,,,,,,100.0
,,,,,,100.0
,,,,,,100.0
,,,,,,100.0
,,,,,,100.0
,,,,,,100.0
,,,,,,100.0
,,,,,,100.0
,,,,,,100.0
,,,,,,100.0
,,,,,,100.0
,,,,,,100.0
,,,,,,100.0
,,,,,,100.0
,,,,,,100.0
,,,,,,100.0
,,,,,,100.0
,,,,,,100.0
,,,,,,100.0
,,,,,,100.0
,,,,,,100.0
,,,,,,100.0
,,,,,,100.0
,,,,,,100.0
,,,,,,100.0
,,,,,,100.0
,,,,,,100.0
,,,,,,100.0
,,,,,,100.0
,,,,,,100.0
,,,,,,100.0
,,,,,,100.0
,,,,,,100.0
,,,,,,100.0
,,,,,,100.0
,,,,,,100.0
,,,,,,100.0
,,,,,,100.0
,,,,,,100.0
,,,,,,100.0
,,,,,,100.0
,,,,,,100.0
,,,,,,100.0
,,,,,,100.0
,,,,,,100.0
,,,,,,100.0
,,,,,,100.0
,,,,,,100.0
,,,,,,100.0
,,,,,,100.0
,,,,,,100.0
,,,,,,100.0
,,,,,,100.0
,,,,,,100.0
,,,,,,100.0
,,,,,,100.0
,,,,,,100.0
,,,,,,100.0
,,,,,,100.0
,,,,,,100.0
,,,,,,100.0
,,,,,,100.0
,,,,,,100.0
,,,,,,100.0
,,,,,,100.0
,,,,,,100.0
,,,,,,100.0
,,,,,,100.0
,,,,,,100.0
,,,,,,100.0
,,,,,,100.0
,,,,,,100.0
,,,,,,100.0
,,,,,,100.0
,,,,,,100.0
,,,,,,100.0
,,,,,,100.0
,,,,,,100.0
,,,,,,100.0
,,,,,,100.0
,,,,,,100.0
,,,,,,100.0
,,,,,,100.0
,,,,,,100.0
,,,,,,100.0
,,,,,,100.0
,,,,,,100.0
,,,,,,100.0
,,,,,,100.0
,,,,,,100.0
,,,,,,100.0
,,,,,,100.0
,,,,,,100.0
,,,,,,100.0
,,,,,,100.0
,,,,,,100.0
,,,,,,100.0
,,,,,,100.0
,,,,,,100.0
,,,,,,100.0
,,,,,,100.0
,,,,,,100.0
,,,,,,100.0
,,,,,,100.0
,,,,,,100.0
,,,,,,100.0
,,,,,,100.0
,,,,,,100.0
,,,,,,100.0
,,,,,,100.0
,,,,,,100.0
,,,,,,100.0
,,,,,,100.0
,,,,,,100.0
,,,,,,100.0
,,,,,,100.0
,,,,,,100.0
,,,,,,100.0
,,,,,,100.0
,,,,,,100.0
,,,,,,100.0
,,,,,,100.0
,,,,,,100.0
,,,,,,100.0
,,,,,,100.0
,,,,,,100.0
,,,,,,100.0
,,,,,,100.0
,,,,,,100.0
,,,,,,100.0
,,,,,,100.0
,,,,,,100.0
,,,,,,100.0
,,,,,,100.0
,,,,,,100.0
,,,,,,100.0
,,,,,,100.0
,,,,,,100.0
,,,,,,100.0
,,,,,,100.0
,,,,,,100.0
,,,,,,100.0
,,,,,,100.0
,,,,,,100.0
,,,,,,100.0
,,,,,,100.0
,,,,,,100.0
,,,,,,100.0
,,,,,,100.0
,,,,,,100.0
,,,,,,100.0
,,,,,,100.0
,,,,,,100.0
,,,,,,100.0
,,,,,,100.0
,,,,,,100.0
,,,,,,100.0
,,,,,,100.0
,,,,,,100.0
,,,,,,100.0
,,,,,,100.0
,,,,,,100.0
,,,,,,100.0
,,,,,,100.0
,,,,,,100.0
,,,,,,100.0
,,,,,,100.0
,,,,,,100.0
,,,,,,100.0
,,,,,,100.0
,,,,,,100.0
,,,,,,100.0
,,,,,,100.0
,,,,,,100.0
,,,,,,100.0
,,,,,,100.0
,,,,,,100.0
,,,,,,100.0
,,,,,,100.0
,,,,,,100.0
,,,,,,100.0
,,,,,,100.0
,,,,,,100.0
,,,,,,100.0
,,,,,,100.0
,,,,,,100.0
,,,,,,100.0
,,,,,,100.0
,,,,,,100.0
,,,,,,100.0
,,,,,,100.0
,,,,,,100.0
,,,,,,100.0
,,,,,,100.0
,,,,,,100.0
,,,,,,100.0
,,,,,,100.0
,,,,,,100.0
,,,,,,100.0
,,,,,,100.0
,,,,,,100.0
,,,,,,100.0
,,,,,,100.0
,,,,,,100.0
,,,,,,100.0
,,,,,,100.0
,,,,,,100.0
,,,,,,100.0
,,,,,,100.0
,,,,,,100.0
,,,,,,100.0
,,,,,,100.0
,,,,,,100.0
,,,,,,100.0
,,,,,,100.0
,,,,,,100.0
,,,,,,100.0
,,,,,,100.0
,,,,,,100.0
,,,,,,100.0
,,,,,,100.0
,,,,,,100.0
,,,,,,100.0
,,,,,,100.0
,,,,,,100.0
,,,,,,100.0
,,,,,,100.0
,,,,,,100.0
,,,,,,100.0
,,,,,,100.0
,,,,,,100.0
,,,,,,100.0
,,,,,,100.0
,,,,,,100.0
,,,,,,100.0
,,,,,,100.0
,,,,,,100.0
,,,,,,100.0
,,,,,,100.0
,,,,,,100.0
,,,,,,100.0
,,,,,,100.0
,,,,,,100.0
,,,,,,100.0
,,,,,,100.0
,,,,,,100.0
,,,,,,100.0
,,,,,,100.0
,,,,,,100.0
,,,,,,100.0
,,,,,,100.0
,,,,,,100.0
,,,,,,100.0
,,,,,,100.0
,,,,,,100.0
,,,,,,100.0
,,,,,,100.0
,,,,,,100.0
,,,,,,100.0
,,,,,,100.0
,,,,,,100.0
,,,,,,100.0
,,,,,,100.0
,,,,,,100.0
,,,,,,100.0
,,,,,,100.0
,,,,,,100.0
,,,,,,100.0
,,,,,,100.0
,,,,,,100.0
,,,,,,100.0
,,,,,,100.0
,,,,,,100.0
,,,,,,100.0
,,,,,,100.0
,,,,,,100.0
,,,,,,100.0
,,,,,,100.0
,,,,,,100.0
,,,,,,100.0
,,,,,,100.0
,,,,,,100.0
,,,,,,100.0
,,,,,,100.0
,,,,,,100.0
,,,,,,100.0
,,,,,,100.0
,,,,,,100.0
,,,,,,100.0
,,,,,,100.0
,,,,,,100.0
,,,,,,100.0
,,,,,,100.0
,,,,,,100.0
,,,,,,100.0
,,,,,,100.0
,,,,,,100.0
,,,,,,100.0
,,,,,,100.0
,,,,,,100.0
,,,,,,100.0
,,,,,,100.0
,,,,,,100.0
,,,,,,100.0
,,,,,,100.0
,,,,,,100.0
,,,,,,100.0
,,,,,,100.0
,,,,,,100.0
,,,,,,100.0
,,,,,,100.0
,,,,,,100.0
,,,,,,100.0
,,,,,,100.0
,,,,,,100.0
,,,,,,100.0
,,,,,,100.0
,,,,,,100.0
,,,,,,100.0
,,,,,,100.0
,,,,,,100.0
,,,,,,100.0
,,,,,,100.0
,,,,,,100.0
,,,,,,100.0
,,,,,,100.0
,,,,,,100.0
,,,,,,100.0
,,,,,,100.0
,,,,,,100.0
,,,,,,100.0
,,,,,,100.0
,,,,,,100.0
,,,,,,100.0
,,,,,,100.0
,,,,,,100.0
,,,,,,100.0
,,,,,,100.0
,,,,,,100.0
,,,,,,100.0
,,,,,,100.0
,,,,,,100.0
,,,,,,100.0
,,,,,,100.0
,,,,,,100.0
,,,,,,100.0
,,,,,,100.0
,,,,,,100.0
,,,,,,100.0
,,,,,,100.0
,,,,,,100.0
,,,,,,100.0
,,,,,,100.0
,,,,,,100.0
,,,,,,100.0
,,,,,,100.0
,,,,,,100.0
,,,,,,100.0
,,,,,,100.0
,,,,,,100.0
,,,,,,100.0
,,,,,,100.0
,,,,,,100.0
,,,,,,100.0
,,,,,,100.0
,,,,,,100.0
,,,,,,100.0
,,,,,,100.0
,,,,,,100.0
,,,,,,100.0
,,,,,,100.0
,,,,,,100.0
,,,,,,100.0
,,,,,,100.0
,,,,,,100.0
,,,,,,100.0
,,,,,,100.0
,,,,,,100.0
,,,,,,100.0
,,,,,,100.0
,,,,,,100.0
,,,,,,100.0
,,,,,,100.0
,,,,,,100.0
,,,,,,100.0
,,,,,,100.0
,,,,,,100.0
,,,,,,100.0
,,,,,,100.0
,,,,,,100.0
,,,,,,100.0
,,,,,,100.0
,,,,,,100.0
,,,,,,100.0
,,,,,,100.0
,,,,,,100.0
,,,,,,100.0
,,,,,,100.0
,,,,,,100.0
,,,,,,100.0
,,,,,,100.0
,,,,,,100.0
,,,,,,100.0
,,,,,,100.0
,,,,,,100.0
,,,,,,100.0
,,,,,,100.0
,,,,,,100.0
,,,,,,100.0
,,,,,,100.0
,,,,,,100.0
,,,,,,100.0
,,,,,,100.0
,,,,,,100.0
,,,,,,100.0
,,,,,,100.0
,,,,,,100.0
,,,,,,100.0
,,,,,,100.0
,,,,,,100.0
,,,,,,100.0
,,,,,,100.0
,,,,,,100.0
,,,,,,100.0
,,,,,,100.0
,,,,,,100.0
,,,,,,100.0
,,,,,,100.0
,,,,,,100.0
,,,,,,100.0
,,,,,,100.0
,,,,,,100.0
,,,,,,100.0
,,,,,,100.0
,,,,,,100.0
,,,,,,100.0
,,,,,,100.0
,,,,,,100.0
,,,,,,100.0
,,,,,,100.0
,,,,,,100.0
,,,,,,100.0
,,,,,,100.0
,,,,,,100.0
,,,,,,100.0
,,,,,,100.0
,,,,,,100.0
,,,,,,100.0
,,,,,,100.0
,,,,,,100.0
,,,,,,100.0
,,,,,,100.0
,,,,,,100.0
,,,,,,100.0
,,,,,,100.0
,,,,,,100.0
,,,,,,100.0
,,,,,,100.0
,,,,,,100.0
,,,,,,100.0
,,,,,,100.0
,,,,,,100.0
,,,,,,100.0
,,,,,,100.0
,,,,,,100.0
,,,,,,100.0
,,,,,,100.0
,,,,,,100.0
,,,,,,100.0
,,,,,,100.0
,,,,,,100.0
,,,,,,100.0
,,,,,,100.0
,,,,,,100.0
,,,,,,100.0
,,,,,,100.0
,,,,,,100.0
,,,,,,100.0
,,,,,,100.0
,,,,,,100.0
,,,,,,100.0
,,,,,,100.0
,,,,,,100.0
,,,,,,100.0
,,,,,,100.0
,,,,,,100.0
,,,,,,100.0
,,,,,,100.0
,,,,,,100.0
,,,,,,100.0
,,,,,,100.0
,,,,,,100.0
,,,,,,100.0
,,,,,,100.0
,,,,,,100.0
,,,,,,100.0
,,,,,,100.0
,,,,,,100.0
,,,,,,100.0
,,,,,,100.0
,,,,,,100.0
,,,,,,100.0
,,,,,,100.0
,,,,,,100.0
,,,,,,100.0
,,,,,,100.0
,,,,,,100.0
,,,,,,100.0
,,,,,,100.0
,,,,,,100.0
,,,,,,100.0
,,,,,,100.0
,,,,,,100.0
,,,,,,100.0
,,,,,,100.0
,,,,,,100.0
,,,,,,100.0
,,,,,,100.0
,,,,,,100.0
,,,,,,100.0
,,,,,,100.0
,,,,,,100.0
,,,,,,100.0
,,,,,,100.0
,,,,,,100.0
,,,,,,100.0
,,,,,,100.0
,,,,,,100.0
,,,,,,100.0
,,,,,,100.0
,,,,,,100.0
,,,,,,100.0
,,,,,,100.0
,,,,,,100.0
,,,,,,100.0
,,,,,,100.0
,,,,,,100.0
,,,,,,100.0
,,,,,,100.0
,,,,,,100.0
,,,,,,100.0
,,,,,,100.0
,,,,,,100.0
,,,,,,100.0
,,,,,,100.0
,,,,,,100.0
,,,,,,100.0
,,,,,,100.0
,,,,,,100.0
,,,,,,100.0
,,,,,,100.0
,,,,,,100.0
,,,,,,100.0
,,,,,,100.0
,,,,,,100.0
,,,,,,100.0
,,,,,,100.0
,,,,,,100.0
,,,,,,100.0
,,,,,,100.0
,,,,,,100.0
,,,,,,100.0
,,,,,,100.0
,,,,,,100.0
,,,,,,100.0
,,,,,,100.0
,,,,,,100.0
,,,,,,100.0
,,,,,,100.0
,,,,,,100.0
,,,,,,100.0
,,,,,,100.0
,,,,,,100.0
,,,,,,100.0
,,,,,,100.0
,,,,,,100.0
,,,,,,100.0
,,,,,,100.0
,,,,,,100.0
,,,,,,100.0
,,,,,,100.0
,,,,,,100.0
,,,,,,100.0
,,,,,,100.0
,,,,,,100.0
,,,,,,100.0
,,,,,,100.0
,,,,,,100.0
,,,,,,100.0
,,,,,,100.0
,,,,,,100.0
,,,,,,100.0
,,,,,,100.0
,,,,,,100.0
,,,,,,100.0
,,,,,,100.0
,,,,,,100.0
,,,,,,100.0
,,,,,,100.0
,,,,,,100.0
,,,,,,100.0
,,,,,,100.0
,,,,,,100.0
,,,,,,100.0
,,,,,,100.0
,,,,,,100.0
,,,,,,100.0
,,,,,,100.0
,,,,,,100.0
,,,,,,100.0
,,,,,,100.0
,,,,,,100.0
,,,,,,100.0
,,,,,,100.0
,,,,,,100.0
,,,,,,100.0
,,,,,,100.0
,,,,,,100.0
,,,,,,100.0
,,,,,,100.0
,,,,,,100.0
,,,,,,100.0
,,,,,,100.0
,,,,,,100.0
,,,,,,100.0
,,,,,,100.0
,,,,,,100.0
,,,,,,100.0
,,,,,,100.0
,,,,,,100.0
,,,,,,100.0
,,,,,,100.0
,,,,,,100.0
,,,,,,100.0
,,,,,,100.0
,,,,,,100.0
,,,,,,100.0
,,,,,,100.0
,,,,,,100.0
,,,,,,100.0
,,,,,,100.0
,,,,,,100.0
,,,,,,100.0
,,,,,,100.0
,,,,,,100.0
,,,,,,100.0
,,,,,,100.0
,,,,,,100.0
,,,,,,100.0
,,,,,,100.0
,,,,,,100.0
,,,,,,100.0
,,,,,,100.0
,,,,,,100.0
,,,,,,100.0
,,,,,,100.0
,,,,,,100.0
,,,,,,100.0
,,,,,,100.0
,,,,,,100.0
,,,,,,100.0
,,,,,,100.0
,,,,,,100.0
,,,,,,100.0
,,,,,,100.0
,,,,,,100.0
,,,,,,100.0
,,,,,,100.0
,,,,,,100.0
,,,,,,100.0
,,,,,,100.0
,,,,,,100.0
,,,,,,100.0
,,,,,,100.0
,,,,,,100.0
,,,,,,100.0
,,,,,,100.0
,,,,,,100.0
,,,,,,100.0
,,,,,,100.0
,,,,,,100.0
,,,,,,100.0
,,,,,,100.0
,,,,,,100.0
,,,,,,100.0
,,,,,,100.0
,,,,,,100.0
,,,,,,100.0
,,,,,,100.0
,,,,,,100.0
,,,,,,100.0
,,,,,,100.0
,,,,,,100.0
,,,,,,100.0
,,,,,,100.0
,,,,,,100.0
,,,,,,100.0
,,,,,,100.0
,,,,,,100.0
,,,,,,100.0
,,,,,,100.0
,,,,,,100.0
,,,,,,100.0
,,,,,,100.0
,,,,,,100.0
,,,,,,100.0
,,,,,,100.0
,,,,,,100.0
,,,,,,100.0
,,,,,,100.0
,,,,,,100.0
,,,,,,100.0
,,,,,,100.0
,,,,,,100.0
,,,,,,100.0
,,,,,,100.0
,,,,,,100.0
,,,,,,100.0
,,,,,,100.0
,,,,,,100.0
,,,,,,100.0
,,,,,,100.0
,,,,,,100.0
,,,,,,100.0
,,,,,,100.0
,,,,,,100.0
,,,,,,100.0
,,,,,,100.0
,,,,,,100.0
,,,,,,100.0
,,,,,,100.0
,,,,,,100.0
,,,,,,100.0
,,,,,,100.0
,,,,,,100.0
,,,,,,100.0
,,,,,,100.0
,,,,,,100.0
,,,,,,100.0
,,,,,,100.0
,,,,,,100.0
,,,,,,100.0
,,,,,,100.0
,,,,,,100.0
,,,,,,100.0
,,,,,,100.0
,,,,,,100.0
,,,,,,100.0
,,,,,,100.0
,,,,,,100.0
,,,,,,100.0
,,,,,,100.0
,,,,,,100.0
,,,,,,100.0
,,,,,,100.0
,,,,,,100.0
,,,,,,100.0
,,,,,,100.0
,,,,,,100.0
,,,,,,100.0
,,,,,,100.0
,,,,,,100.0
,,,,,,100.0
,,,,,,100.0
,,,,,,100.0
,,,,,,100.0
,,,,,,100.0
,,,,,,100.0
,,,,,,100.0
,,,,,,100.0
,,,,,,100.0
,,,,,,100.0
,,,,,,100.0
,,,,,,100.0
,,,,,,100.0
,,,,,,100.0
,,,,,,100.0
,,,,,,100.0
,,,,,,100.0
,,,,,,100.0
,,,,,,100.0
,,,,,,100.0
,,,,,,100.0
,,,,,,100.0
,,,,,,100.0
,,,,,,100.0
,,,,,,100.0
,,,,,,100.0
,,,,,,100.0
,,,,,,100.0
,,,,,,100.0
,,,,,,100.0
,,,,,,100.0
,,,,,,100.0
,,,,,,100.0
,,,,,,100.0
,,,,,,100.0
,,,,,,100.0
,,,,,,100.0
,,,,,,100.0
,,,,,,100.0
,,,,,,100.0
,,,,,,100.0
,,,,,,100.0
,,,,,,100.0
,,,,,,100.0
,,,,,,100.0
,,,,,,100.0
,,,,,,100.0
,,,,,,100.0
,,,,,,100.0
,,,,,,100.0
,,,,,,100.0
,,,,,,100.0
,,,,,,100.0
,,,,,,100.0
,,,,,,100.0
,,,,,,100.0
,,,,,,100.0
,,,,,,100.0
,,,,,,100.0
,,,,,,100.0
,,,,,,100.0
,,,,,,100.0
,,,,,,100.0
,,,,,,100.0
,,,,,,100.0
,,,,,,100.0
,,,,,,100.0
,,,,,,100.0
,,,,,,100.0
,,,,,,100.0
,,,,,,100.0
,,,,,,100.0
,,,,,,100.0
,,,,,,100.0
,,,,,,100.0
,,,,,,100.0
,,,,,,100.0
,,,,,,100.0
,,,,,,100.0
,,,,,,100.0
,,,,,,100.0
,,,,,,100.0
,,,,,,100.0
,,,,,,100.0
,,,,,,100.0
,,,,,,100.0
,,,,,,100.0
,,,,,,100.0
,,,,,,100.0
,,,,,,100.0
,,,,,,100.0
,,,,,,100.0
,,,,,,100.0
,,,,,,100.0
,,,,,,100.0
,,,,,,100.0
,,,,,,100.0
,,,,,,100.0
,,,,,,100.0
,,,,,,100.0
,,,,,,100.0
,,,,,,100.0
,,,,,,100.0
,,,,,,100.0
,,,,,,100.0
,,,,,,100.0
,,,,,,100.0
,,,,,,100.0
,,,,,,100.0
,,,,,,100.0
,,,,,,100.0
,,,,,,100.0
,,,,,,100.0
,,,,,,100.0
,,,,,,100.0
,,,,,,100.0
,,,,,,100.0
,,,,,,100.0
,,,,,,100.0
,,,,,,100.0
,,,,,,100.0
,,,,,,100.0
,,,,,,100.0
,,,,,,100.0
,,,,,,100.0
,,,,,,100.0
,,,,,,100.0
,,,,,,100.0
,,,,,,100.0
,,,,,,100.0
,,,,,,100.0
,,,,,,100.0
,,,,,,100.0
,,,,,,100.0
,,,,,,100.0
,,,,,,100.0
,,,,,,100.0
,,,,,,100.0
,,,,,,100.0
,,,,,,100.0
,,,,,,100.0
,,,,,,100.0
,,,,,,100.0
,,,,,,100.0
,,,,,,100.0
,,,,,,100.0
,,,,,,100.0
,,,,,,100.0
,,,,,,100.0
,,,,,,100.0
,,,,,,100.0
,,,,,,100.0
,,,,,,100.0
,,,,,,100.0
,,,,,,100.0
,,,,,,100.0
,,,,,,100.0
,,,,,,100.0
,,,,,,100.0
,,,,,,100.0
,,,,,,100.0
,,,,,,100.0
,,,,,,100.0
,,,,,,100.0
,,,,,,100.0
,,,,,,100.0
,,,,,,100.0
,,,,,,100.0
,,,,,,100.0
,,,,,,100.0
,,,,,,100.0
,,,,,,100.0
,,,,,,100.0
,,,,,,100.0
,,,,,,100.0
,,,,,,100.0
,,,,,,100.0
,,,,,,100.0
,,,,,,100.0
,,,,,,100.0
,,,,,,100.0
,,,,,,100.0
,,,,,,100.0
,,,,,,100.0
,,,,,,100.0
,,,,,,100.0
,,,,,,100.0
,,,,,,100.0
,,,,,,100.0
,,,,,,100.0
,,,,,,100.0
,,,,,,100.0
,,,,,,100.0
,,,,,,100.0
,,,,,,100.0
,,,,,,100.0
,,,,,,100.0
,,,,,,100.0
,,,,,,100.0
,,,,,,100.0
,,,,,,100.0
,,,,,,100.0
,,,,,,100.0
,,,,,,100.0
,,,,,,100.0
,,,,,,100.0
,,,,,,100.0
,,,,,,100.0
,,,,,,100.0
,,,,,,100.0
,,,,,,100.0
,,,,,,100.0
,,,,,,100.0
,,,,,,100.0
,,,,,,100.0
,,,,,,100.0
,,,,,,100.0
,,,,,,100.0
,,,,,,100.0
,,,,,,100.0
,,,,,,100.0
,,,,,,100.0
,,,,,,100.0
,,,,,,100.0
,,,,,,100.0
,,,,,,100.0
,,,,,,100.0
,,,,,,100.0
,,,,,,100.0
,,,,,,100.0
,,,,,,100.0
,,,,,,100.0
,,,,,,100.0
,,,,,,100.0
,,,,,,100.0
,,,,,,100.0
,,,,,,100.0
,,,,,,100.0
,,,,,,100.0
,,,,,,100.0
,,,,,,100.0
,,,,,,100.0
,,,,,,100.0
,,,,,,100.0
,,,,,,100.0
,,,,,,100.0
,,,,,,100.0
,,,,,,100.0
,,,,,,100.0
,,,,,,100.0
,,,,,,100.0
,,,,,,100.0
,,,,,,100.0
,,,,,,100.0
,,,,,,100.0
,,,,,,100.0
,,,,,,100.0
,,,,,,100.0
,,,,,,100.0
,,,,,,100.0
,,,,,,100.0
,,,,,,100.0
,,,,,,100.0
,,,,,,100.0
,,,,,,100.0
,,,,,,100.0
,,,,,,100.0
,,,,,,100.0
,,,,,,100.0
,,,,,,100.0
,,,,,,100.0
,,,,,,100.0
,,,,,,100.0
,,,,,,100.0
,,,,,,100.0
,,,,,,100.0
,,,,,,100.0
,,,,,,100.0
,,,,,,100.0
,,,,,,100.0
,,,,,,100.0
,,,,,,100.0
,,,,,,100.0
,,,,,,100.0
,,,,,,100.0
,,,,,,100.0
,,,,,,100.0
,,,,,,100.0
,,,,,,100.0
,,,,,,100.0
,,,,,,100.0
,,,,,,100.0
,,,,,,100.0
,,,,,,100.0
,,,,,,100.0
,,,,,,100.0
,,,,,,100.0
,,,,,,100.0
,,,,,,100.0
,,,,,,100.0
,,,,,,100.0
,,,,,,100.0
,,,,,,100.0
,,,,,,100.0
,,,,,,100.0
,,,,,,100.0
,,,,,,100.0
,,,,,,100.0
,,,,,,100.0
,,,,,,100.0
,,,,,,100.0
,,,,,,100.0
,,,,,,100.0
,,,,,,100.0
,,,,,,100.0
,,,,,,100.0
,,,,,,100.0
,,,,,,100.0
,,,,,,100.0
,,,,,,100.0
,,,,,,100.0
,,,,,,100.0
,,,,,,100.0
,,,,,,100.0
,,,,,,100.0
,,,,,,100.0
,,,,,,100.0
,,,,,,100.0
,,,,,,100.0
,,,,,,100.0
,,,,,,100.0
,,,,,,100.0
,,,,,,100.0
,,,,,,100.0
,,,,,,100.0
,,,,,,100.0
,,,,,,100.0
,,,,,,100.0
,,,,,,100.0
,,,,,,100.0
,,,,,,100.0
,,,,,,100.0
,,,,,,100.0
,,,,,,100.0
,,,,,,100.0
,,,,,,100.0
,,,,,,100.0
,,,,,,100.0
,,,,,,100.0
,,,,,,100.0
,,,,,,100.0
,,,,,,100.0
,,,,,,100.0
,,,,,,100.0
,,,,,,100.0
,,,,,,100.0
,,,,,,100.0
,,,,,,100.0
,,,,,,100.0
,,,,,,100.0
,,,,,,100.0
,,,,,,100.0
,,,,,,100.0
,,,,,,100.0
,,,,,,100.0
,,,,,,100.0
,,,,,,100.0
,,,,,,100.0
,,,,,,100.0
,,,,,,100.0
,,,,,,100.0
,,,,,,100.0
,,,,,,100.0
,,,,,,100.0
,,,,,,100.0
,,,,,,100.0
,,,,,,100.0
,,,,,,100.0
,,,,,,100.0
,,,,,,100.0
,,,,,,100.0
,,,,,,100.0
,,,,,,100.0
,,,,,,100.0
,,,,,,100.0
,,,,,,100.0
,,,,,,100.0
,,,,,,100.0
,,,,,,100.0
,,,,,,100.0
,,,,,,100.0
,,,,,,100.0
,,,,,,100.0
,,,,,,100.0
,,,,,,100.0
,,,,,,100.0
,,,,,,100.0
,,,,,,100.0
,,,,,,100.0
,,,,,,100.0
,,,,,,100.0
,,,,,,100.0
,,,,,,100.0
,,,,,,100.0
,,,,,,100.0
,,,,,,100.0
,,,,,,100.0
,,,,,,100.0
,,,,,,100.0
,,,,,,100.0
,,,,,,100.0
,,,,,,100.0
,,,,,,100.0
,,,,,,100.0
,,,,,,100.0
,,,,,,100.0
,,,,,,100.0
,,,,,,100.0
,,,,,,100.0
,,,,,,100.0
,,,,,,100.0
,,,,,,100.0
,,,,,,100.0
,,,,,,100.0
,,,,,,100.0
,,,,,,100.0
,,,,,,100.0
,,,,,,100.0
,,,,,,100.0
,,,,,,100.0
,,,,,,100.0
,,,,,,100.0
,,,,,,100.0
,,,,,,100.0
,,,,,,100.0
,,,,,,100.0
,,,,,,100.0
,,,,,,100.0
,,,,,,100.0
,,,,,,100.0
,,,,,,100.0
,,,,,,100.0
,,,,,,100.0
,,,,,,100.0
,,,,,,100.0
,,,,,,100.0
,,,,,,100.0
,,,,,,100.0
,,,,,,100.0
,,,,,,100.0
,,,,,,100.0
,,,,,,100.0
,,,,,,100.0
,,,,,,100.0
,,,,,,100.0
,,,,,,100.0
,,,,,,100.0
,,,,,,100.0
,,,,,,100.0
,,,,,,100.0
,,,,,,100.0
,,,,,,100.0
,,,,,,100.0
,,,,,,100.0
,,,,,,100.0
,,,,,,100.0
,,,,,,100.0
,,,,,,100.0
,,,,,,100.0
,,,,,,100.0
,,,,,,100.0
,,,,,,100.0
,,,,,,100.0
,,,,,,100.0
,,,,,,100.0
,,,,,,100.0
,,,,,,100.0
,,,,,,100.0
,,,,,,100.0
,,,,,,100.0
,,,,,,100.0
,,,,,,100.0
,,,,,,100.0
,,,,,,100.0
,,,,,,100.0
,,,,,,100.0
,,,,,,100.0
,,,,,,100.0
,,,,,,100.0
,,,,,,100.0
,,,,,,100.0
,,,,,,100.0
,,,,,,100.0
,,,,,,100.0
,,,,,,100.0
,,,,,,100.0
,,,,,,100.0
,,,,,,100.0
,,,,,,100.0
,,,,,,100.0
,,,,,,100.0
,,,,,,100.0
,,,,,,100.0
,,,,,,100.0
,,,,,,100.0
,,,,,,100.0
,,,,,,100.0
,,,,,,100.0
,,,,,,100.0
,,,,,,100.0
,,,,,,100.0
,,,,,,100.0
,,,,,,100.0
,,,,,,100.0
,,,,,,100.0
,,,,,,100.0
,,,,,,100.0
,,,,,,100.0
,,,,,,100.0
,,,,,,100.0
,,,,,,100.0
,,,,,,100.0
,,,,,,100.0
,,,,,,100.0
,,,,,,100.0
,,,,,,100.0
,,,,,,100.0
,,,,,,100.0
,,,,,,100.0
,,,,,,100.0
,,,,,,100.0
,,,,,,100.0
,,,,,,100.0
,,,,,,100.0
,,,,,,100.0
,,,,,,100.0
,,,,,,100.0
,,,,,,100.0
,,,,,,100.0
,,,,,,100.0
,,,,,,100.0
,,,,,,100.0
,,,,,,100.0
,,,,,,100.0
,,,,,,100.0
,,,,,,100.0
,,,,,,100.0
,,,,,,100.0
,,,,,,100.0
,,,,,,100.0
,,,,,,100.0
,,,,,,100.0
,,,,,,100.0
,,,,,,100.0
,,,,,,100.0
,,,,,,100.0
,,,,,,100.0
,,,,,,100.0
,,,,,,100.0
,,,,,,100.0
,,,,,,100.0
,,,,,,100.0
,,,,,,100.0
,,,,,,100.0
,,,,,,100.0
,,,,,,100.0
,,,,,,100.0
,,,,,,100.0
,,,,,,100.0
,,,,,,100.0
,,,,,,100.0
,,,,,,100.0
,,,,,,100.0
,,,,,,100.0
,,,,,,100.0
,,,,,,100.0
,,,,,,100.0
,,,,,,100.0
,,,,,,100.0
,,,,,,100.0
,,,,,,100.0
,,,,,,100.0
,,,,,,100.0
,,,,,,100.0
,,,,,,100.0
,,,,,,100.0
,,,,,,100.0
,,,,,,100.0
,,,,,,100.0
,,,,,,100.0
,,,,,,100.0
,,,,,,100.0
,,,,,,100.0
,,,,,,100.0
,,,,,,100.0
,,,,,,100.0
,,,,,,100.0
,,,,,,100.0
,,,,,,100.0
,,,,,,100.0
,,,,,,100.0
,,,,,,100.0
,,,,,,100.0
,,,,,,100.0
,,,,,,100.0
,,,,,,100.0
,,,,,,100.0
,,,,,,100.0
,,,,,,100.0
,,,,,,100.0
,,,,,,100.0
,,,,,,100.0
,,,,,,100.0
,,,,,,100.0
,,,,,,100.0
,,,,,,100.0
,,,,,,100.0
,,,,,,100.0
,,,,,,100.0
,,,,,,100.0
,,,,,,100.0
,,,,,,100.0
,,,,,,100.0
,,,,,,100.0
,,,,,,100.0
,,,,,,100.0
,,,,,,100.0
,,,,,,100.0
,,,,,,100.0
,,,,,,100.0
,,,,,,100.0
,,,,,,100.0
,,,,,,100.0
,,,,,,100.0
,,,,,,100.0
,,,,,,100.0
,,,,,,100.0
,,,,,,100.0
,,,,,,100.0
,,,,,,100.0
,,,,,,100.0
,,,,,,100.0
,,,,,,100.0
,,,,,,100.0
,,,,,,100.0
,,,,,,100.0
,,,,,,100.0
,,,,,,100.0
,,,,,,100.0
,,,,,,100.0
,,,,,,100.0
,,,,,,100.0
,,,,,,100.0
,,,,,,100.0
,,,,,,100.0
,,,,,,100.0
,,,,,,100.0
,,,,,,100.0
,,,,,,100.0
,,,,,,100.0
,,,,,,100.0
,,,,,,100.0
,,,,,,100.0
,,,,,,100.0
,,,,,,100.0
,,,,,,100.0
,,,,,,100.0
,,,,,,100.0
,,,,,,100.0
,,,,,,100.0
,,,,,,100.0
,,,,,,100.0
,,,,,,100.0
,,,,,,100.0
,,,,,,100.0
,,,,,,100.0
,,,,,,100.0
,,,,,,100.0
,,,,,,100.0
,,,,,,100.0
,,,,,,100.0
,,,,,,100.0
,,,,,,100.0
,,,,,,100.0
,,,,,,100.0
,,,,,,100.0
,,,,,,100.0
,,,,,,100.0
,,,,,,100.0
,,,,,,100.0
,,,,,,100.0
,,,,,,100.0
,,,,,,100.0
,,,,,,100.0
,,,,,,100.0
,,,,,,100.0
,,,,,,100.0
,,,,,,100.0
,,,,,,100.0
,,,,,,100.0
,,,,,,100.0
,,,,,,100.0
,,,,,,100.0
,,,,,,100.0
,,,,,,100.0
,,,,,,100.0
,,,,,,100.0
,,,,,,100.0
,,,,,,100.0
,,,,,,100.0
,,,,,,100.0
,,,,,,100.0
,,,,,,100.0
,,,,,,100.0
,,,,,,100.0
,,,,,,100.0
,,,,,,100.0
,,,,,,100.0
,,,,,,100.0
,,,,,,100.0
,,,,,,100.0
,,,,,,100.0
,,,,,,100.0
,,,,,,100.0
,,,,,,100.0
,,,,,,100.0
,,,,,,100.0
,,,,,,100.0
,,,,,,100.0
,,,,,,100.0
,,,,,,100.0
,,,,,,100.0
,,,,,,100.0
,,,,,,100.0
,,,,,,100.0
,,,,,,100.0
,,,,,,100.0
,,,,,,100.0
,,,,,,100.0
,,,,,,100.0
,,,,,,100.0
,,,,,,100.0
,,,,,,100.0
,,,,,,100.0
,,,,,,100.0
,,,,,,100.0
,,,,,,100.0
,,,,,,100.0
,,,,,,100.0
,,,,,,100.0
,,,,,,100.0
,,,,,,100.0
,,,,,,100.0
,,,,,,100.0
,,,,,,100.0
,,,,,,100.0
,,,,,,100.0
,,,,,,100.0
,,,,,,100.0
,,,,,,100.0
,,,,,,100.0
,,,,,,100.0
,,,,,,100.0
,,,,,,100.0
,,,,,,100.0
,,,,,,100.0
,,,,,,100.0
,,,,,,100.0
,,,,,,100.0
,,,,,,100.0
,,,,,,100.0
,,,,,,100.0
,,,,,,100.0
,,,,,,100.0
,,,,,,100.0
,,,,,,100.0
,,,,,,100.0
,,,,,,100.0
,,,,,,100.0
,,,,,,100.0
,,,,,,100.0
,,,,,,100.0
,,,,,,100.0
,,,,,,100.0
,,,,,,100.0
,,,,,,100.0
,,,,,,100.0
,,,,,,100.0
,,,,,,100.0
,,,,,,100.0
,,,,,,100.0
,,,,,,100.0
,,,,,,100.0
,,,,,,100.0
,,,,,,100.0
,,,,,,100.0
,,,,,,100.0
,,,,,,100.0
,,,,,,100.0
,,,,,,100.0
,,,,,,100.0
,,,,,,100.0
,,,,,,100.0
,,,,,,100.0
,,,,,,100.0
,,,,,,100.0
,,,,,,100.0
,,,,,,100.0
,,,,,,100.0
,,,,,,100.0
,,,,,,100.0
,,,,,,100.0
,,,,,,100.0
,,,,,,100.0
,,,,,,100.0
,,,,,,100.0
,,,,,,100.0
,,,,,,100.0
,,,,,,100.0
,,,,,,100.0
,,,,,,100.0
,,,,,,100.0
,,,,,,100.0
,,,,,,100.0
,,,,,,100.0
,,,,,,100.0
,,,,,,100.0
,,,,,,100.0
,,,,,,100.0
,,,,,,100.0
,,,,,,100.0
,,,,,,100.0
,,,,,,100.0
,,,,,,100.0
,,,,,,100.0
,,,,,,100.0
,,,,,,100.0
,,,,,,100.0
,,,,,,100.0
,,,,,,100.0
,,,,,,100.0
,,,,,,100.0
,,,,,,100.0
,,,,,,100.0
,,,,,,100.0
,,,,,,100.0
,,,,,,100.0
,,,,,,100.0
,,,,,,100.0
,,,,,,100.0
,,,,,,100.0
,,,,,,100.0
,,,,,,100.0
,,,,,,100.0
,,,,,,100.0
,,,,,,100.0
,,,,,,100.0
,,,,,,100.0
,,,,,,100.0
,,,,,,100.0
,,,,,,100.0
,,,,,,100.0
,,,,,,100.0
,,,,,,100.0
,,,,,,100.0
,,,,,,100.0
,,,,,,100.0
,,,,,,100.0
,,,,,,100.0
,,,,,,100.0
,,,,,,100.0
,,,,,,100.0
,,,,,,100.0
,,,,,,100.0
,,,,,,100.0
,,,,,,100.0
,,,,,,100.0
,,,,,,100.0
,,,,,,100.0
,,,,,,100.0
,,,,,,100.0
,,,,,,100.0
,,,,,,100.0
,,,,,,100.0
,,,,,,100.0
,,,,,,100.0
,,,,,,100.0
,,,,,,100.0
,,,,,,100.0
,,,,,,100.0
,,,,,,100.0
,,,,,,100.0
,,,,,,100.0
,,,,,,100.0
,,,,,,100.0
,,,,,,100.0
,,,,,,100.0
,,,,,,100.0
,,,,,,100.0
,,,,,,100.0
,,,,,,100.0
,,,,,,100.0
,,,,,,100.0
,,,,,,100.0
,,,,,,100.0
,,,,,,100.0
,,,,,,100.0
,,,,,,100.0
,,,,,,100.0
,,,,,,100.0
,,,,,,100.0
,,,,,,100.0
,,,,,,100.0
,,,,,,100.0
,,,,,,100.0
,,,,,,100.0
,,,,,,100.0
,,,,,,100.0
,,,,,,100.0
,,,,,,100.0
,,,,,,100.0
,,,,,,100.0
,,,,,,100.0
,,,,,,100.0
,,,,,,100.0
,,,,,,100.0
,,,,,,100.0
,,,,,,100.0
,,,,,,100.0
,,,,,,100.0
,,,,,,100.0
,,,,,,100.0
,,,,,,100.0
,,,,,,100.0
,,,,,,100.0
,,,,,,100.0
,,,,,,100.0
,,,,,,100.0
,,,,,,100.0
,,,,,,100.0
,,,,,,100.0
,,,,,,100.0
,,,,,,100.0
,,,,,,100.0
,,,,,,100.0
,,,,,,100.0
,,,,,,100.0
,,,,,,100.0
,,,,,,100.0
,,,,,,100.0
,,,,,,100.0
,,,,,,100.0
,,,,,,100.0
,,,,,,100.0
,,,,,,100.0
,,,,,,100.0
,,,,,,100.0
,,,,,,100.0
,,,,,,100.0
,,,,,,100.0
,,,,,,100.0
,,,,,,100.0
,,,,,,100.0
,,,,,,100.0
,,,,,,100.0
,,,,,,100.0
,,,,,,100.0
,,,,,,100.0
,,,,,,100.0
,,,,,,100.0
,,,,,,100.0
,,,,,,100.0
,,,,,,100.0
,,,,,,100.0
,,,,,,100.0
,,,,,,100.0
,,,,,,100.0
,,,,,,100.0
,,,,,,100.0
,,,,,,100.0
,,,,,,100.0
,,,,,,100.0
,,,,,,100.0
,,,,,,100.0
,,,,,,100.0
,,,,,,100.0
,,,,,,100.0
,,,,,,100.0
,,,,,,100.0
,,,,,,100.0
,,,,,,100.0
,,,,,,100.0
,,,,,,100.0
,,,,,,100.0
,,,,,,100.0
,,,,,,100.0
,,,,,,100.0
,,,,,,100.0
,,,,,,100.0
,,,,,,100.0
,,,,,,100.0
,,,,,,100.0
,,,,,,100.0
,,,,,,100.0
,,,,,,100.0
,,,,,,100.0
,,,,,,100.0
,,,,,,100.0
,,,,,,100.0
,,,,,,100.0
,,,,,,100.0
,,,,,,100.0
,,,,,,100.0
,,,,,,100.0
,,,,,,100.0
,,,,,,100.0
,,,,,,100.0
,,,,,,100.0
,,,,,,100.0
,,,,,,100.0
,,,,,,100.0
,,,,,,100.0
,,,,,,100.0
,,,,,,100.0
,,,,,,100.0
,,,,,,100.0
,,,,,,100.0
,,,,,,100.0
,,,,,,100.0
,,,,,,100.0
,,,,,,100.0
,,,,,,100.0
,,,,,,100.0
,,,,,,100.0
,,,,,,100.0
,,,,,,100.0
,,,,,,100.0
,,,,,,100.0
,,,,,,100.0
,,,,,,100.0
,,,,,,100.0
,,,,,,100.0
,,,,,,100.0
,,,,,,100.0
,,,,,,100.0
,,,,,,100.0
,,,,,,100.0
,,,,,,100.0
,,,,,,100.0
,,,,,,100.0
,,,,,,100.0
,,,,,,100.0
,,,,,,100.0
,,,,,,100.0
,,,,,,100.0
,,,,,,100.0
,,,,,,100.0
,,,,,,100.0
,,,,,,100.0
,,,,,,100.0
,,,,,,100.0
,,,,,,100.0
,,,,,,100.0
,,,,,,100.0
,,,,,,100.0
,,,,,,100.0
,,,,,,100.0
,,,,,,100.0
,,,,,,100.0
,,,,,,100.0
,,,,,,100.0
,,,,,,100.0
,,,,,,100.0
,,,,,,100.0
,,,,,,100.0
,,,,,,100.0
,,,,,,100.0
,,,,,,100.0
,,,,,,100.0
,,,,,,100.0
,,,,,,100.0
,,,,,,100.0
,,,,,,100.0
,,,,,,100.0
,,,,,,100.0
,,,,,,100.0
,,,,,,100.0
,,,,,,100.0
,,,,,,100.0
,,,,,,100.0
,,,,,,100.0
,,,,,,100.0
,,,,,,100.0
,,,,,,100.0
,,,,,,100.0
,,,,,,100.0
,,,,,,100.0
,,,,,,100.0
,,,,,,100.0
,,,,,,100.0
,,,,,,100.0
,,,,,,100.0
,,,,,,100.0
,,,,,,100.0
,,,,,,100.0
,,,,,,100.0
,,,,,,100.0
,,,,,,100.0
,,,,,,100.0
,,,,,,100.0
,,,,,,100.0
,,,,,,100.0
,,,,,,100.0
,,,,,,100.0
,,,,,,100.0
,,,,,,100.0
,,,,,,100.0
,,,,,,100.0
,,,,,,100.0
,,,,,,100.0
,,,,,,100.0
,,,,,,100.0
,,,,,,100.0
,,,,,,100.0
,,,,,,100.0
,,,,,,100.0
,,,,,,100.0
,,,,,,100.0
,,,,,,100.0
,,,,,,100.0
,,,,,,100.0
,,,,,,100.0
,,,,,,100.0
,,,,,,100.0
,,,,,,100.0
,,,,,,100.0
,,,,,,100.0
,,,,,,100.0
,,,,,,100.0
,,,,,,100.0
,,,,,,100.0
,,,,,,100.0
,,,,,,100.0
,,,,,,100.0
,,,,,,100.0
,,,,,,100.0
,,,,,,100.0
,,,,,,100.0
,,,,,,100.0
,,,,,,100.0
,,,,,,100.0
,,,,,,100.0
,,,,,,100.0
,,,,,,100.0
,,,,,,100.0
,,,,,,100.0
,,,,,,100.0
,,,,,,100.0
,,,,,,100.0
,,,,,,100.0
,,,,,,100.0
,,,,,,100.0
,,,,,,100.0
,,,,,,100.0
,,,,,,100.0
,,,,,,100.0
,,,,,,100.0
,,,,,,100.0
,,,,,,100.0
,,,,,,100.0
,,,,,,100.0
,,,,,,100.0
,,,,,,100.0
,,,,,,100.0
,,,,,,100.0
,,,,,,100.0
,,,,,,100.0
,,,,,,100.0
,,,,,,100.0
,,,,,,100.0
,,,,,,100.0
,,,,,,100.0
,,,,,,100.0
,,,,,,100.0
,,,,,,100.0
,,,,,,100.0
,,,,,,100.0
,,,,,,100.0
,,,,,,100.0
,,,,,,100.0
,,,,,,100.0
,,,,,,100.0
,,,,,,100.0
,,,,,,100.0
,,,,,,100.0
,,,,,,100.0
,,,,,,100.0
,,,,,,100.0
,,,,,,100.0
,,,,,,100.0
,,,,,,100.0
,,,,,,100.0
,,,,,,100.0
,,,,,,100.0
,,,,,,100.0
,,,,,,100.0
,,,,,,100.0
,,,,,,100.0
,,,,,,100.0
,,,,,,100.0
,,,,,,100.0
,,,,,,100.0
,,,,,,100.0
,,,,,,100.0
,,,,,,100.0
,,,,,,100.0
,,,,,,100.0
,,,,,,100.0
,,,,,,100.0
,,,,,,100.0
,,,,,,100.0
,,,,,,100.0
,,,,,,100.0
,,,,,,100.0
,,,,,,100.0
,,,,,,100.0
,,,,,,100.0
,,,,,,100.0
,,,,,,100.0
,,,,,,100.0
,,,,,,100.0
,,,,,,100.0
,,,,,,100.0
,,,,,,100.0
,,,,,,100.0
,,,,,,100.0
,,,,,,100.0
,,,,,,100.0
,,,,,,100.0
,,,,,,100.0
,,,,,,100.0
,,,,,,100.0
,,,,,,100.0
,,,,,,100.0
,,,,,,100.0
,,,,,,100.0
,,,,,,100.0
,,,,,,100.0
,,,,,,100.0
,,,,,,100.0
,,,,,,100.0
,,,,,,100.0
,,,,,,100.0
,,,,,,100.0
,,,,,,100.0
,,,,,,100.0
,,,,,,100.0
,,,,,,100.0
,,,,,,100.0
,,,,,,100.0
,,,,,,100.0
,,,,,,100.0
,,,,,,100.0
,,,,,,100.0
,,,,,,100.0
,,,,,,100.0
,,,,,,100.0
,,,,,,100.0
,,,,,,100.0
,,,,,,100.0
,,,,,,100.0
,,,,,,100.0
,,,,,,100.0
,,,,,,100.0
,,,,,,100.0
,,,,,,100.0
,,,,,,100.0
,,,,,,100.0
,,,,,,100.0
,,,,,,100.0
,,,,,,100.0
,,,,,,100.0
,,,,,,100.0
,,,,,,100.0
,,,,,,100.0
,,,,,,100.0
,,,,,,100.0
,,,,,,100.0
,,,,,,100.0
,,,,,,100.0
,,,,,,100.0
,,,,,,100.0
,,,,,,100.0
,,,,,,100.0
,,,,,,100.0
,,,,,,100.0
,,,,,,100.0
,,,,,,100.0
,,,,,,100.0
,,,,,,100.0
,,,,,,100.0
,,,,,,100.0
,,,,,,100.0
,,,,,,100.0
,,,,,,100.0
,,,,,,100.0
,,,,,,100.0
,,,,,,100.0
,,,,,,100.0
,,,,,,100.0
,,,,,,100.0
,,,,,,100.0
,,,,,,100.0
,,,,,,100.0
,,,,,,100.0
,,,,,,100.0
,,,,,,100.0
,,,,,,100.0
,,,,,,100.0
,,,,,,100.0
,,,,,,100.0
,,,,,,100.0
,,,,,,100.0
,,,,,,100.0
,,,,,,100.0
,,,,,,100.0
,,,,,,100.0
,,,,,,100.0
,,,,,,100.0
,,,,,,100.0
,,,,,,100.0
,,,,,,100.0
,,,,,,100.0
,,,,,,100.0
,,,,,,100.0
,,,,,,100.0
,,,,,,100.0
,,,,,,100.0
,,,,,,100.0
,,,,,,100.0
,,,,,,100.0
,,,,,,100.0
,,,,,,100.0
,,,,,,100.0
,,,,,,100.0
,,,,,,100.0
,,,,,,100.0
,,,,,,100.0
,,,,,,100.0
,,,,,,100.0
,,,,,,100.0
,,,,,,100.0
,,,,,,100.0
,,,,,,100.0
,,,,,,100.0
,,,,,,100.0
,,,,,,100.0
,,,,,,100.0
,,,,,,100.0
,,,,,,100.0
,,,,,,100.0
,,,,,,100.0
,,,,,,100.0
,,,,,,100.0
,,,,,,100.0
,,,,,,100.0
,,,,,,100.0
,,,,,,100.0
,,,,,,100.0
,,,,,,100.0
,,,,,,100.0
,,,,,,100.0
,,,,,,100.0
,,,,,,100.0
,,,,,,100.0
,,,,,,100.0
,,,,,,100.0
,,,,,,100.0
,,,,,,100.0
,,,,,,100.0
,,,,,,100.0
,,,,,,100.0
,,,,,,100.0
,,,,,,100.0
,,,,,,100.0
,,,,,,100.0
,,,,,,100.0
,,,,,,100.0
,,,,,,100.0
,,,,,,100.0
,,,,,,100.0
,,,,,,100.0
,,,,,,100.0
,,,,,,100.0
,,,,,,100.0
,,,,,,100.0
,,,,,,100.0
,,,,,,100.0
,,,,,,100.0
,,,,,,100.0
,,,,,,100.0
,,,,,,100.0
,,,,,,100.0
,,,,,,100.0
,,,,,,100.0
,,,,,,100.0
,,,,,,100.0
,,,,,,100.0
,,,,,,100.0
,,,,,,100.0
,,,,,,100.0
,,,,,,100.0
,,,,,,100.0
,,,,,,100.0
,,,,,,100.0
,,,,,,100.0
,,,,,,100.0
,,,,,,100.0
,,,,,,100.0
,,,,,,100.0
,,,,,,100.0
,,,,,,100.0
,,,,,,100.0
,,,,,,100.0
,,,,,,100.0
,,,,,,100.0
,,,,,,100.0
,,,,,,100.0
,,,,,,100.0
,,,,,,100.0
,,,,,,100.0
,,,,,,100.0
,,,,,,100.0
,,,,,,100.0
,,,,,,100.0
,,,,,,100.0
,,,,,,100.0
,,,,,,100.0
,,,,,,100.0
,,,,,,100.0
,,,,,,100.0
,,,,,,100.0
,,,,,,100.0
,,,,,,100.0
,,,,,,100.0
,,,,,,100.0
,,,,,,100.0
,,,,,,100.0
,,,,,,100.0
,,,,,,100.0
,,,,,,100.0
,,,,,,100.0
,,,,,,100.0
,,,,,,100.0
,,,,,,100.0
,,,,,,100.0
,,,,,,100.0
,,,,,,100.0
,,,,,,100.0
,,,,,,100.0
,,,,,,100.0
,,,,,,100.0
,,,,,,100.0
,,,,,,100.0
,,,,,,100.0
,,,,,,100.0
,,,,,,100.0
,,,,,,100.0
,,,,,,100.0
,,,,,,100.0
,,,,,,100.0
,,,,,,100.0
,,,,,,100.0
,,,,,,100.0
,,,,,,100.0
,,,,,,100.0
,,,,,,100.0
,,,,,,100.0
,,,,,,100.0
,,,,,,100.0
,,,,,,100.0
,,,,,,100.0
,,,,,,100.0
,,,,,,100.0
,,,,,,100.0
,,,,,,100.0
,,,,,,100.0
,,,,,,100.0
,,,,,,100.0
,,,,,,100.0
,,,,,,100.0
,,,,,,100.0
,,,,,,100.0
,,,,,,100.0
,,,,,,100.0
,,,,,,100.0
,,,,,,100.0
,,,,,,100.0
,,,,,,100.0
,,,,,,100.0
,,,,,,100.0
,,,,,,100.0
,,,,,,100.0
,,,,,,100.0
,,,,,,100.0
,,,,,,100.0
,,,,,,100.0
,,,,,,100.0
,,,,,,100.0
,,,,,,100.0
,,,,,,100.0
,,,,,,100.0
,,,,,,100.0
,,,,,,100.0
,,,,,,100.0
,,,,,,100.0
,,,,,,100.0
,,,,,,100.0
,,,,,,100.0
,,,,,,100.0
,,,,,,100.0
,,,,,,100.0
,,,,,,100.0
,,,,,,100.0
,,,,,,100.0
,,,,,,100.0
,,,,,,100.0
,,,,,,100.0
,,,,,,100.0
,,,,,,100.0
,,,,,,100.0
,,,,,,100.0
,,,,,,100.0
,,,,,,100.0
,,,,,,100.0
,,,,,,100.0
,,,,,,100.0
,,,,,,100.0
,,,,,,100.0
,,,,,,100.0
,,,,,,100.0
,,,,,,100.0
,,,,,,100.0
,,,,,,100.0
,,,,,,100.0
,,,,,,100.0
,,,,,,100.0
,,,,,,100.0
,,,,,,100.0
,,,,,,100.0
,,,,,,100.0
,,,,,,100.0
,,,,,,100.0
,,,,,,100.0
,,,,,,100.0
,,,,,,100.0
,,,,,,100.0
,,,,,,100.0
,,,,,,100.0
,,,,,,100.0
,,,,,,100.0
,,,,,,100.0
,,,,,,100.0
,,,,,,100.0
,,,,,,100.0
,,,,,,100.0
,,,,,,100.0
,,,,,,100.0
,,,,,,100.0
,,,,,,100.0
,,,,,,100.0
,,,,,,100.0
,,,,,,100.0
,,,,,,100.0
,,,,,,100.0
,,,,,,100.0
,,,,,,100.0
,,,,,,100.0
,,,,,,100.0
,,,,,,100.0
,,,,,,100.0
,,,,,,100.0
,,,,,,100.0
,,,,,,100.0
,,,,,,100.0
,,,,,,100.0
,,,,,,100.0
,,,,,,100.0
,,,,,,100.0
,,,,,,100.0
,,,,,,100.0
,,,,,,100.0
,,,,,,100.0
,,,,,,100.0
,,,,,,100.0
,,,,,,100.0
,,,,,,100.0
,,,,,,100.0
,,,,,,100.0
,,,,,,100.0
,,,,,,100.0
,,,,,,100.0
,,,,,,100.0
,,,,,,100.0
,,,,,,100.0
,,,,,,100.0
,,,,,,100.0
,,,,,,100.0
,,,,,,100.0
,,,,,,100.0
,,,,,,100.0
,,,,,,100.0
,,,,,,100.0
,,,,,,100.0
,,,,,,100.0
,,,,,,100.0
,,,,,,100.0
,,,,,,100.0
,,,,,,100.0
,,,,,,100.0
,,,,,,100.0
,,,,,,100.0
,,,,,,100.0
,,,,,,100.0
,,,,,,100.0
,,,,,,100.0
,,,,,,100.0
,,,,,,100.0
,,,,,,100.0
,,,,,,100.0
,,,,,,100.0
,,,,,,100.0
,,,,,,100.0
,,,,,,100.0
,,,,,,100.0
,,,,,,100.0
,,,,,,100.0
,,,,,,100.0
,,,,,,100.0
,,,,,,100.0
,,,,,,100.0
,,,,,,100.0
,,,,,,100.0
,,,,,,100.0
,,,,,,100.0
,,,,,,100.0
,,,,,,100.0
,,,,,,100.0
,,,,,,100.0
,,,,,,100.0
,,,,,,100.0
,,,,,,100.0
,,,,,,100.0
,,,,,,100.0
,,,,,,100.0
,,,,,,100.0
,,,,,,100.0
,,,,,,100.0
,,,,,,100.0
,,,,,,100.0
,,,,,,100.0
,,,,,,100.0
,,,,,,100.0
,,,,,,100.0
,,,,,,100.0
,,,,,,100.0
,,,,,,100.0
,,,,,,100.0
,,,,,,100.0
,,,,,,100.0
,,,,,,100.0
,,,,,,100.0
,,,,,,100.0
,,,,,,100.0
,,,,,,100.0
,,,,,,100.0
,,,,,,100.0
,,,,,,100.0
,,,,,,100.0
,,,,,,100.0
,,,,,,100.0
,,,,,,100.0
,,,,,,100.0
,,,,,,100.0
,,,,,,100.0
,,,,,,100.0
,,,,,,100.0
,,,,,,100.0
,,,,,,100.0
,,,,,,100.0
,,,,,,100.0
,,,,,,100.0
,,,,,,100.0
,,,,,,100.0
,,,,,,100.0
,,,,,,100.0
,,,,,,100.0
,,,,,,100.0
,,,,,,100.0
,,,,,,100.0
,,,,,,100.0
,,,,,,100.0
,,,,,,100.0
,,,,,,100.0
,,,,,,100.0
,,,,,,100.0
,,,,,,100.0
,,,,,,100.0
,,,,,,100.0
,,,,,,100.0
,,,,,,100.0
,,,,,,100.0
,,,,,,100.0
,,,,,,100.0
,,,,,,100.0
,,,,,,100.0
,,,,,,100.0
,,,,,,100.0
,,,,,,100.0
,,,,,,100.0
,,,,,,100.0
,,,,,,100.0
,,,,,,100.0
,,,,,,100.0
,,,,,,100.0
,,,,,,100.0
,,,,,,100.0
,,,,,,100.0
,,,,,,100.0
,,,,,,100.0
,,,,,,100.0
,,,,,,100.0
,,,,,,100.0
,,,,,,100.0
,,,,,,100.0
,,,,,,100.0
,,,,,,100.0
,,,,,,100.0
,,,,,,100.0
,,,,,,100.0
,,,,,,100.0
,,,,,,100.0
,,,,,,100.0
,,,,,,100.0
,,,,,,100.0
,,,,,,100.0
,,,,,,100.0
,,,,,,100.0
,,,,,,100.0
,,,,,,100.0
,,,,,,100.0
,,,,,,100.0
,,,,,,100.0
,,,,,,100.0
,,,,,,100.0
,,,,,,100.0
,,,,,,100.0
,,,,,,100.0
,,,,,,100.0
,,,,,,100.0
,,,,,,100.0
,,,,,,100.0
,,,,,,100.0
,,,,,,100.0
,,,,,,100.0
,,,,,,100.0
,,,,,,100.0
,,,,,,100.0
,,,,,,100.0
,,,,,,100.0
,,,,,,100.0
,,,,,,100.0
,,,,,,100.0
,,,,,,100.0
,,,,,,100.0
,,,,,,100.0
,,,,,,100.0
,,,,,,100.0
,,,,,,100.0
,,,,,,100.0
,,,,,,100.0
,,,,,,100.0
,,,,,,100.0
,,,,,,100.0
,,,,,,100.0
,,,,,,100.0
,,,,,,100.0
,,,,,,100.0
,,,,,,100.0
,,,,,,100.0
,,,,,,100.0
,,,,,,100.0
,,,,,,100.0
,,,,,,100.0
,,,,,,100.0
,,,,,,100.0
,,,,,,100.0
,,,,,,100.0
,,,,,,100.0
,,,,,,100.0
BS1002,3.0,600.0,20.0,9.0,47.0,0.0
BS1002,3.0,499.0,27.0,8.0,42.0,0.0
BS1003,4.0,670.0,29.0,9.0,60.0,0.0
